/*
 Navicat Premium Data Transfer

 Source Server         : localhost
 Source Server Type    : MySQL
 Source Server Version : 80003
 Source Host           : localhost:3306
 Source Schema         : ry

 Target Server Type    : MySQL
 Target Server Version : 80003
 File Encoding         : 65001

 Date: 18/01/2020 14:29:41
*/

SET NAMES utf8mb4;
SET FOREIGN_KEY_CHECKS = 0;

-- ----------------------------
-- Table structure for etc_toll_demo
-- ----------------------------
DROP TABLE IF EXISTS `etc_toll_demo`;
CREATE TABLE `etc_toll_demo`  (
  `id` varchar(32) CHARACTER SET utf8 COLLATE utf8_general_ci NOT NULL COMMENT '编号',
  `name` varchar(255) CHARACTER SET utf8 COLLATE utf8_general_ci NOT NULL COMMENT '名称',
  `phone` varchar(50) CHARACTER SET utf8 COLLATE utf8_general_ci NOT NULL COMMENT '手机号',
  `email` varchar(50) CHARACTER SET utf8 COLLATE utf8_general_ci NOT NULL COMMENT '邮箱',
  `age` int(11) NOT NULL COMMENT '年龄',
  `sex` varchar(50) CHARACTER SET utf8 COLLATE utf8_general_ci NOT NULL COMMENT '性别',
  `service_file` varchar(500) CHARACTER SET utf8 COLLATE utf8_general_ci NOT NULL COMMENT '业务附件',
  `about_file` varchar(500) CHARACTER SET utf8 COLLATE utf8_general_ci NOT NULL COMMENT '相关附件',
  `create_time` datetime(0) NULL DEFAULT NULL COMMENT '创建时间',
  `create_user_id` int(11) NULL DEFAULT NULL COMMENT '创建用户id',
  `update_time` datetime(0) NULL DEFAULT NULL COMMENT '修改时间',
  `update_user_id` int(11) NULL DEFAULT NULL COMMENT '修改用户id',
  `del` int(4) NULL DEFAULT NULL COMMENT '是否删除(0.未删除  1.已删除)',
  `remark` varchar(50) CHARACTER SET utf8 COLLATE utf8_general_ci NULL DEFAULT NULL COMMENT '备注',
  PRIMARY KEY (`id`) USING BTREE
) ENGINE = InnoDB CHARACTER SET = utf8 COLLATE = utf8_general_ci COMMENT = '停车场Demo表' ROW_FORMAT = Dynamic;

-- ----------------------------
-- Table structure for etc_toll_test
-- ----------------------------
DROP TABLE IF EXISTS `etc_toll_test`;
CREATE TABLE `etc_toll_test`  (
  `id` varchar(32) CHARACTER SET utf8 COLLATE utf8_general_ci NOT NULL COMMENT '编号',
  `name` varchar(255) CHARACTER SET utf8 COLLATE utf8_general_ci NOT NULL COMMENT '名称',
  `phone` varchar(50) CHARACTER SET utf8 COLLATE utf8_general_ci NOT NULL COMMENT '手机号',
  `email` varchar(50) CHARACTER SET utf8 COLLATE utf8_general_ci NOT NULL COMMENT '邮箱',
  `age` int(11) NOT NULL COMMENT '年龄',
  `sex` varchar(50) CHARACTER SET utf8 COLLATE utf8_general_ci NOT NULL COMMENT '性别',
  `about_file` varchar(500) CHARACTER SET utf8 COLLATE utf8_general_ci NOT NULL COMMENT '相关附件',
  `create_time` datetime(0) NULL DEFAULT NULL COMMENT '创建时间',
  `create_user_id` int(11) NULL DEFAULT NULL COMMENT '创建用户id',
  `update_time` datetime(0) NULL DEFAULT NULL COMMENT '修改时间',
  `update_user_id` int(11) NULL DEFAULT NULL COMMENT '修改用户id',
  `del` int(4) NULL DEFAULT NULL COMMENT '是否删除(0.未删除  1.已删除)',
  `remark` varchar(50) CHARACTER SET utf8 COLLATE utf8_general_ci NULL DEFAULT NULL COMMENT '备注',
  PRIMARY KEY (`id`) USING BTREE
) ENGINE = InnoDB CHARACTER SET = utf8 COLLATE = utf8_general_ci COMMENT = '停车场测试表' ROW_FORMAT = Dynamic;

-- ----------------------------
-- Table structure for gen_table
-- ----------------------------
DROP TABLE IF EXISTS `gen_table`;
CREATE TABLE `gen_table`  (
  `table_id` bigint(20) NOT NULL AUTO_INCREMENT COMMENT '编号',
  `table_name` varchar(200) CHARACTER SET utf8 COLLATE utf8_general_ci NULL DEFAULT '' COMMENT '表名称',
  `table_comment` varchar(500) CHARACTER SET utf8 COLLATE utf8_general_ci NULL DEFAULT '' COMMENT '表描述',
  `class_name` varchar(100) CHARACTER SET utf8 COLLATE utf8_general_ci NULL DEFAULT '' COMMENT '实体类名称',
  `tpl_category` varchar(200) CHARACTER SET utf8 COLLATE utf8_general_ci NULL DEFAULT 'crud' COMMENT '使用的模板（crud单表操作 tree树表操作）',
  `package_name` varchar(100) CHARACTER SET utf8 COLLATE utf8_general_ci NULL DEFAULT NULL COMMENT '生成包路径',
  `module_name` varchar(30) CHARACTER SET utf8 COLLATE utf8_general_ci NULL DEFAULT NULL COMMENT '生成模块名',
  `business_name` varchar(30) CHARACTER SET utf8 COLLATE utf8_general_ci NULL DEFAULT NULL COMMENT '生成业务名',
  `function_name` varchar(50) CHARACTER SET utf8 COLLATE utf8_general_ci NULL DEFAULT NULL COMMENT '生成功能名',
  `function_author` varchar(50) CHARACTER SET utf8 COLLATE utf8_general_ci NULL DEFAULT NULL COMMENT '生成功能作者',
  `options` varchar(1000) CHARACTER SET utf8 COLLATE utf8_general_ci NULL DEFAULT NULL COMMENT '其它生成选项',
  `create_by` varchar(64) CHARACTER SET utf8 COLLATE utf8_general_ci NULL DEFAULT '' COMMENT '创建者',
  `create_time` datetime(0) NULL DEFAULT NULL COMMENT '创建时间',
  `update_by` varchar(64) CHARACTER SET utf8 COLLATE utf8_general_ci NULL DEFAULT '' COMMENT '更新者',
  `update_time` datetime(0) NULL DEFAULT NULL COMMENT '更新时间',
  `remark` varchar(500) CHARACTER SET utf8 COLLATE utf8_general_ci NULL DEFAULT NULL COMMENT '备注',
  PRIMARY KEY (`table_id`) USING BTREE
) ENGINE = InnoDB AUTO_INCREMENT = 5 CHARACTER SET = utf8 COLLATE = utf8_general_ci COMMENT = '代码生成业务表' ROW_FORMAT = Dynamic;

-- ----------------------------
-- Records of gen_table
-- ----------------------------
INSERT INTO `gen_table` VALUES (3, 'etc_toll_test', '停车场测试表', 'EtcTollTest', 'crud', 'com.ruoyi.system', 'system', 'test', '停车场测试', 'ruoyi', NULL, 'admin', '2020-01-06 10:41:43', '', NULL, NULL);
INSERT INTO `gen_table` VALUES (4, 'sys_file_info', '附件信息表', 'SysFileInfo', 'crud', 'com.ruoyi.system', 'system', 'info', '附件信息', 'ruoyi', NULL, 'admin', '2020-01-06 16:50:04', '', NULL, NULL);
INSERT INTO `gen_table` VALUES (6, 'etc_toll_demo', '停车场Demo表', 'EtcTollDemo', 'crud', 'com.ruoyi.etc.toll', 'etc', 'demo', '停车场Demo', 'yangjie', '{\"treeName\":\"\",\"treeParentCode\":\"\",\"treeCode\":\"\"}', 'admin', '2020-01-18 09:59:12', '', '2020-01-18 10:25:20', '');

-- ----------------------------
-- Table structure for gen_table_column
-- ----------------------------
DROP TABLE IF EXISTS `gen_table_column`;
CREATE TABLE `gen_table_column`  (
  `column_id` bigint(20) NOT NULL AUTO_INCREMENT COMMENT '编号',
  `table_id` varchar(64) CHARACTER SET utf8 COLLATE utf8_general_ci NULL DEFAULT NULL COMMENT '归属表编号',
  `column_name` varchar(200) CHARACTER SET utf8 COLLATE utf8_general_ci NULL DEFAULT NULL COMMENT '列名称',
  `column_comment` varchar(500) CHARACTER SET utf8 COLLATE utf8_general_ci NULL DEFAULT NULL COMMENT '列描述',
  `column_type` varchar(100) CHARACTER SET utf8 COLLATE utf8_general_ci NULL DEFAULT NULL COMMENT '列类型',
  `java_type` varchar(500) CHARACTER SET utf8 COLLATE utf8_general_ci NULL DEFAULT NULL COMMENT 'JAVA类型',
  `java_field` varchar(200) CHARACTER SET utf8 COLLATE utf8_general_ci NULL DEFAULT NULL COMMENT 'JAVA字段名',
  `is_pk` char(1) CHARACTER SET utf8 COLLATE utf8_general_ci NULL DEFAULT NULL COMMENT '是否主键（1是）',
  `is_increment` char(1) CHARACTER SET utf8 COLLATE utf8_general_ci NULL DEFAULT NULL COMMENT '是否自增（1是）',
  `is_required` char(1) CHARACTER SET utf8 COLLATE utf8_general_ci NULL DEFAULT NULL COMMENT '是否必填（1是）',
  `is_insert` char(1) CHARACTER SET utf8 COLLATE utf8_general_ci NULL DEFAULT NULL COMMENT '是否为插入字段（1是）',
  `is_edit` char(1) CHARACTER SET utf8 COLLATE utf8_general_ci NULL DEFAULT NULL COMMENT '是否编辑字段（1是）',
  `is_list` char(1) CHARACTER SET utf8 COLLATE utf8_general_ci NULL DEFAULT NULL COMMENT '是否列表字段（1是）',
  `is_query` char(1) CHARACTER SET utf8 COLLATE utf8_general_ci NULL DEFAULT NULL COMMENT '是否查询字段（1是）',
  `query_type` varchar(200) CHARACTER SET utf8 COLLATE utf8_general_ci NULL DEFAULT 'EQ' COMMENT '查询方式（等于、不等于、大于、小于、范围）',
  `html_type` varchar(200) CHARACTER SET utf8 COLLATE utf8_general_ci NULL DEFAULT NULL COMMENT '显示类型（文本框、文本域、下拉框、复选框、单选框、日期控件）',
  `dict_type` varchar(200) CHARACTER SET utf8 COLLATE utf8_general_ci NULL DEFAULT '' COMMENT '字典类型',
  `sort` int(11) NULL DEFAULT NULL COMMENT '排序',
  `create_by` varchar(64) CHARACTER SET utf8 COLLATE utf8_general_ci NULL DEFAULT '' COMMENT '创建者',
  `create_time` datetime(0) NULL DEFAULT NULL COMMENT '创建时间',
  `update_by` varchar(64) CHARACTER SET utf8 COLLATE utf8_general_ci NULL DEFAULT '' COMMENT '更新者',
  `update_time` datetime(0) NULL DEFAULT NULL COMMENT '更新时间',
  PRIMARY KEY (`column_id`) USING BTREE
) ENGINE = InnoDB AUTO_INCREMENT = 43 CHARACTER SET = utf8 COLLATE = utf8_general_ci COMMENT = '代码生成业务表字段' ROW_FORMAT = Dynamic;

-- ----------------------------
-- Records of gen_table_column
-- ----------------------------
INSERT INTO `gen_table_column` VALUES (17, '3', 'id', '编号', 'int(11)', 'Long', 'id', '1', '1', NULL, '1', NULL, NULL, NULL, 'EQ', 'input', '', 1, 'admin', '2020-01-06 10:41:43', '', NULL);
INSERT INTO `gen_table_column` VALUES (18, '3', 'name', '名称', 'varchar(255)', 'String', 'name', '0', '0', '1', '1', '1', '1', '1', 'LIKE', 'input', '', 2, 'admin', '2020-01-06 10:41:43', '', NULL);
INSERT INTO `gen_table_column` VALUES (19, '3', 'phone', '手机号', 'varchar(50)', 'String', 'phone', '0', '0', '1', '1', '1', '1', '1', 'EQ', 'input', '', 3, 'admin', '2020-01-06 10:41:43', '', NULL);
INSERT INTO `gen_table_column` VALUES (20, '3', 'email', '邮箱', 'varchar(50)', 'String', 'email', '0', '0', '1', '1', '1', '1', '1', 'EQ', 'input', '', 4, 'admin', '2020-01-06 10:41:43', '', NULL);
INSERT INTO `gen_table_column` VALUES (21, '3', 'age', '年龄', 'int(11)', 'Long', 'age', '0', '0', '1', '1', '1', '1', '1', 'EQ', 'input', '', 5, 'admin', '2020-01-06 10:41:43', '', NULL);
INSERT INTO `gen_table_column` VALUES (22, '3', 'sex', '性别', 'varchar(50)', 'String', 'sex', '0', '0', '1', '1', '1', '1', '1', 'EQ', 'select', '', 6, 'admin', '2020-01-06 10:41:43', '', NULL);
INSERT INTO `gen_table_column` VALUES (23, '3', 'about_file', '相关附件', 'varchar(255)', 'String', 'aboutFile', '0', '0', '1', '1', '1', '1', '1', 'EQ', 'input', '', 7, 'admin', '2020-01-06 10:41:43', '', NULL);
INSERT INTO `gen_table_column` VALUES (24, '3', 'create_time', '创建时间', 'datetime', 'Date', 'createTime', '0', '0', NULL, '1', NULL, NULL, NULL, 'EQ', 'datetime', '', 8, 'admin', '2020-01-06 10:41:43', '', NULL);
INSERT INTO `gen_table_column` VALUES (25, '3', 'create_user_id', '创建用户id', 'int(11)', 'Long', 'createUserId', '0', '0', NULL, '1', '1', '1', '1', 'EQ', 'input', '', 9, 'admin', '2020-01-06 10:41:43', '', NULL);
INSERT INTO `gen_table_column` VALUES (26, '3', 'update_time', '修改时间', 'datetime', 'Date', 'updateTime', '0', '0', NULL, '1', '1', NULL, NULL, 'EQ', 'datetime', '', 10, 'admin', '2020-01-06 10:41:43', '', NULL);
INSERT INTO `gen_table_column` VALUES (27, '3', 'update_user_id', '修改用户id', 'int(11)', 'Long', 'updateUserId', '0', '0', NULL, '1', '1', '1', '1', 'EQ', 'input', '', 11, 'admin', '2020-01-06 10:41:43', '', NULL);
INSERT INTO `gen_table_column` VALUES (28, '3', 'del', '是否删除(0.未删除  1.已删除)', 'int(4)', 'Integer', 'del', '0', '0', NULL, '1', '1', '1', '1', 'EQ', 'input', '', 12, 'admin', '2020-01-06 10:41:43', '', NULL);
INSERT INTO `gen_table_column` VALUES (29, '3', 'remark', '备注', 'varchar(50)', 'String', 'remark', '0', '0', NULL, '1', '1', '1', NULL, 'EQ', 'input', '', 13, 'admin', '2020-01-06 10:41:43', '', NULL);
INSERT INTO `gen_table_column` VALUES (30, '4', 'id', '编号', 'int(11)', 'Long', 'id', '1', '1', NULL, '1', NULL, NULL, NULL, 'EQ', 'input', '', 1, 'admin', '2020-01-06 16:50:04', '', NULL);
INSERT INTO `gen_table_column` VALUES (31, '4', 'fk_id', '业务关联编号', 'varchar(32)', 'String', 'fkId', '0', '0', NULL, '1', '1', '1', '1', 'EQ', 'input', '', 2, 'admin', '2020-01-06 16:50:04', '', NULL);
INSERT INTO `gen_table_column` VALUES (32, '4', 'name', '文件名称', 'varchar(50)', 'String', 'name', '0', '0', NULL, '1', '1', '1', '1', 'LIKE', 'input', '', 3, 'admin', '2020-01-06 16:50:04', '', NULL);
INSERT INTO `gen_table_column` VALUES (33, '4', 'file_size', '文件大小(KB)', 'bigint(10)', 'Integer', 'fileSize', '0', '0', NULL, '1', '1', '1', '1', 'EQ', 'input', '', 4, 'admin', '2020-01-06 16:50:04', '', NULL);
INSERT INTO `gen_table_column` VALUES (34, '4', 'extension', '文件类型', 'varchar(10)', 'String', 'extension', '0', '0', NULL, '1', '1', '1', '1', 'EQ', 'input', '', 5, 'admin', '2020-01-06 16:50:04', '', NULL);
INSERT INTO `gen_table_column` VALUES (35, '4', 'content_type', '文件后缀类型', 'varchar(10)', 'String', 'contentType', '0', '0', NULL, '1', '1', '1', '1', 'EQ', 'select', '', 6, 'admin', '2020-01-06 16:50:04', '', NULL);
INSERT INTO `gen_table_column` VALUES (36, '4', 'directory', '存储路径', 'varchar(50)', 'String', 'directory', '0', '0', NULL, '1', '1', '1', '1', 'EQ', 'input', '', 7, 'admin', '2020-01-06 16:50:04', '', NULL);
INSERT INTO `gen_table_column` VALUES (37, '4', 'create_time', '创建时间', 'datetime', 'Date', 'createTime', '0', '0', NULL, '1', NULL, NULL, NULL, 'EQ', 'datetime', '', 8, 'admin', '2020-01-06 16:50:04', '', NULL);
INSERT INTO `gen_table_column` VALUES (38, '4', 'create_user_id', '创建用户id', 'int(11)', 'Long', 'createUserId', '0', '0', NULL, '1', '1', '1', '1', 'EQ', 'input', '', 9, 'admin', '2020-01-06 16:50:04', '', NULL);
INSERT INTO `gen_table_column` VALUES (39, '4', 'update_time', '修改时间', 'datetime', 'Date', 'updateTime', '0', '0', NULL, '1', '1', NULL, NULL, 'EQ', 'datetime', '', 10, 'admin', '2020-01-06 16:50:04', '', NULL);
INSERT INTO `gen_table_column` VALUES (40, '4', 'update_user_id', '修改用户id', 'int(11)', 'Long', 'updateUserId', '0', '0', NULL, '1', '1', '1', '1', 'EQ', 'input', '', 11, 'admin', '2020-01-06 16:50:04', '', NULL);
INSERT INTO `gen_table_column` VALUES (41, '4', 'del', '是否删除(0.未删除  1.已删除)', 'int(4)', 'Integer', 'del', '0', '0', NULL, '1', '1', '1', '1', 'EQ', 'input', '', 12, 'admin', '2020-01-06 16:50:04', '', NULL);
INSERT INTO `gen_table_column` VALUES (42, '4', 'remark', '备注', 'varchar(50)', 'String', 'remark', '0', '0', NULL, '1', '1', '1', NULL, 'EQ', 'input', '', 13, 'admin', '2020-01-06 16:50:04', '', NULL);
INSERT INTO `gen_table_column` VALUES (57, '6', 'id', '编号', 'varchar(32)', 'String', 'id', '1', '0', NULL, '1', NULL, NULL, NULL, 'EQ', 'input', '', 1, 'admin', '2020-01-18 09:59:12', NULL, '2020-01-18 10:25:20');
INSERT INTO `gen_table_column` VALUES (58, '6', 'name', '名称', 'varchar(255)', 'String', 'name', '0', '0', '1', '1', '1', '1', '1', 'LIKE', 'input', '', 2, 'admin', '2020-01-18 09:59:12', NULL, '2020-01-18 10:25:20');
INSERT INTO `gen_table_column` VALUES (59, '6', 'phone', '手机号', 'varchar(50)', 'String', 'phone', '0', '0', '1', '1', '1', '1', '1', 'LIKE', 'input', '', 3, 'admin', '2020-01-18 09:59:12', NULL, '2020-01-18 10:25:20');
INSERT INTO `gen_table_column` VALUES (60, '6', 'email', '邮箱', 'varchar(50)', 'String', 'email', '0', '0', '1', '1', '1', '1', '1', 'LIKE', 'input', '', 4, 'admin', '2020-01-18 09:59:12', NULL, '2020-01-18 10:25:20');
INSERT INTO `gen_table_column` VALUES (61, '6', 'age', '年龄', 'int(11)', 'Long', 'age', '0', '0', '1', '1', '1', '1', NULL, 'EQ', 'input', '', 5, 'admin', '2020-01-18 09:59:12', NULL, '2020-01-18 10:25:20');
INSERT INTO `gen_table_column` VALUES (62, '6', 'sex', '性别', 'varchar(50)', 'String', 'sex', '0', '0', '1', '1', '1', '1', '1', 'EQ', 'select', 'sys_user_sex', 6, 'admin', '2020-01-18 09:59:12', NULL, '2020-01-18 10:25:20');
INSERT INTO `gen_table_column` VALUES (63, '6', 'service_file', '业务附件', 'varchar(500)', 'String', 'serviceFile', '0', '0', '1', '1', '1', '1', NULL, 'EQ', 'file', '', 7, 'admin', '2020-01-18 09:59:12', NULL, '2020-01-18 10:25:20');
INSERT INTO `gen_table_column` VALUES (64, '6', 'about_file', '相关附件', 'varchar(500)', 'String', 'aboutFile', '0', '0', '1', '1', '1', '1', NULL, 'EQ', 'file', '', 8, 'admin', '2020-01-18 09:59:12', NULL, '2020-01-18 10:25:20');
INSERT INTO `gen_table_column` VALUES (65, '6', 'create_time', '创建时间', 'datetime', 'Date', 'createTime', '0', '0', NULL, NULL, NULL, '1', NULL, 'EQ', 'datetime', '', 9, 'admin', '2020-01-18 09:59:12', NULL, '2020-01-18 10:25:20');
INSERT INTO `gen_table_column` VALUES (66, '6', 'create_user_id', '创建用户id', 'int(11)', 'Long', 'createUserId', '0', '0', NULL, NULL, NULL, NULL, NULL, 'EQ', 'input', '', 10, 'admin', '2020-01-18 09:59:12', NULL, '2020-01-18 10:25:20');
INSERT INTO `gen_table_column` VALUES (67, '6', 'update_time', '修改时间', 'datetime', 'Date', 'updateTime', '0', '0', NULL, NULL, NULL, '1', NULL, 'EQ', 'datetime', '', 11, 'admin', '2020-01-18 09:59:12', NULL, '2020-01-18 10:25:20');
INSERT INTO `gen_table_column` VALUES (68, '6', 'update_user_id', '修改用户id', 'int(11)', 'Long', 'updateUserId', '0', '0', NULL, NULL, NULL, NULL, NULL, 'EQ', 'input', '', 12, 'admin', '2020-01-18 09:59:12', NULL, '2020-01-18 10:25:20');
INSERT INTO `gen_table_column` VALUES (69, '6', 'del', '是否删除(0.未删除  1.已删除)', 'int(4)', 'Integer', 'del', '0', '0', NULL, NULL, NULL, NULL, NULL, 'EQ', 'input', '', 13, 'admin', '2020-01-18 09:59:12', NULL, '2020-01-18 10:25:20');
INSERT INTO `gen_table_column` VALUES (70, '6', 'remark', '备注', 'varchar(50)', 'String', 'remark', '0', '0', NULL, NULL, NULL, NULL, NULL, 'EQ', 'input', '', 14, 'admin', '2020-01-18 09:59:12', NULL, '2020-01-18 10:25:20');

-- ----------------------------
-- Table structure for qrtz_blob_triggers
-- ----------------------------
DROP TABLE IF EXISTS `qrtz_blob_triggers`;
CREATE TABLE `qrtz_blob_triggers`  (
  `sched_name` varchar(120) CHARACTER SET utf8 COLLATE utf8_general_ci NOT NULL,
  `trigger_name` varchar(200) CHARACTER SET utf8 COLLATE utf8_general_ci NOT NULL,
  `trigger_group` varchar(200) CHARACTER SET utf8 COLLATE utf8_general_ci NOT NULL,
  `blob_data` blob NULL,
  PRIMARY KEY (`sched_name`, `trigger_name`, `trigger_group`) USING BTREE,
  CONSTRAINT `qrtz_blob_triggers_ibfk_1` FOREIGN KEY (`sched_name`, `trigger_name`, `trigger_group`) REFERENCES `qrtz_triggers` (`sched_name`, `trigger_name`, `trigger_group`) ON DELETE RESTRICT ON UPDATE RESTRICT
) ENGINE = InnoDB CHARACTER SET = utf8 COLLATE = utf8_general_ci ROW_FORMAT = Dynamic;

-- ----------------------------
-- Table structure for qrtz_calendars
-- ----------------------------
DROP TABLE IF EXISTS `qrtz_calendars`;
CREATE TABLE `qrtz_calendars`  (
  `sched_name` varchar(120) CHARACTER SET utf8 COLLATE utf8_general_ci NOT NULL,
  `calendar_name` varchar(200) CHARACTER SET utf8 COLLATE utf8_general_ci NOT NULL,
  `calendar` blob NOT NULL,
  PRIMARY KEY (`sched_name`, `calendar_name`) USING BTREE
) ENGINE = InnoDB CHARACTER SET = utf8 COLLATE = utf8_general_ci ROW_FORMAT = Dynamic;

-- ----------------------------
-- Table structure for qrtz_cron_triggers
-- ----------------------------
DROP TABLE IF EXISTS `qrtz_cron_triggers`;
CREATE TABLE `qrtz_cron_triggers`  (
  `sched_name` varchar(120) CHARACTER SET utf8 COLLATE utf8_general_ci NOT NULL,
  `trigger_name` varchar(200) CHARACTER SET utf8 COLLATE utf8_general_ci NOT NULL,
  `trigger_group` varchar(200) CHARACTER SET utf8 COLLATE utf8_general_ci NOT NULL,
  `cron_expression` varchar(200) CHARACTER SET utf8 COLLATE utf8_general_ci NOT NULL,
  `time_zone_id` varchar(80) CHARACTER SET utf8 COLLATE utf8_general_ci NULL DEFAULT NULL,
  PRIMARY KEY (`sched_name`, `trigger_name`, `trigger_group`) USING BTREE,
  CONSTRAINT `qrtz_cron_triggers_ibfk_1` FOREIGN KEY (`sched_name`, `trigger_name`, `trigger_group`) REFERENCES `qrtz_triggers` (`sched_name`, `trigger_name`, `trigger_group`) ON DELETE RESTRICT ON UPDATE RESTRICT
) ENGINE = InnoDB CHARACTER SET = utf8 COLLATE = utf8_general_ci ROW_FORMAT = Dynamic;

-- ----------------------------
-- Records of qrtz_cron_triggers
-- ----------------------------
INSERT INTO `qrtz_cron_triggers` VALUES ('RuoyiScheduler', 'TASK_CLASS_NAME1', 'DEFAULT', '0/10 * * * * ?', 'Asia/Shanghai');
INSERT INTO `qrtz_cron_triggers` VALUES ('RuoyiScheduler', 'TASK_CLASS_NAME2', 'DEFAULT', '0/15 * * * * ?', 'Asia/Shanghai');
INSERT INTO `qrtz_cron_triggers` VALUES ('RuoyiScheduler', 'TASK_CLASS_NAME3', 'DEFAULT', '0/20 * * * * ?', 'Asia/Shanghai');

-- ----------------------------
-- Table structure for qrtz_fired_triggers
-- ----------------------------
DROP TABLE IF EXISTS `qrtz_fired_triggers`;
CREATE TABLE `qrtz_fired_triggers`  (
  `sched_name` varchar(120) CHARACTER SET utf8 COLLATE utf8_general_ci NOT NULL,
  `entry_id` varchar(95) CHARACTER SET utf8 COLLATE utf8_general_ci NOT NULL,
  `trigger_name` varchar(200) CHARACTER SET utf8 COLLATE utf8_general_ci NOT NULL,
  `trigger_group` varchar(200) CHARACTER SET utf8 COLLATE utf8_general_ci NOT NULL,
  `instance_name` varchar(200) CHARACTER SET utf8 COLLATE utf8_general_ci NOT NULL,
  `fired_time` bigint(13) NOT NULL,
  `sched_time` bigint(13) NOT NULL,
  `priority` int(11) NOT NULL,
  `state` varchar(16) CHARACTER SET utf8 COLLATE utf8_general_ci NOT NULL,
  `job_name` varchar(200) CHARACTER SET utf8 COLLATE utf8_general_ci NULL DEFAULT NULL,
  `job_group` varchar(200) CHARACTER SET utf8 COLLATE utf8_general_ci NULL DEFAULT NULL,
  `is_nonconcurrent` varchar(1) CHARACTER SET utf8 COLLATE utf8_general_ci NULL DEFAULT NULL,
  `requests_recovery` varchar(1) CHARACTER SET utf8 COLLATE utf8_general_ci NULL DEFAULT NULL,
  PRIMARY KEY (`sched_name`, `entry_id`) USING BTREE
) ENGINE = InnoDB CHARACTER SET = utf8 COLLATE = utf8_general_ci ROW_FORMAT = Dynamic;

-- ----------------------------
-- Table structure for qrtz_job_details
-- ----------------------------
DROP TABLE IF EXISTS `qrtz_job_details`;
CREATE TABLE `qrtz_job_details`  (
  `sched_name` varchar(120) CHARACTER SET utf8 COLLATE utf8_general_ci NOT NULL,
  `job_name` varchar(200) CHARACTER SET utf8 COLLATE utf8_general_ci NOT NULL,
  `job_group` varchar(200) CHARACTER SET utf8 COLLATE utf8_general_ci NOT NULL,
  `description` varchar(250) CHARACTER SET utf8 COLLATE utf8_general_ci NULL DEFAULT NULL,
  `job_class_name` varchar(250) CHARACTER SET utf8 COLLATE utf8_general_ci NOT NULL,
  `is_durable` varchar(1) CHARACTER SET utf8 COLLATE utf8_general_ci NOT NULL,
  `is_nonconcurrent` varchar(1) CHARACTER SET utf8 COLLATE utf8_general_ci NOT NULL,
  `is_update_data` varchar(1) CHARACTER SET utf8 COLLATE utf8_general_ci NOT NULL,
  `requests_recovery` varchar(1) CHARACTER SET utf8 COLLATE utf8_general_ci NOT NULL,
  `job_data` blob NULL,
  PRIMARY KEY (`sched_name`, `job_name`, `job_group`) USING BTREE
) ENGINE = InnoDB CHARACTER SET = utf8 COLLATE = utf8_general_ci ROW_FORMAT = Dynamic;

-- ----------------------------
-- Records of qrtz_job_details
-- ----------------------------
INSERT INTO `qrtz_job_details` VALUES ('RuoyiScheduler', 'TASK_CLASS_NAME1', 'DEFAULT', NULL, 'com.ruoyi.quartz.util.QuartzDisallowConcurrentExecution', '0', '1', '0', '0', 0xACED0005737200156F72672E71756172747A2E4A6F62446174614D61709FB083E8BFA9B0CB020000787200266F72672E71756172747A2E7574696C732E537472696E674B65794469727479466C61674D61708208E8C3FBC55D280200015A0013616C6C6F77735472616E7369656E74446174617872001D6F72672E71756172747A2E7574696C732E4469727479466C61674D617013E62EAD28760ACE0200025A000564697274794C00036D617074000F4C6A6176612F7574696C2F4D61703B787001737200116A6176612E7574696C2E486173684D61700507DAC1C31660D103000246000A6C6F6164466163746F724900097468726573686F6C6478703F4000000000000C7708000000100000000174000F5441534B5F50524F504552544945537372001E636F6D2E72756F79692E71756172747A2E646F6D61696E2E5379734A6F6200000000000000010200084C000A636F6E63757272656E747400124C6A6176612F6C616E672F537472696E673B4C000E63726F6E45787072657373696F6E71007E00094C000C696E766F6B6554617267657471007E00094C00086A6F6247726F757071007E00094C00056A6F6249647400104C6A6176612F6C616E672F4C6F6E673B4C00076A6F624E616D6571007E00094C000D6D697366697265506F6C69637971007E00094C000673746174757371007E000978720027636F6D2E72756F79692E636F6D6D6F6E2E636F72652E646F6D61696E2E42617365456E7469747900000000000000010200074C0008637265617465427971007E00094C000A63726561746554696D657400104C6A6176612F7574696C2F446174653B4C0006706172616D7371007E00034C000672656D61726B71007E00094C000B73656172636856616C756571007E00094C0008757064617465427971007E00094C000A75706461746554696D6571007E000C787074000561646D696E7372000E6A6176612E7574696C2E44617465686A81014B59741903000078707708000001622CDE29E078707400007070707400013174000E302F3130202A202A202A202A203F74001172795461736B2E72794E6F506172616D7374000744454641554C547372000E6A6176612E6C616E672E4C6F6E673B8BE490CC8F23DF0200014A000576616C7565787200106A6176612E6C616E672E4E756D62657286AC951D0B94E08B02000078700000000000000001740018E7B3BBE7BB9FE9BB98E8AEA4EFBC88E697A0E58F82EFBC8974000133740001317800);
INSERT INTO `qrtz_job_details` VALUES ('RuoyiScheduler', 'TASK_CLASS_NAME2', 'DEFAULT', NULL, 'com.ruoyi.quartz.util.QuartzDisallowConcurrentExecution', '0', '1', '0', '0', 0xACED0005737200156F72672E71756172747A2E4A6F62446174614D61709FB083E8BFA9B0CB020000787200266F72672E71756172747A2E7574696C732E537472696E674B65794469727479466C61674D61708208E8C3FBC55D280200015A0013616C6C6F77735472616E7369656E74446174617872001D6F72672E71756172747A2E7574696C732E4469727479466C61674D617013E62EAD28760ACE0200025A000564697274794C00036D617074000F4C6A6176612F7574696C2F4D61703B787001737200116A6176612E7574696C2E486173684D61700507DAC1C31660D103000246000A6C6F6164466163746F724900097468726573686F6C6478703F4000000000000C7708000000100000000174000F5441534B5F50524F504552544945537372001E636F6D2E72756F79692E71756172747A2E646F6D61696E2E5379734A6F6200000000000000010200084C000A636F6E63757272656E747400124C6A6176612F6C616E672F537472696E673B4C000E63726F6E45787072657373696F6E71007E00094C000C696E766F6B6554617267657471007E00094C00086A6F6247726F757071007E00094C00056A6F6249647400104C6A6176612F6C616E672F4C6F6E673B4C00076A6F624E616D6571007E00094C000D6D697366697265506F6C69637971007E00094C000673746174757371007E000978720027636F6D2E72756F79692E636F6D6D6F6E2E636F72652E646F6D61696E2E42617365456E7469747900000000000000010200074C0008637265617465427971007E00094C000A63726561746554696D657400104C6A6176612F7574696C2F446174653B4C0006706172616D7371007E00034C000672656D61726B71007E00094C000B73656172636856616C756571007E00094C0008757064617465427971007E00094C000A75706461746554696D6571007E000C787074000561646D696E7372000E6A6176612E7574696C2E44617465686A81014B59741903000078707708000001622CDE29E078707400007070707400013174000E302F3135202A202A202A202A203F74001572795461736B2E7279506172616D7328277279272974000744454641554C547372000E6A6176612E6C616E672E4C6F6E673B8BE490CC8F23DF0200014A000576616C7565787200106A6176612E6C616E672E4E756D62657286AC951D0B94E08B02000078700000000000000002740018E7B3BBE7BB9FE9BB98E8AEA4EFBC88E69C89E58F82EFBC8974000133740001317800);
INSERT INTO `qrtz_job_details` VALUES ('RuoyiScheduler', 'TASK_CLASS_NAME3', 'DEFAULT', NULL, 'com.ruoyi.quartz.util.QuartzDisallowConcurrentExecution', '0', '1', '0', '0', 0xACED0005737200156F72672E71756172747A2E4A6F62446174614D61709FB083E8BFA9B0CB020000787200266F72672E71756172747A2E7574696C732E537472696E674B65794469727479466C61674D61708208E8C3FBC55D280200015A0013616C6C6F77735472616E7369656E74446174617872001D6F72672E71756172747A2E7574696C732E4469727479466C61674D617013E62EAD28760ACE0200025A000564697274794C00036D617074000F4C6A6176612F7574696C2F4D61703B787001737200116A6176612E7574696C2E486173684D61700507DAC1C31660D103000246000A6C6F6164466163746F724900097468726573686F6C6478703F4000000000000C7708000000100000000174000F5441534B5F50524F504552544945537372001E636F6D2E72756F79692E71756172747A2E646F6D61696E2E5379734A6F6200000000000000010200084C000A636F6E63757272656E747400124C6A6176612F6C616E672F537472696E673B4C000E63726F6E45787072657373696F6E71007E00094C000C696E766F6B6554617267657471007E00094C00086A6F6247726F757071007E00094C00056A6F6249647400104C6A6176612F6C616E672F4C6F6E673B4C00076A6F624E616D6571007E00094C000D6D697366697265506F6C69637971007E00094C000673746174757371007E000978720027636F6D2E72756F79692E636F6D6D6F6E2E636F72652E646F6D61696E2E42617365456E7469747900000000000000010200074C0008637265617465427971007E00094C000A63726561746554696D657400104C6A6176612F7574696C2F446174653B4C0006706172616D7371007E00034C000672656D61726B71007E00094C000B73656172636856616C756571007E00094C0008757064617465427971007E00094C000A75706461746554696D6571007E000C787074000561646D696E7372000E6A6176612E7574696C2E44617465686A81014B59741903000078707708000001622CDE29E078707400007070707400013174000E302F3230202A202A202A202A203F74003872795461736B2E72794D756C7469706C65506172616D7328277279272C20747275652C20323030304C2C203331362E3530442C203130302974000744454641554C547372000E6A6176612E6C616E672E4C6F6E673B8BE490CC8F23DF0200014A000576616C7565787200106A6176612E6C616E672E4E756D62657286AC951D0B94E08B02000078700000000000000003740018E7B3BBE7BB9FE9BB98E8AEA4EFBC88E5A49AE58F82EFBC8974000133740001317800);

-- ----------------------------
-- Table structure for qrtz_locks
-- ----------------------------
DROP TABLE IF EXISTS `qrtz_locks`;
CREATE TABLE `qrtz_locks`  (
  `sched_name` varchar(120) CHARACTER SET utf8 COLLATE utf8_general_ci NOT NULL,
  `lock_name` varchar(40) CHARACTER SET utf8 COLLATE utf8_general_ci NOT NULL,
  PRIMARY KEY (`sched_name`, `lock_name`) USING BTREE
) ENGINE = InnoDB CHARACTER SET = utf8 COLLATE = utf8_general_ci ROW_FORMAT = Dynamic;

-- ----------------------------
-- Records of qrtz_locks
-- ----------------------------
INSERT INTO `qrtz_locks` VALUES ('RuoyiScheduler', 'STATE_ACCESS');
INSERT INTO `qrtz_locks` VALUES ('RuoyiScheduler', 'TRIGGER_ACCESS');

-- ----------------------------
-- Table structure for qrtz_paused_trigger_grps
-- ----------------------------
DROP TABLE IF EXISTS `qrtz_paused_trigger_grps`;
CREATE TABLE `qrtz_paused_trigger_grps`  (
  `sched_name` varchar(120) CHARACTER SET utf8 COLLATE utf8_general_ci NOT NULL,
  `trigger_group` varchar(200) CHARACTER SET utf8 COLLATE utf8_general_ci NOT NULL,
  PRIMARY KEY (`sched_name`, `trigger_group`) USING BTREE
) ENGINE = InnoDB CHARACTER SET = utf8 COLLATE = utf8_general_ci ROW_FORMAT = Dynamic;

-- ----------------------------
-- Table structure for qrtz_scheduler_state
-- ----------------------------
DROP TABLE IF EXISTS `qrtz_scheduler_state`;
CREATE TABLE `qrtz_scheduler_state`  (
  `sched_name` varchar(120) CHARACTER SET utf8 COLLATE utf8_general_ci NOT NULL,
  `instance_name` varchar(200) CHARACTER SET utf8 COLLATE utf8_general_ci NOT NULL,
  `last_checkin_time` bigint(13) NOT NULL,
  `checkin_interval` bigint(13) NOT NULL,
  PRIMARY KEY (`sched_name`, `instance_name`) USING BTREE
) ENGINE = InnoDB CHARACTER SET = utf8 COLLATE = utf8_general_ci ROW_FORMAT = Dynamic;

-- ----------------------------
-- Records of qrtz_scheduler_state
-- ----------------------------
INSERT INTO `qrtz_scheduler_state` VALUES ('RuoyiScheduler', 'DESKTOP-K09J3NN1579328517835', 1579328972265, 15000);

-- ----------------------------
-- Table structure for qrtz_simple_triggers
-- ----------------------------
DROP TABLE IF EXISTS `qrtz_simple_triggers`;
CREATE TABLE `qrtz_simple_triggers`  (
  `sched_name` varchar(120) CHARACTER SET utf8 COLLATE utf8_general_ci NOT NULL,
  `trigger_name` varchar(200) CHARACTER SET utf8 COLLATE utf8_general_ci NOT NULL,
  `trigger_group` varchar(200) CHARACTER SET utf8 COLLATE utf8_general_ci NOT NULL,
  `repeat_count` bigint(7) NOT NULL,
  `repeat_interval` bigint(12) NOT NULL,
  `times_triggered` bigint(10) NOT NULL,
  PRIMARY KEY (`sched_name`, `trigger_name`, `trigger_group`) USING BTREE,
  CONSTRAINT `qrtz_simple_triggers_ibfk_1` FOREIGN KEY (`sched_name`, `trigger_name`, `trigger_group`) REFERENCES `qrtz_triggers` (`sched_name`, `trigger_name`, `trigger_group`) ON DELETE RESTRICT ON UPDATE RESTRICT
) ENGINE = InnoDB CHARACTER SET = utf8 COLLATE = utf8_general_ci ROW_FORMAT = Dynamic;

-- ----------------------------
-- Table structure for qrtz_simprop_triggers
-- ----------------------------
DROP TABLE IF EXISTS `qrtz_simprop_triggers`;
CREATE TABLE `qrtz_simprop_triggers`  (
  `sched_name` varchar(120) CHARACTER SET utf8 COLLATE utf8_general_ci NOT NULL,
  `trigger_name` varchar(200) CHARACTER SET utf8 COLLATE utf8_general_ci NOT NULL,
  `trigger_group` varchar(200) CHARACTER SET utf8 COLLATE utf8_general_ci NOT NULL,
  `str_prop_1` varchar(512) CHARACTER SET utf8 COLLATE utf8_general_ci NULL DEFAULT NULL,
  `str_prop_2` varchar(512) CHARACTER SET utf8 COLLATE utf8_general_ci NULL DEFAULT NULL,
  `str_prop_3` varchar(512) CHARACTER SET utf8 COLLATE utf8_general_ci NULL DEFAULT NULL,
  `int_prop_1` int(11) NULL DEFAULT NULL,
  `int_prop_2` int(11) NULL DEFAULT NULL,
  `long_prop_1` bigint(20) NULL DEFAULT NULL,
  `long_prop_2` bigint(20) NULL DEFAULT NULL,
  `dec_prop_1` decimal(13, 4) NULL DEFAULT NULL,
  `dec_prop_2` decimal(13, 4) NULL DEFAULT NULL,
  `bool_prop_1` varchar(1) CHARACTER SET utf8 COLLATE utf8_general_ci NULL DEFAULT NULL,
  `bool_prop_2` varchar(1) CHARACTER SET utf8 COLLATE utf8_general_ci NULL DEFAULT NULL,
  PRIMARY KEY (`sched_name`, `trigger_name`, `trigger_group`) USING BTREE,
  CONSTRAINT `qrtz_simprop_triggers_ibfk_1` FOREIGN KEY (`sched_name`, `trigger_name`, `trigger_group`) REFERENCES `qrtz_triggers` (`sched_name`, `trigger_name`, `trigger_group`) ON DELETE RESTRICT ON UPDATE RESTRICT
) ENGINE = InnoDB CHARACTER SET = utf8 COLLATE = utf8_general_ci ROW_FORMAT = Dynamic;

-- ----------------------------
-- Table structure for qrtz_triggers
-- ----------------------------
DROP TABLE IF EXISTS `qrtz_triggers`;
CREATE TABLE `qrtz_triggers`  (
  `sched_name` varchar(120) CHARACTER SET utf8 COLLATE utf8_general_ci NOT NULL,
  `trigger_name` varchar(200) CHARACTER SET utf8 COLLATE utf8_general_ci NOT NULL,
  `trigger_group` varchar(200) CHARACTER SET utf8 COLLATE utf8_general_ci NOT NULL,
  `job_name` varchar(200) CHARACTER SET utf8 COLLATE utf8_general_ci NOT NULL,
  `job_group` varchar(200) CHARACTER SET utf8 COLLATE utf8_general_ci NOT NULL,
  `description` varchar(250) CHARACTER SET utf8 COLLATE utf8_general_ci NULL DEFAULT NULL,
  `next_fire_time` bigint(13) NULL DEFAULT NULL,
  `prev_fire_time` bigint(13) NULL DEFAULT NULL,
  `priority` int(11) NULL DEFAULT NULL,
  `trigger_state` varchar(16) CHARACTER SET utf8 COLLATE utf8_general_ci NOT NULL,
  `trigger_type` varchar(8) CHARACTER SET utf8 COLLATE utf8_general_ci NOT NULL,
  `start_time` bigint(13) NOT NULL,
  `end_time` bigint(13) NULL DEFAULT NULL,
  `calendar_name` varchar(200) CHARACTER SET utf8 COLLATE utf8_general_ci NULL DEFAULT NULL,
  `misfire_instr` smallint(2) NULL DEFAULT NULL,
  `job_data` blob NULL,
  PRIMARY KEY (`sched_name`, `trigger_name`, `trigger_group`) USING BTREE,
  INDEX `sched_name`(`sched_name`, `job_name`, `job_group`) USING BTREE,
  CONSTRAINT `qrtz_triggers_ibfk_1` FOREIGN KEY (`sched_name`, `job_name`, `job_group`) REFERENCES `qrtz_job_details` (`sched_name`, `job_name`, `job_group`) ON DELETE RESTRICT ON UPDATE RESTRICT
) ENGINE = InnoDB CHARACTER SET = utf8 COLLATE = utf8_general_ci ROW_FORMAT = Dynamic;

-- ----------------------------
-- Records of qrtz_triggers
-- ----------------------------
INSERT INTO `qrtz_triggers` VALUES ('RuoyiScheduler', 'TASK_CLASS_NAME1', 'DEFAULT', 'TASK_CLASS_NAME1', 'DEFAULT', NULL, 1579328520000, -1, 5, 'PAUSED', 'CRON', 1579328518000, 0, NULL, 2, '');
INSERT INTO `qrtz_triggers` VALUES ('RuoyiScheduler', 'TASK_CLASS_NAME2', 'DEFAULT', 'TASK_CLASS_NAME2', 'DEFAULT', NULL, 1579328520000, -1, 5, 'PAUSED', 'CRON', 1579328518000, 0, NULL, 2, '');
INSERT INTO `qrtz_triggers` VALUES ('RuoyiScheduler', 'TASK_CLASS_NAME3', 'DEFAULT', 'TASK_CLASS_NAME3', 'DEFAULT', NULL, 1579328520000, -1, 5, 'PAUSED', 'CRON', 1579328518000, 0, NULL, 2, '');

-- ----------------------------
-- Table structure for sys_config
-- ----------------------------
DROP TABLE IF EXISTS `sys_config`;
CREATE TABLE `sys_config`  (
  `config_id` int(5) NOT NULL AUTO_INCREMENT COMMENT '参数主键',
  `config_name` varchar(100) CHARACTER SET utf8 COLLATE utf8_general_ci NULL DEFAULT '' COMMENT '参数名称',
  `config_key` varchar(100) CHARACTER SET utf8 COLLATE utf8_general_ci NULL DEFAULT '' COMMENT '参数键名',
  `config_value` varchar(500) CHARACTER SET utf8 COLLATE utf8_general_ci NULL DEFAULT '' COMMENT '参数键值',
  `config_type` char(1) CHARACTER SET utf8 COLLATE utf8_general_ci NULL DEFAULT 'N' COMMENT '系统内置（Y是 N否）',
  `create_by` varchar(64) CHARACTER SET utf8 COLLATE utf8_general_ci NULL DEFAULT '' COMMENT '创建者',
  `create_time` datetime(0) NULL DEFAULT NULL COMMENT '创建时间',
  `update_by` varchar(64) CHARACTER SET utf8 COLLATE utf8_general_ci NULL DEFAULT '' COMMENT '更新者',
  `update_time` datetime(0) NULL DEFAULT NULL COMMENT '更新时间',
  `remark` varchar(500) CHARACTER SET utf8 COLLATE utf8_general_ci NULL DEFAULT NULL COMMENT '备注',
  PRIMARY KEY (`config_id`) USING BTREE
) ENGINE = InnoDB AUTO_INCREMENT = 100 CHARACTER SET = utf8 COLLATE = utf8_general_ci COMMENT = '参数配置表' ROW_FORMAT = Dynamic;

-- ----------------------------
-- Records of sys_config
-- ----------------------------
INSERT INTO `sys_config` VALUES (1, '主框架页-默认皮肤样式名称', 'sys.index.skinName', 'skin-blue', 'Y', 'admin', '2018-03-16 11:33:00', 'ry', '2018-03-16 11:33:00', '蓝色 skin-blue、绿色 skin-green、紫色 skin-purple、红色 skin-red、黄色 skin-yellow');
INSERT INTO `sys_config` VALUES (2, '用户管理-账号初始密码', 'sys.user.initPassword', '123456', 'Y', 'admin', '2018-03-16 11:33:00', 'ry', '2018-03-16 11:33:00', '初始化密码 123456');
INSERT INTO `sys_config` VALUES (3, '主框架页-侧边栏主题', 'sys.index.sideTheme', 'theme-dark', 'Y', 'admin', '2018-03-16 11:33:00', 'ry', '2018-03-16 11:33:00', '深黑主题theme-dark，浅色主题theme-light，深蓝主题theme-blue');

-- ----------------------------
-- Table structure for sys_dept
-- ----------------------------
DROP TABLE IF EXISTS `sys_dept`;
CREATE TABLE `sys_dept`  (
  `dept_id` bigint(20) NOT NULL AUTO_INCREMENT COMMENT '部门id',
  `parent_id` bigint(20) NULL DEFAULT 0 COMMENT '父部门id',
  `ancestors` varchar(50) CHARACTER SET utf8 COLLATE utf8_general_ci NULL DEFAULT '' COMMENT '祖级列表',
  `dept_name` varchar(30) CHARACTER SET utf8 COLLATE utf8_general_ci NULL DEFAULT '' COMMENT '部门名称',
  `order_num` int(4) NULL DEFAULT 0 COMMENT '显示顺序',
  `leader` varchar(20) CHARACTER SET utf8 COLLATE utf8_general_ci NULL DEFAULT NULL COMMENT '负责人',
  `phone` varchar(11) CHARACTER SET utf8 COLLATE utf8_general_ci NULL DEFAULT NULL COMMENT '联系电话',
  `email` varchar(50) CHARACTER SET utf8 COLLATE utf8_general_ci NULL DEFAULT NULL COMMENT '邮箱',
  `status` char(1) CHARACTER SET utf8 COLLATE utf8_general_ci NULL DEFAULT '0' COMMENT '部门状态（0正常 1停用）',
  `del_flag` char(1) CHARACTER SET utf8 COLLATE utf8_general_ci NULL DEFAULT '0' COMMENT '删除标志（0代表存在 2代表删除）',
  `create_by` varchar(64) CHARACTER SET utf8 COLLATE utf8_general_ci NULL DEFAULT '' COMMENT '创建者',
  `create_time` datetime(0) NULL DEFAULT NULL COMMENT '创建时间',
  `update_by` varchar(64) CHARACTER SET utf8 COLLATE utf8_general_ci NULL DEFAULT '' COMMENT '更新者',
  `update_time` datetime(0) NULL DEFAULT NULL COMMENT '更新时间',
  PRIMARY KEY (`dept_id`) USING BTREE
) ENGINE = InnoDB AUTO_INCREMENT = 200 CHARACTER SET = utf8 COLLATE = utf8_general_ci COMMENT = '部门表' ROW_FORMAT = Dynamic;

-- ----------------------------
-- Records of sys_dept
-- ----------------------------
INSERT INTO `sys_dept` VALUES (100, 0, '0', '若依科技', 0, '若依', '15888888888', 'ry@qq.com', '0', '0', 'admin', '2018-03-16 11:33:00', 'ry', '2018-03-16 11:33:00');
INSERT INTO `sys_dept` VALUES (101, 100, '0,100', '深圳总公司', 1, '若依', '15888888888', 'ry@qq.com', '0', '0', 'admin', '2018-03-16 11:33:00', 'ry', '2018-03-16 11:33:00');
INSERT INTO `sys_dept` VALUES (102, 100, '0,100', '长沙分公司', 2, '若依', '15888888888', 'ry@qq.com', '0', '0', 'admin', '2018-03-16 11:33:00', 'ry', '2018-03-16 11:33:00');
INSERT INTO `sys_dept` VALUES (103, 101, '0,100,101', '研发部门', 1, '若依', '15888888888', 'ry@qq.com', '0', '0', 'admin', '2018-03-16 11:33:00', 'ry', '2018-03-16 11:33:00');
INSERT INTO `sys_dept` VALUES (104, 101, '0,100,101', '市场部门', 2, '若依', '15888888888', 'ry@qq.com', '0', '0', 'admin', '2018-03-16 11:33:00', 'ry', '2018-03-16 11:33:00');
INSERT INTO `sys_dept` VALUES (105, 101, '0,100,101', '测试部门', 3, '若依', '15888888888', 'ry@qq.com', '0', '0', 'admin', '2018-03-16 11:33:00', 'ry', '2018-03-16 11:33:00');
INSERT INTO `sys_dept` VALUES (106, 101, '0,100,101', '财务部门', 4, '若依', '15888888888', 'ry@qq.com', '0', '0', 'admin', '2018-03-16 11:33:00', 'ry', '2018-03-16 11:33:00');
INSERT INTO `sys_dept` VALUES (107, 101, '0,100,101', '运维部门', 5, '若依', '15888888888', 'ry@qq.com', '0', '0', 'admin', '2018-03-16 11:33:00', 'ry', '2018-03-16 11:33:00');
INSERT INTO `sys_dept` VALUES (108, 102, '0,100,102', '市场部门', 1, '若依', '15888888888', 'ry@qq.com', '0', '0', 'admin', '2018-03-16 11:33:00', 'ry', '2018-03-16 11:33:00');
INSERT INTO `sys_dept` VALUES (109, 102, '0,100,102', '财务部门', 2, '若依', '15888888888', 'ry@qq.com', '0', '0', 'admin', '2018-03-16 11:33:00', 'ry', '2018-03-16 11:33:00');

-- ----------------------------
-- Table structure for sys_dict_data
-- ----------------------------
DROP TABLE IF EXISTS `sys_dict_data`;
CREATE TABLE `sys_dict_data`  (
  `dict_code` bigint(20) NOT NULL AUTO_INCREMENT COMMENT '字典编码',
  `dict_sort` int(4) NULL DEFAULT 0 COMMENT '字典排序',
  `dict_label` varchar(100) CHARACTER SET utf8 COLLATE utf8_general_ci NULL DEFAULT '' COMMENT '字典标签',
  `dict_value` varchar(100) CHARACTER SET utf8 COLLATE utf8_general_ci NULL DEFAULT '' COMMENT '字典键值',
  `dict_type` varchar(100) CHARACTER SET utf8 COLLATE utf8_general_ci NULL DEFAULT '' COMMENT '字典类型',
  `css_class` varchar(100) CHARACTER SET utf8 COLLATE utf8_general_ci NULL DEFAULT NULL COMMENT '样式属性（其他样式扩展）',
  `list_class` varchar(100) CHARACTER SET utf8 COLLATE utf8_general_ci NULL DEFAULT NULL COMMENT '表格回显样式',
  `is_default` char(1) CHARACTER SET utf8 COLLATE utf8_general_ci NULL DEFAULT 'N' COMMENT '是否默认（Y是 N否）',
  `status` char(1) CHARACTER SET utf8 COLLATE utf8_general_ci NULL DEFAULT '0' COMMENT '状态（0正常 1停用）',
  `create_by` varchar(64) CHARACTER SET utf8 COLLATE utf8_general_ci NULL DEFAULT '' COMMENT '创建者',
  `create_time` datetime(0) NULL DEFAULT NULL COMMENT '创建时间',
  `update_by` varchar(64) CHARACTER SET utf8 COLLATE utf8_general_ci NULL DEFAULT '' COMMENT '更新者',
  `update_time` datetime(0) NULL DEFAULT NULL COMMENT '更新时间',
  `remark` varchar(500) CHARACTER SET utf8 COLLATE utf8_general_ci NULL DEFAULT NULL COMMENT '备注',
  PRIMARY KEY (`dict_code`) USING BTREE
) ENGINE = InnoDB AUTO_INCREMENT = 100 CHARACTER SET = utf8 COLLATE = utf8_general_ci COMMENT = '字典数据表' ROW_FORMAT = Dynamic;

-- ----------------------------
-- Records of sys_dict_data
-- ----------------------------
INSERT INTO `sys_dict_data` VALUES (1, 1, '男', '0', 'sys_user_sex', '', '', 'Y', '0', 'admin', '2018-03-16 11:33:00', 'ry', '2018-03-16 11:33:00', '性别男');
INSERT INTO `sys_dict_data` VALUES (2, 2, '女', '1', 'sys_user_sex', '', '', 'N', '0', 'admin', '2018-03-16 11:33:00', 'ry', '2018-03-16 11:33:00', '性别女');
INSERT INTO `sys_dict_data` VALUES (3, 3, '未知', '2', 'sys_user_sex', '', '', 'N', '0', 'admin', '2018-03-16 11:33:00', 'ry', '2018-03-16 11:33:00', '性别未知');
INSERT INTO `sys_dict_data` VALUES (4, 1, '显示', '0', 'sys_show_hide', '', 'primary', 'Y', '0', 'admin', '2018-03-16 11:33:00', 'ry', '2018-03-16 11:33:00', '显示菜单');
INSERT INTO `sys_dict_data` VALUES (5, 2, '隐藏', '1', 'sys_show_hide', '', 'danger', 'N', '0', 'admin', '2018-03-16 11:33:00', 'ry', '2018-03-16 11:33:00', '隐藏菜单');
INSERT INTO `sys_dict_data` VALUES (6, 1, '正常', '0', 'sys_normal_disable', '', 'primary', 'Y', '0', 'admin', '2018-03-16 11:33:00', 'ry', '2018-03-16 11:33:00', '正常状态');
INSERT INTO `sys_dict_data` VALUES (7, 2, '停用', '1', 'sys_normal_disable', '', 'danger', 'N', '0', 'admin', '2018-03-16 11:33:00', 'ry', '2018-03-16 11:33:00', '停用状态');
INSERT INTO `sys_dict_data` VALUES (8, 1, '正常', '0', 'sys_job_status', '', 'primary', 'Y', '0', 'admin', '2018-03-16 11:33:00', 'ry', '2018-03-16 11:33:00', '正常状态');
INSERT INTO `sys_dict_data` VALUES (9, 2, '暂停', '1', 'sys_job_status', '', 'danger', 'N', '0', 'admin', '2018-03-16 11:33:00', 'ry', '2018-03-16 11:33:00', '停用状态');
INSERT INTO `sys_dict_data` VALUES (10, 1, '默认', 'DEFAULT', 'sys_job_group', '', '', 'Y', '0', 'admin', '2018-03-16 11:33:00', 'ry', '2018-03-16 11:33:00', '默认分组');
INSERT INTO `sys_dict_data` VALUES (11, 2, '系统', 'SYSTEM', 'sys_job_group', '', '', 'N', '0', 'admin', '2018-03-16 11:33:00', 'ry', '2018-03-16 11:33:00', '系统分组');
INSERT INTO `sys_dict_data` VALUES (12, 1, '是', 'Y', 'sys_yes_no', '', 'primary', 'Y', '0', 'admin', '2018-03-16 11:33:00', 'ry', '2018-03-16 11:33:00', '系统默认是');
INSERT INTO `sys_dict_data` VALUES (13, 2, '否', 'N', 'sys_yes_no', '', 'danger', 'N', '0', 'admin', '2018-03-16 11:33:00', 'ry', '2018-03-16 11:33:00', '系统默认否');
INSERT INTO `sys_dict_data` VALUES (14, 1, '通知', '1', 'sys_notice_type', '', 'warning', 'Y', '0', 'admin', '2018-03-16 11:33:00', 'ry', '2018-03-16 11:33:00', '通知');
INSERT INTO `sys_dict_data` VALUES (15, 2, '公告', '2', 'sys_notice_type', '', 'success', 'N', '0', 'admin', '2018-03-16 11:33:00', 'ry', '2018-03-16 11:33:00', '公告');
INSERT INTO `sys_dict_data` VALUES (16, 1, '正常', '0', 'sys_notice_status', '', 'primary', 'Y', '0', 'admin', '2018-03-16 11:33:00', 'ry', '2018-03-16 11:33:00', '正常状态');
INSERT INTO `sys_dict_data` VALUES (17, 2, '关闭', '1', 'sys_notice_status', '', 'danger', 'N', '0', 'admin', '2018-03-16 11:33:00', 'ry', '2018-03-16 11:33:00', '关闭状态');
INSERT INTO `sys_dict_data` VALUES (18, 1, '新增', '1', 'sys_oper_type', '', 'info', 'N', '0', 'admin', '2018-03-16 11:33:00', 'ry', '2018-03-16 11:33:00', '新增操作');
INSERT INTO `sys_dict_data` VALUES (19, 2, '修改', '2', 'sys_oper_type', '', 'info', 'N', '0', 'admin', '2018-03-16 11:33:00', 'ry', '2018-03-16 11:33:00', '修改操作');
INSERT INTO `sys_dict_data` VALUES (20, 3, '删除', '3', 'sys_oper_type', '', 'danger', 'N', '0', 'admin', '2018-03-16 11:33:00', 'ry', '2018-03-16 11:33:00', '删除操作');
INSERT INTO `sys_dict_data` VALUES (21, 4, '授权', '4', 'sys_oper_type', '', 'primary', 'N', '0', 'admin', '2018-03-16 11:33:00', 'ry', '2018-03-16 11:33:00', '授权操作');
INSERT INTO `sys_dict_data` VALUES (22, 5, '导出', '5', 'sys_oper_type', '', 'warning', 'N', '0', 'admin', '2018-03-16 11:33:00', 'ry', '2018-03-16 11:33:00', '导出操作');
INSERT INTO `sys_dict_data` VALUES (23, 6, '导入', '6', 'sys_oper_type', '', 'warning', 'N', '0', 'admin', '2018-03-16 11:33:00', 'ry', '2018-03-16 11:33:00', '导入操作');
INSERT INTO `sys_dict_data` VALUES (24, 7, '强退', '7', 'sys_oper_type', '', 'danger', 'N', '0', 'admin', '2018-03-16 11:33:00', 'ry', '2018-03-16 11:33:00', '强退操作');
INSERT INTO `sys_dict_data` VALUES (25, 8, '生成代码', '8', 'sys_oper_type', '', 'warning', 'N', '0', 'admin', '2018-03-16 11:33:00', 'ry', '2018-03-16 11:33:00', '生成操作');
INSERT INTO `sys_dict_data` VALUES (26, 9, '清空数据', '9', 'sys_oper_type', '', 'danger', 'N', '0', 'admin', '2018-03-16 11:33:00', 'ry', '2018-03-16 11:33:00', '清空操作');
INSERT INTO `sys_dict_data` VALUES (27, 1, '成功', '0', 'sys_common_status', '', 'primary', 'N', '0', 'admin', '2018-03-16 11:33:00', 'ry', '2018-03-16 11:33:00', '正常状态');
INSERT INTO `sys_dict_data` VALUES (28, 2, '失败', '1', 'sys_common_status', '', 'danger', 'N', '0', 'admin', '2018-03-16 11:33:00', 'ry', '2018-03-16 11:33:00', '停用状态');

-- ----------------------------
-- Table structure for sys_dict_type
-- ----------------------------
DROP TABLE IF EXISTS `sys_dict_type`;
CREATE TABLE `sys_dict_type`  (
  `dict_id` bigint(20) NOT NULL AUTO_INCREMENT COMMENT '字典主键',
  `dict_name` varchar(100) CHARACTER SET utf8 COLLATE utf8_general_ci NULL DEFAULT '' COMMENT '字典名称',
  `dict_type` varchar(100) CHARACTER SET utf8 COLLATE utf8_general_ci NULL DEFAULT '' COMMENT '字典类型',
  `status` char(1) CHARACTER SET utf8 COLLATE utf8_general_ci NULL DEFAULT '0' COMMENT '状态（0正常 1停用）',
  `create_by` varchar(64) CHARACTER SET utf8 COLLATE utf8_general_ci NULL DEFAULT '' COMMENT '创建者',
  `create_time` datetime(0) NULL DEFAULT NULL COMMENT '创建时间',
  `update_by` varchar(64) CHARACTER SET utf8 COLLATE utf8_general_ci NULL DEFAULT '' COMMENT '更新者',
  `update_time` datetime(0) NULL DEFAULT NULL COMMENT '更新时间',
  `remark` varchar(500) CHARACTER SET utf8 COLLATE utf8_general_ci NULL DEFAULT NULL COMMENT '备注',
  PRIMARY KEY (`dict_id`) USING BTREE,
  UNIQUE INDEX `dict_type`(`dict_type`) USING BTREE
) ENGINE = InnoDB AUTO_INCREMENT = 10 CHARACTER SET = utf8 COLLATE = utf8_general_ci COMMENT = '字典类型表' ROW_FORMAT = Dynamic;

-- ----------------------------
-- Records of sys_dict_type
-- ----------------------------
INSERT INTO `sys_dict_type` VALUES (1, '用户性别', 'sys_user_sex', '0', 'admin', '2018-03-16 11:33:00', 'ry', '2018-03-16 11:33:00', '用户性别列表');
INSERT INTO `sys_dict_type` VALUES (2, '菜单状态', 'sys_show_hide', '0', 'admin', '2018-03-16 11:33:00', 'ry', '2018-03-16 11:33:00', '菜单状态列表');
INSERT INTO `sys_dict_type` VALUES (3, '系统开关', 'sys_normal_disable', '0', 'admin', '2018-03-16 11:33:00', 'ry', '2018-03-16 11:33:00', '系统开关列表');
INSERT INTO `sys_dict_type` VALUES (4, '任务状态', 'sys_job_status', '0', 'admin', '2018-03-16 11:33:00', 'ry', '2018-03-16 11:33:00', '任务状态列表');
INSERT INTO `sys_dict_type` VALUES (5, '任务分组', 'sys_job_group', '0', 'admin', '2018-03-16 11:33:00', 'ry', '2018-03-16 11:33:00', '任务分组列表');
INSERT INTO `sys_dict_type` VALUES (6, '系统是否', 'sys_yes_no', '0', 'admin', '2018-03-16 11:33:00', 'ry', '2018-03-16 11:33:00', '系统是否列表');
INSERT INTO `sys_dict_type` VALUES (7, '通知类型', 'sys_notice_type', '0', 'admin', '2018-03-16 11:33:00', 'ry', '2018-03-16 11:33:00', '通知类型列表');
INSERT INTO `sys_dict_type` VALUES (8, '通知状态', 'sys_notice_status', '0', 'admin', '2018-03-16 11:33:00', 'ry', '2018-03-16 11:33:00', '通知状态列表');
INSERT INTO `sys_dict_type` VALUES (9, '操作类型', 'sys_oper_type', '0', 'admin', '2018-03-16 11:33:00', 'ry', '2018-03-16 11:33:00', '操作类型列表');
INSERT INTO `sys_dict_type` VALUES (10, '系统状态', 'sys_common_status', '0', 'admin', '2018-03-16 11:33:00', 'ry', '2018-03-16 11:33:00', '登录状态列表');

-- ----------------------------
-- Table structure for sys_file_info
-- ----------------------------
DROP TABLE IF EXISTS `sys_file_info`;
CREATE TABLE `sys_file_info`  (
  `id` varchar(32) CHARACTER SET utf8 COLLATE utf8_general_ci NOT NULL COMMENT '编号',
  `name` varchar(50) CHARACTER SET utf8 COLLATE utf8_general_ci NOT NULL COMMENT '文件名称',
  `real_name` varchar(50) CHARACTER SET utf8 COLLATE utf8_general_ci NOT NULL COMMENT '文件真实名称',
  `file_size` bigint(10) NOT NULL COMMENT '文件大小(KB)',
  `extension` varchar(10) CHARACTER SET utf8 COLLATE utf8_general_ci NOT NULL COMMENT '文件类型',
  `content_type` varchar(30) CHARACTER SET utf8 COLLATE utf8_general_ci NOT NULL COMMENT '文件后缀类型',
  `directory` varchar(100) CHARACTER SET utf8 COLLATE utf8_general_ci NOT NULL COMMENT '存储路径',
  `visit_url` varchar(100) CHARACTER SET utf8 COLLATE utf8_general_ci NOT NULL COMMENT '访问路径',
  `create_time` datetime(0) NULL DEFAULT NULL COMMENT '创建时间',
  `create_user_id` int(11) NULL DEFAULT NULL COMMENT '创建用户id',
  `update_time` datetime(0) NULL DEFAULT NULL COMMENT '修改时间',
  `update_user_id` int(11) NULL DEFAULT NULL COMMENT '修改用户id',
  `del` int(4) NULL DEFAULT NULL COMMENT '是否删除(0.未删除  1.已删除)',
  `remark` varchar(50) CHARACTER SET utf8 COLLATE utf8_general_ci NULL DEFAULT NULL COMMENT '备注',
  PRIMARY KEY (`id`) USING BTREE
) ENGINE = InnoDB CHARACTER SET = utf8 COLLATE = utf8_general_ci COMMENT = '附件信息表' ROW_FORMAT = Dynamic;


-- ----------------------------
-- Table structure for sys_job
-- ----------------------------
DROP TABLE IF EXISTS `sys_job`;
CREATE TABLE `sys_job`  (
  `job_id` bigint(20) NOT NULL AUTO_INCREMENT COMMENT '任务ID',
  `job_name` varchar(64) CHARACTER SET utf8 COLLATE utf8_general_ci NOT NULL DEFAULT '' COMMENT '任务名称',
  `job_group` varchar(64) CHARACTER SET utf8 COLLATE utf8_general_ci NOT NULL DEFAULT 'DEFAULT' COMMENT '任务组名',
  `invoke_target` varchar(500) CHARACTER SET utf8 COLLATE utf8_general_ci NOT NULL COMMENT '调用目标字符串',
  `cron_expression` varchar(255) CHARACTER SET utf8 COLLATE utf8_general_ci NULL DEFAULT '' COMMENT 'cron执行表达式',
  `misfire_policy` varchar(20) CHARACTER SET utf8 COLLATE utf8_general_ci NULL DEFAULT '3' COMMENT '计划执行错误策略（1立即执行 2执行一次 3放弃执行）',
  `concurrent` char(1) CHARACTER SET utf8 COLLATE utf8_general_ci NULL DEFAULT '1' COMMENT '是否并发执行（0允许 1禁止）',
  `status` char(1) CHARACTER SET utf8 COLLATE utf8_general_ci NULL DEFAULT '0' COMMENT '状态（0正常 1暂停）',
  `create_by` varchar(64) CHARACTER SET utf8 COLLATE utf8_general_ci NULL DEFAULT '' COMMENT '创建者',
  `create_time` datetime(0) NULL DEFAULT NULL COMMENT '创建时间',
  `update_by` varchar(64) CHARACTER SET utf8 COLLATE utf8_general_ci NULL DEFAULT '' COMMENT '更新者',
  `update_time` datetime(0) NULL DEFAULT NULL COMMENT '更新时间',
  `remark` varchar(500) CHARACTER SET utf8 COLLATE utf8_general_ci NULL DEFAULT '' COMMENT '备注信息',
  PRIMARY KEY (`job_id`, `job_name`, `job_group`) USING BTREE
) ENGINE = InnoDB AUTO_INCREMENT = 100 CHARACTER SET = utf8 COLLATE = utf8_general_ci COMMENT = '定时任务调度表' ROW_FORMAT = Dynamic;

-- ----------------------------
-- Records of sys_job
-- ----------------------------
INSERT INTO `sys_job` VALUES (1, '系统默认（无参）', 'DEFAULT', 'ryTask.ryNoParams', '0/10 * * * * ?', '3', '1', '1', 'admin', '2018-03-16 11:33:00', 'ry', '2018-03-16 11:33:00', '');
INSERT INTO `sys_job` VALUES (2, '系统默认（有参）', 'DEFAULT', 'ryTask.ryParams(\'ry\')', '0/15 * * * * ?', '3', '1', '1', 'admin', '2018-03-16 11:33:00', 'ry', '2018-03-16 11:33:00', '');
INSERT INTO `sys_job` VALUES (3, '系统默认（多参）', 'DEFAULT', 'ryTask.ryMultipleParams(\'ry\', true, 2000L, 316.50D, 100)', '0/20 * * * * ?', '3', '1', '1', 'admin', '2018-03-16 11:33:00', 'ry', '2018-03-16 11:33:00', '');

-- ----------------------------
-- Table structure for sys_job_log
-- ----------------------------
DROP TABLE IF EXISTS `sys_job_log`;
CREATE TABLE `sys_job_log`  (
  `job_log_id` bigint(20) NOT NULL AUTO_INCREMENT COMMENT '任务日志ID',
  `job_name` varchar(64) CHARACTER SET utf8 COLLATE utf8_general_ci NOT NULL COMMENT '任务名称',
  `job_group` varchar(64) CHARACTER SET utf8 COLLATE utf8_general_ci NOT NULL COMMENT '任务组名',
  `invoke_target` varchar(500) CHARACTER SET utf8 COLLATE utf8_general_ci NOT NULL COMMENT '调用目标字符串',
  `job_message` varchar(500) CHARACTER SET utf8 COLLATE utf8_general_ci NULL DEFAULT NULL COMMENT '日志信息',
  `status` char(1) CHARACTER SET utf8 COLLATE utf8_general_ci NULL DEFAULT '0' COMMENT '执行状态（0正常 1失败）',
  `exception_info` varchar(2000) CHARACTER SET utf8 COLLATE utf8_general_ci NULL DEFAULT '' COMMENT '异常信息',
  `create_time` datetime(0) NULL DEFAULT NULL COMMENT '创建时间',
  PRIMARY KEY (`job_log_id`) USING BTREE
) ENGINE = InnoDB CHARACTER SET = utf8 COLLATE = utf8_general_ci COMMENT = '定时任务调度日志表' ROW_FORMAT = Dynamic;

-- ----------------------------
-- Table structure for sys_logininfor
-- ----------------------------
DROP TABLE IF EXISTS `sys_logininfor`;
CREATE TABLE `sys_logininfor`  (
  `info_id` bigint(20) NOT NULL AUTO_INCREMENT COMMENT '访问ID',
  `login_name` varchar(50) CHARACTER SET utf8 COLLATE utf8_general_ci NULL DEFAULT '' COMMENT '登录账号',
  `ipaddr` varchar(50) CHARACTER SET utf8 COLLATE utf8_general_ci NULL DEFAULT '' COMMENT '登录IP地址',
  `login_location` varchar(255) CHARACTER SET utf8 COLLATE utf8_general_ci NULL DEFAULT '' COMMENT '登录地点',
  `browser` varchar(50) CHARACTER SET utf8 COLLATE utf8_general_ci NULL DEFAULT '' COMMENT '浏览器类型',
  `os` varchar(50) CHARACTER SET utf8 COLLATE utf8_general_ci NULL DEFAULT '' COMMENT '操作系统',
  `status` char(1) CHARACTER SET utf8 COLLATE utf8_general_ci NULL DEFAULT '0' COMMENT '登录状态（0成功 1失败）',
  `msg` varchar(255) CHARACTER SET utf8 COLLATE utf8_general_ci NULL DEFAULT '' COMMENT '提示消息',
  `login_time` datetime(0) NULL DEFAULT NULL COMMENT '访问时间',
  PRIMARY KEY (`info_id`) USING BTREE
) ENGINE = InnoDB AUTO_INCREMENT = 214 CHARACTER SET = utf8 COLLATE = utf8_general_ci COMMENT = '系统访问记录' ROW_FORMAT = Dynamic;

-- ----------------------------
-- Records of sys_logininfor
-- ----------------------------
INSERT INTO `sys_logininfor` VALUES (100, 'admin', '127.0.0.1', '内网IP', 'Chrome', 'Windows 10', '0', '登录成功', '2020-01-04 16:27:06');
INSERT INTO `sys_logininfor` VALUES (101, 'admin', '127.0.0.1', '内网IP', 'Chrome', 'Windows 10', '0', '登录成功', '2020-01-04 16:31:50');
INSERT INTO `sys_logininfor` VALUES (102, 'admin', '127.0.0.1', '内网IP', 'Chrome', 'Windows 10', '0', '登录成功', '2020-01-04 16:40:51');
INSERT INTO `sys_logininfor` VALUES (103, 'admin', '127.0.0.1', '内网IP', 'Chrome', 'Windows 10', '0', '退出成功', '2020-01-04 16:43:33');
INSERT INTO `sys_logininfor` VALUES (104, 'admin', '127.0.0.1', '内网IP', 'Chrome', 'Windows 10', '0', '登录成功', '2020-01-04 16:43:37');
INSERT INTO `sys_logininfor` VALUES (105, 'admin', '127.0.0.1', '内网IP', 'Chrome', 'Windows 10', '0', '登录成功', '2020-01-04 16:45:15');
INSERT INTO `sys_logininfor` VALUES (106, 'admin', '127.0.0.1', '内网IP', 'Chrome', 'Windows 10', '0', '退出成功', '2020-01-04 16:49:29');
INSERT INTO `sys_logininfor` VALUES (107, 'admin', '127.0.0.1', '内网IP', 'Chrome', 'Windows 10', '1', '验证码错误', '2020-01-04 16:49:37');
INSERT INTO `sys_logininfor` VALUES (108, 'admin', '127.0.0.1', '内网IP', 'Chrome', 'Windows 10', '0', '登录成功', '2020-01-04 16:49:41');
INSERT INTO `sys_logininfor` VALUES (109, 'admin', '127.0.0.1', '内网IP', 'Chrome', 'Windows 10', '0', '登录成功', '2020-01-04 16:53:22');
INSERT INTO `sys_logininfor` VALUES (110, 'admin', '127.0.0.1', '内网IP', 'Chrome', 'Windows 10', '0', '登录成功', '2020-01-04 17:15:36');
INSERT INTO `sys_logininfor` VALUES (111, 'admin', '127.0.0.1', '内网IP', 'Chrome', 'Windows 10', '1', '验证码错误', '2020-01-04 17:18:16');
INSERT INTO `sys_logininfor` VALUES (112, 'admin', '127.0.0.1', '内网IP', 'Chrome', 'Windows 10', '0', '登录成功', '2020-01-04 17:18:19');
INSERT INTO `sys_logininfor` VALUES (113, 'admin', '127.0.0.1', '内网IP', 'Chrome', 'Windows 10', '0', '登录成功', '2020-01-04 17:21:47');
INSERT INTO `sys_logininfor` VALUES (114, 'admin', '127.0.0.1', '内网IP', 'Chrome', 'Windows 10', '1', '验证码错误', '2020-01-04 17:26:22');
INSERT INTO `sys_logininfor` VALUES (115, 'admin', '127.0.0.1', '内网IP', 'Chrome', 'Windows 10', '0', '登录成功', '2020-01-04 17:26:24');
INSERT INTO `sys_logininfor` VALUES (116, 'admin', '127.0.0.1', '内网IP', 'Chrome', 'Windows 10', '0', '登录成功', '2020-01-04 17:31:57');
INSERT INTO `sys_logininfor` VALUES (117, 'admin', '127.0.0.1', '内网IP', 'Chrome', 'Windows 10', '0', '登录成功', '2020-01-04 17:34:43');
INSERT INTO `sys_logininfor` VALUES (118, 'admin', '127.0.0.1', '内网IP', 'Chrome', 'Windows 10', '0', '登录成功', '2020-01-04 17:38:09');
INSERT INTO `sys_logininfor` VALUES (119, 'admin', '127.0.0.1', '内网IP', 'Chrome', 'Windows 10', '1', '验证码错误', '2020-01-06 09:45:13');
INSERT INTO `sys_logininfor` VALUES (120, 'admin', '127.0.0.1', '内网IP', 'Chrome', 'Windows 10', '0', '登录成功', '2020-01-06 09:45:17');
INSERT INTO `sys_logininfor` VALUES (121, 'admin', '127.0.0.1', '内网IP', 'Chrome', 'Windows 10', '0', '登录成功', '2020-01-06 09:45:18');
INSERT INTO `sys_logininfor` VALUES (122, 'admin', '127.0.0.1', '内网IP', 'Chrome', 'Windows 10', '0', '登录成功', '2020-01-06 09:45:32');
INSERT INTO `sys_logininfor` VALUES (123, 'admin', '127.0.0.1', '内网IP', 'Chrome', 'Windows 10', '0', '登录成功', '2020-01-06 10:09:06');
INSERT INTO `sys_logininfor` VALUES (124, 'admin', '127.0.0.1', '内网IP', 'Chrome', 'Windows 10', '0', '登录成功', '2020-01-06 13:39:23');
INSERT INTO `sys_logininfor` VALUES (125, 'admin', '127.0.0.1', '内网IP', 'Chrome', 'Windows 10', '0', '登录成功', '2020-01-06 13:45:10');
INSERT INTO `sys_logininfor` VALUES (126, 'admin', '127.0.0.1', '内网IP', 'Chrome', 'Windows 10', '0', '登录成功', '2020-01-06 13:49:01');
INSERT INTO `sys_logininfor` VALUES (127, 'admin', '127.0.0.1', '内网IP', 'Chrome', 'Windows 10', '0', '登录成功', '2020-01-06 13:52:49');
INSERT INTO `sys_logininfor` VALUES (128, 'admin', '127.0.0.1', '内网IP', 'Chrome', 'Windows 10', '0', '登录成功', '2020-01-06 14:05:56');
INSERT INTO `sys_logininfor` VALUES (129, 'admin', '127.0.0.1', '内网IP', 'Chrome', 'Windows 10', '0', '登录成功', '2020-01-06 14:10:54');
INSERT INTO `sys_logininfor` VALUES (130, 'admin', '127.0.0.1', '内网IP', 'Chrome', 'Windows 10', '0', '登录成功', '2020-01-06 14:21:44');
INSERT INTO `sys_logininfor` VALUES (131, 'admin', '127.0.0.1', '内网IP', 'Chrome', 'Windows 10', '0', '登录成功', '2020-01-06 14:34:39');
INSERT INTO `sys_logininfor` VALUES (132, 'admin', '127.0.0.1', '内网IP', 'Chrome', 'Windows 10', '0', '登录成功', '2020-01-06 14:38:49');
INSERT INTO `sys_logininfor` VALUES (133, 'admin', '127.0.0.1', '内网IP', 'Chrome', 'Windows 10', '0', '登录成功', '2020-01-06 14:41:56');
INSERT INTO `sys_logininfor` VALUES (134, 'admin', '127.0.0.1', '内网IP', 'Chrome', 'Windows 10', '0', '登录成功', '2020-01-06 14:58:57');
INSERT INTO `sys_logininfor` VALUES (135, 'admin', '127.0.0.1', '内网IP', 'Chrome', 'Windows 10', '0', '登录成功', '2020-01-06 15:00:42');
INSERT INTO `sys_logininfor` VALUES (136, 'admin', '127.0.0.1', '内网IP', 'Chrome', 'Windows 10', '0', '登录成功', '2020-01-06 15:22:43');
INSERT INTO `sys_logininfor` VALUES (137, 'admin', '127.0.0.1', '内网IP', 'Chrome', 'Windows 10', '0', '登录成功', '2020-01-06 15:26:35');
INSERT INTO `sys_logininfor` VALUES (138, 'admin', '127.0.0.1', '内网IP', 'Chrome', 'Windows 10', '0', '登录成功', '2020-01-06 15:55:49');
INSERT INTO `sys_logininfor` VALUES (139, 'admin', '127.0.0.1', '内网IP', 'Chrome', 'Windows 10', '0', '登录成功', '2020-01-06 16:49:58');
INSERT INTO `sys_logininfor` VALUES (140, 'admin', '127.0.0.1', '内网IP', 'Chrome', 'Windows 10', '0', '登录成功', '2020-01-06 17:25:12');
INSERT INTO `sys_logininfor` VALUES (141, 'admin', '127.0.0.1', '内网IP', 'Chrome', 'Windows 10', '0', '登录成功', '2020-01-06 17:45:35');
INSERT INTO `sys_logininfor` VALUES (142, 'admin', '127.0.0.1', '内网IP', 'Chrome', 'Windows 10', '0', '登录成功', '2020-01-07 11:24:36');
INSERT INTO `sys_logininfor` VALUES (143, 'admin', '127.0.0.1', '内网IP', 'Chrome', 'Windows 10', '0', '登录成功', '2020-01-07 11:24:37');
INSERT INTO `sys_logininfor` VALUES (144, 'admin', '127.0.0.1', '内网IP', 'Chrome', 'Windows 10', '0', '登录成功', '2020-01-07 11:24:45');
INSERT INTO `sys_logininfor` VALUES (145, 'admin', '127.0.0.1', '内网IP', 'Chrome', 'Windows 10', '0', '登录成功', '2020-01-07 13:19:13');
INSERT INTO `sys_logininfor` VALUES (146, 'admin', '127.0.0.1', '内网IP', 'Chrome', 'Windows 10', '0', '登录成功', '2020-01-07 13:22:31');
INSERT INTO `sys_logininfor` VALUES (147, 'admin', '127.0.0.1', '内网IP', 'Chrome', 'Windows 10', '0', '登录成功', '2020-01-07 13:40:56');
INSERT INTO `sys_logininfor` VALUES (148, 'admin', '127.0.0.1', '内网IP', 'Chrome', 'Windows 10', '0', '登录成功', '2020-01-07 14:05:34');
INSERT INTO `sys_logininfor` VALUES (149, 'admin', '127.0.0.1', '内网IP', 'Chrome', 'Windows 10', '0', '登录成功', '2020-01-07 14:07:16');
INSERT INTO `sys_logininfor` VALUES (150, 'admin', '127.0.0.1', '内网IP', 'Chrome', 'Windows 10', '0', '登录成功', '2020-01-09 10:11:30');
INSERT INTO `sys_logininfor` VALUES (151, 'admin', '127.0.0.1', '内网IP', 'Chrome', 'Windows 10', '0', '登录成功', '2020-01-11 09:33:34');
INSERT INTO `sys_logininfor` VALUES (152, 'admin', '127.0.0.1', '内网IP', 'Chrome', 'Windows 10', '0', '登录成功', '2020-01-11 09:43:25');
INSERT INTO `sys_logininfor` VALUES (153, 'admin', '127.0.0.1', '内网IP', 'Chrome', 'Windows 10', '0', '登录成功', '2020-01-11 10:29:30');
INSERT INTO `sys_logininfor` VALUES (154, 'admin', '127.0.0.1', '内网IP', 'Chrome', 'Windows 10', '0', '登录成功', '2020-01-11 10:31:40');
INSERT INTO `sys_logininfor` VALUES (155, 'admin', '127.0.0.1', '内网IP', 'Chrome', 'Windows 10', '0', '登录成功', '2020-01-11 14:39:51');
INSERT INTO `sys_logininfor` VALUES (156, 'admin', '127.0.0.1', '内网IP', 'Microsoft Edge', 'Windows 10', '0', '登录成功', '2020-01-13 14:20:50');
INSERT INTO `sys_logininfor` VALUES (157, 'admin', '127.0.0.1', '内网IP', 'Chrome', 'Windows 10', '0', '登录成功', '2020-01-13 14:23:52');
INSERT INTO `sys_logininfor` VALUES (158, 'admin', '127.0.0.1', '内网IP', 'Chrome', 'Windows 10', '0', '登录成功', '2020-01-13 16:26:42');
INSERT INTO `sys_logininfor` VALUES (159, 'admin', '127.0.0.1', '内网IP', 'Chrome', 'Windows 10', '0', '登录成功', '2020-01-13 16:26:50');
INSERT INTO `sys_logininfor` VALUES (160, 'admin', '127.0.0.1', '内网IP', 'Chrome', 'Windows 10', '0', '登录成功', '2020-01-13 16:36:39');
INSERT INTO `sys_logininfor` VALUES (161, 'admin', '127.0.0.1', '内网IP', 'Chrome', 'Windows 10', '0', '登录成功', '2020-01-13 16:52:43');
INSERT INTO `sys_logininfor` VALUES (162, 'admin', '127.0.0.1', '内网IP', 'Chrome', 'Windows 10', '0', '登录成功', '2020-01-13 17:38:03');
INSERT INTO `sys_logininfor` VALUES (163, 'admin', '127.0.0.1', '内网IP', 'Chrome', 'Windows 10', '0', '登录成功', '2020-01-13 17:43:50');
INSERT INTO `sys_logininfor` VALUES (164, 'admin', '127.0.0.1', '内网IP', 'Chrome', 'Windows 10', '0', '登录成功', '2020-01-13 17:47:10');
INSERT INTO `sys_logininfor` VALUES (165, 'admin', '127.0.0.1', '内网IP', 'Chrome', 'Windows 10', '0', '登录成功', '2020-01-14 09:17:28');
INSERT INTO `sys_logininfor` VALUES (166, 'admin', '127.0.0.1', '内网IP', 'Chrome', 'Windows 10', '0', '登录成功', '2020-01-14 11:00:54');
INSERT INTO `sys_logininfor` VALUES (167, 'admin', '127.0.0.1', '内网IP', 'Chrome', 'Windows 10', '0', '登录成功', '2020-01-14 11:15:33');
INSERT INTO `sys_logininfor` VALUES (168, 'admin', '127.0.0.1', '内网IP', 'Chrome', 'Windows 10', '0', '登录成功', '2020-01-14 14:04:29');
INSERT INTO `sys_logininfor` VALUES (169, 'admin', '127.0.0.1', '内网IP', 'Chrome', 'Windows 10', '0', '登录成功', '2020-01-14 14:31:21');
INSERT INTO `sys_logininfor` VALUES (170, 'admin', '127.0.0.1', '内网IP', 'Chrome', 'Windows 10', '0', '登录成功', '2020-01-14 14:53:44');
INSERT INTO `sys_logininfor` VALUES (171, 'admin', '127.0.0.1', '内网IP', 'Chrome', 'Windows 10', '0', '登录成功', '2020-01-14 15:03:49');
INSERT INTO `sys_logininfor` VALUES (172, 'admin', '127.0.0.1', '内网IP', 'Chrome', 'Windows 10', '0', '登录成功', '2020-01-14 15:10:07');
INSERT INTO `sys_logininfor` VALUES (173, 'admin', '127.0.0.1', '内网IP', 'Chrome', 'Windows 10', '0', '登录成功', '2020-01-14 15:22:21');
INSERT INTO `sys_logininfor` VALUES (174, 'admin', '127.0.0.1', '内网IP', 'Chrome', 'Windows 10', '0', '登录成功', '2020-01-14 15:41:39');
INSERT INTO `sys_logininfor` VALUES (175, 'admin', '127.0.0.1', '内网IP', 'Chrome', 'Windows 10', '0', '登录成功', '2020-01-14 16:08:45');
INSERT INTO `sys_logininfor` VALUES (176, 'admin', '127.0.0.1', '内网IP', 'Chrome', 'Windows 10', '0', '登录成功', '2020-01-14 17:51:01');
INSERT INTO `sys_logininfor` VALUES (177, 'admin', '127.0.0.1', '内网IP', 'Chrome', 'Windows 10', '0', '登录成功', '2020-01-14 18:01:30');
INSERT INTO `sys_logininfor` VALUES (178, 'admin', '127.0.0.1', '内网IP', 'Chrome', 'Windows 10', '0', '登录成功', '2020-01-15 09:52:07');
INSERT INTO `sys_logininfor` VALUES (179, 'admin', '127.0.0.1', '内网IP', 'Chrome', 'Windows 10', '0', '登录成功', '2020-01-15 10:02:47');
INSERT INTO `sys_logininfor` VALUES (180, 'admin', '127.0.0.1', '内网IP', 'Chrome', 'Windows 10', '0', '登录成功', '2020-01-15 10:20:48');
INSERT INTO `sys_logininfor` VALUES (181, 'admin', '127.0.0.1', '内网IP', 'Chrome', 'Windows 10', '0', '登录成功', '2020-01-15 10:36:41');
INSERT INTO `sys_logininfor` VALUES (182, 'admin', '127.0.0.1', '内网IP', 'Chrome', 'Windows 10', '0', '登录成功', '2020-01-15 10:53:23');
INSERT INTO `sys_logininfor` VALUES (183, 'admin', '127.0.0.1', '内网IP', 'Chrome', 'Windows 10', '0', '登录成功', '2020-01-15 11:08:12');
INSERT INTO `sys_logininfor` VALUES (184, 'admin', '127.0.0.1', '内网IP', 'Chrome', 'Windows 10', '0', '登录成功', '2020-01-15 11:16:03');
INSERT INTO `sys_logininfor` VALUES (185, 'admin', '127.0.0.1', '内网IP', 'Chrome', 'Windows 10', '0', '登录成功', '2020-01-15 13:49:41');
INSERT INTO `sys_logininfor` VALUES (186, 'admin', '127.0.0.1', '内网IP', 'Chrome', 'Windows 10', '0', '登录成功', '2020-01-15 14:15:12');
INSERT INTO `sys_logininfor` VALUES (187, 'admin', '127.0.0.1', '内网IP', 'Chrome', 'Windows 10', '0', '登录成功', '2020-01-15 14:58:14');
INSERT INTO `sys_logininfor` VALUES (188, 'admin', '127.0.0.1', '内网IP', 'Chrome', 'Windows 10', '0', '登录成功', '2020-01-15 15:38:38');
INSERT INTO `sys_logininfor` VALUES (189, 'admin', '127.0.0.1', '内网IP', 'Chrome', 'Windows 10', '0', '登录成功', '2020-01-15 16:00:38');
INSERT INTO `sys_logininfor` VALUES (190, 'admin', '127.0.0.1', '内网IP', 'Chrome', 'Windows 10', '0', '登录成功', '2020-01-15 16:09:05');
INSERT INTO `sys_logininfor` VALUES (191, 'admin', '127.0.0.1', '内网IP', 'Chrome', 'Windows 10', '0', '登录成功', '2020-01-16 09:19:22');
INSERT INTO `sys_logininfor` VALUES (192, 'admin', '127.0.0.1', '内网IP', 'Chrome', 'Windows 10', '0', '登录成功', '2020-01-16 09:31:49');
INSERT INTO `sys_logininfor` VALUES (193, 'admin', '127.0.0.1', '内网IP', 'Chrome', 'Windows 10', '0', '登录成功', '2020-01-16 10:12:42');
INSERT INTO `sys_logininfor` VALUES (194, 'admin', '127.0.0.1', '内网IP', 'Chrome', 'Windows 10', '0', '登录成功', '2020-01-16 10:16:16');
INSERT INTO `sys_logininfor` VALUES (195, 'admin', '127.0.0.1', '内网IP', 'Chrome', 'Windows 10', '0', '登录成功', '2020-01-16 10:21:18');
INSERT INTO `sys_logininfor` VALUES (196, 'admin', '127.0.0.1', '内网IP', 'Chrome', 'Windows 10', '0', '登录成功', '2020-01-16 10:28:57');
INSERT INTO `sys_logininfor` VALUES (197, 'admin', '127.0.0.1', '内网IP', 'Chrome', 'Windows 10', '0', '登录成功', '2020-01-16 10:29:35');
INSERT INTO `sys_logininfor` VALUES (198, 'admin', '127.0.0.1', '内网IP', 'Chrome', 'Windows 10', '0', '登录成功', '2020-01-16 10:36:30');
INSERT INTO `sys_logininfor` VALUES (199, 'admin', '127.0.0.1', '内网IP', 'Chrome', 'Windows 10', '0', '登录成功', '2020-01-16 10:39:10');
INSERT INTO `sys_logininfor` VALUES (200, 'admin', '127.0.0.1', '内网IP', 'Chrome', 'Windows 10', '0', '登录成功', '2020-01-16 10:54:49');
INSERT INTO `sys_logininfor` VALUES (201, 'admin', '127.0.0.1', '内网IP', 'Chrome', 'Windows 10', '0', '登录成功', '2020-01-16 11:11:55');
INSERT INTO `sys_logininfor` VALUES (202, 'admin', '127.0.0.1', '内网IP', 'Chrome', 'Windows 10', '0', '登录成功', '2020-01-16 13:47:54');
INSERT INTO `sys_logininfor` VALUES (203, 'admin', '127.0.0.1', '内网IP', 'Chrome', 'Windows 10', '0', '登录成功', '2020-01-16 14:15:22');
INSERT INTO `sys_logininfor` VALUES (204, 'admin', '127.0.0.1', '内网IP', 'Chrome', 'Windows 10', '0', '登录成功', '2020-01-16 14:39:53');
INSERT INTO `sys_logininfor` VALUES (205, 'admin', '127.0.0.1', '内网IP', 'Chrome', 'Windows 10', '0', '登录成功', '2020-01-16 14:52:22');
INSERT INTO `sys_logininfor` VALUES (206, 'admin', '127.0.0.1', '内网IP', 'Chrome', 'Windows 10', '0', '登录成功', '2020-01-16 15:10:34');
INSERT INTO `sys_logininfor` VALUES (207, 'admin', '127.0.0.1', '内网IP', 'Chrome', 'Windows 10', '0', '登录成功', '2020-01-16 15:31:00');
INSERT INTO `sys_logininfor` VALUES (208, 'admin', '127.0.0.1', '内网IP', 'Chrome', 'Windows 10', '0', '登录成功', '2020-01-16 15:44:37');
INSERT INTO `sys_logininfor` VALUES (209, 'admin', '127.0.0.1', '内网IP', 'Chrome', 'Windows 10', '0', '登录成功', '2020-01-16 15:52:43');
INSERT INTO `sys_logininfor` VALUES (210, 'admin', '127.0.0.1', '内网IP', 'Chrome', 'Windows 10', '0', '登录成功', '2020-01-16 16:00:35');
INSERT INTO `sys_logininfor` VALUES (211, 'admin', '127.0.0.1', '内网IP', 'Chrome', 'Windows 10', '0', '登录成功', '2020-01-16 16:36:30');
INSERT INTO `sys_logininfor` VALUES (212, 'admin', '127.0.0.1', '内网IP', 'Chrome', 'Windows 10', '0', '登录成功', '2020-01-16 17:23:34');
INSERT INTO `sys_logininfor` VALUES (213, 'admin', '127.0.0.1', '内网IP', 'Chrome', 'Windows 10', '0', '登录成功', '2020-01-18 09:57:56');
INSERT INTO `sys_logininfor` VALUES (214, 'admin', '127.0.0.1', '内网IP', 'Chrome', 'Windows 10', '0', '登录成功', '2020-01-18 10:17:11');
INSERT INTO `sys_logininfor` VALUES (215, 'admin', '127.0.0.1', '内网IP', 'Chrome', 'Windows 10', '0', '登录成功', '2020-01-18 10:47:30');
INSERT INTO `sys_logininfor` VALUES (216, 'admin', '127.0.0.1', '内网IP', 'Chrome', 'Windows 10', '0', '登录成功', '2020-01-18 13:11:59');
INSERT INTO `sys_logininfor` VALUES (217, 'admin', '127.0.0.1', '内网IP', 'Chrome', 'Windows 10', '0', '登录成功', '2020-01-18 13:31:54');
INSERT INTO `sys_logininfor` VALUES (218, 'admin', '127.0.0.1', '内网IP', 'Chrome', 'Windows 10', '0', '登录成功', '2020-01-18 13:42:30');
INSERT INTO `sys_logininfor` VALUES (219, 'admin', '127.0.0.1', '内网IP', 'Chrome', 'Windows 10', '0', '登录成功', '2020-01-18 13:52:12');
INSERT INTO `sys_logininfor` VALUES (220, 'admin', '127.0.0.1', '内网IP', 'Chrome', 'Windows 10', '0', '登录成功', '2020-01-18 14:02:29');
INSERT INTO `sys_logininfor` VALUES (221, 'admin', '127.0.0.1', '内网IP', 'Chrome', 'Windows 10', '0', '登录成功', '2020-01-18 14:22:18');

-- ----------------------------
-- Table structure for sys_menu
-- ----------------------------
DROP TABLE IF EXISTS `sys_menu`;
CREATE TABLE `sys_menu`  (
  `menu_id` bigint(20) NOT NULL AUTO_INCREMENT COMMENT '菜单ID',
  `menu_name` varchar(50) CHARACTER SET utf8 COLLATE utf8_general_ci NOT NULL COMMENT '菜单名称',
  `parent_id` bigint(20) NULL DEFAULT 0 COMMENT '父菜单ID',
  `order_num` int(4) NULL DEFAULT 0 COMMENT '显示顺序',
  `url` varchar(200) CHARACTER SET utf8 COLLATE utf8_general_ci NULL DEFAULT '#' COMMENT '请求地址',
  `target` varchar(20) CHARACTER SET utf8 COLLATE utf8_general_ci NULL DEFAULT '' COMMENT '打开方式（menuItem页签 menuBlank新窗口）',
  `menu_type` char(1) CHARACTER SET utf8 COLLATE utf8_general_ci NULL DEFAULT '' COMMENT '菜单类型（M目录 C菜单 F按钮）',
  `visible` char(1) CHARACTER SET utf8 COLLATE utf8_general_ci NULL DEFAULT '0' COMMENT '菜单状态（0显示 1隐藏）',
  `perms` varchar(100) CHARACTER SET utf8 COLLATE utf8_general_ci NULL DEFAULT NULL COMMENT '权限标识',
  `icon` varchar(100) CHARACTER SET utf8 COLLATE utf8_general_ci NULL DEFAULT '#' COMMENT '菜单图标',
  `create_by` varchar(64) CHARACTER SET utf8 COLLATE utf8_general_ci NULL DEFAULT '' COMMENT '创建者',
  `create_time` datetime(0) NULL DEFAULT NULL COMMENT '创建时间',
  `update_by` varchar(64) CHARACTER SET utf8 COLLATE utf8_general_ci NULL DEFAULT '' COMMENT '更新者',
  `update_time` datetime(0) NULL DEFAULT NULL COMMENT '更新时间',
  `remark` varchar(500) CHARACTER SET utf8 COLLATE utf8_general_ci NULL DEFAULT '' COMMENT '备注',
  PRIMARY KEY (`menu_id`) USING BTREE
) ENGINE = InnoDB AUTO_INCREMENT = 2007 CHARACTER SET = utf8 COLLATE = utf8_general_ci COMMENT = '菜单权限表' ROW_FORMAT = Dynamic;

-- ----------------------------
-- Records of sys_menu
-- ----------------------------
INSERT INTO `sys_menu` VALUES (1, '系统管理', 0, 1, '#', '', 'M', '0', '', 'fa fa-gear', 'admin', '2018-03-16 11:33:00', 'ry', '2018-03-16 11:33:00', '系统管理目录');
INSERT INTO `sys_menu` VALUES (2, '系统监控', 0, 2, '#', '', 'M', '0', '', 'fa fa-video-camera', 'admin', '2018-03-16 11:33:00', 'ry', '2018-03-16 11:33:00', '系统监控目录');
INSERT INTO `sys_menu` VALUES (3, '系统工具', 0, 3, '#', '', 'M', '0', '', 'fa fa-bars', 'admin', '2018-03-16 11:33:00', 'ry', '2018-03-16 11:33:00', '系统工具目录');
INSERT INTO `sys_menu` VALUES (100, '用户管理', 1, 1, '/system/user', '', 'C', '0', 'system:user:view', '#', 'admin', '2018-03-16 11:33:00', 'ry', '2018-03-16 11:33:00', '用户管理菜单');
INSERT INTO `sys_menu` VALUES (101, '角色管理', 1, 2, '/system/role', '', 'C', '0', 'system:role:view', '#', 'admin', '2018-03-16 11:33:00', 'ry', '2018-03-16 11:33:00', '角色管理菜单');
INSERT INTO `sys_menu` VALUES (102, '菜单管理', 1, 3, '/system/menu', '', 'C', '0', 'system:menu:view', '#', 'admin', '2018-03-16 11:33:00', 'ry', '2018-03-16 11:33:00', '菜单管理菜单');
INSERT INTO `sys_menu` VALUES (103, '部门管理', 1, 4, '/system/dept', '', 'C', '0', 'system:dept:view', '#', 'admin', '2018-03-16 11:33:00', 'ry', '2018-03-16 11:33:00', '部门管理菜单');
INSERT INTO `sys_menu` VALUES (104, '岗位管理', 1, 5, '/system/post', '', 'C', '0', 'system:post:view', '#', 'admin', '2018-03-16 11:33:00', 'ry', '2018-03-16 11:33:00', '岗位管理菜单');
INSERT INTO `sys_menu` VALUES (105, '字典管理', 1, 6, '/system/dict', '', 'C', '0', 'system:dict:view', '#', 'admin', '2018-03-16 11:33:00', 'ry', '2018-03-16 11:33:00', '字典管理菜单');
INSERT INTO `sys_menu` VALUES (106, '参数设置', 1, 7, '/system/config', '', 'C', '0', 'system:config:view', '#', 'admin', '2018-03-16 11:33:00', 'ry', '2018-03-16 11:33:00', '参数设置菜单');
INSERT INTO `sys_menu` VALUES (107, '通知公告', 1, 8, '/system/notice', '', 'C', '0', 'system:notice:view', '#', 'admin', '2018-03-16 11:33:00', 'ry', '2018-03-16 11:33:00', '通知公告菜单');
INSERT INTO `sys_menu` VALUES (108, '日志管理', 1, 9, '#', '', 'M', '0', '', '#', 'admin', '2018-03-16 11:33:00', 'ry', '2018-03-16 11:33:00', '日志管理菜单');
INSERT INTO `sys_menu` VALUES (109, '在线用户', 2, 1, '/monitor/online', '', 'C', '0', 'monitor:online:view', '#', 'admin', '2018-03-16 11:33:00', 'ry', '2018-03-16 11:33:00', '在线用户菜单');
INSERT INTO `sys_menu` VALUES (110, '定时任务', 2, 2, '/monitor/job', '', 'C', '0', 'monitor:job:view', '#', 'admin', '2018-03-16 11:33:00', 'ry', '2018-03-16 11:33:00', '定时任务菜单');
INSERT INTO `sys_menu` VALUES (111, '数据监控', 2, 3, '/monitor/data', '', 'C', '0', 'monitor:data:view', '#', 'admin', '2018-03-16 11:33:00', 'ry', '2018-03-16 11:33:00', '数据监控菜单');
INSERT INTO `sys_menu` VALUES (112, '服务监控', 2, 3, '/monitor/server', '', 'C', '0', 'monitor:server:view', '#', 'admin', '2018-03-16 11:33:00', 'ry', '2018-03-16 11:33:00', '服务监控菜单');
INSERT INTO `sys_menu` VALUES (113, '表单构建', 3, 1, '/tool/build', '', 'C', '0', 'tool:build:view', '#', 'admin', '2018-03-16 11:33:00', 'ry', '2018-03-16 11:33:00', '表单构建菜单');
INSERT INTO `sys_menu` VALUES (114, '代码生成', 3, 2, '/tool/gen', '', 'C', '0', 'tool:gen:view', '#', 'admin', '2018-03-16 11:33:00', 'ry', '2018-03-16 11:33:00', '代码生成菜单');
INSERT INTO `sys_menu` VALUES (115, '系统接口', 3, 3, '/tool/swagger', '', 'C', '0', 'tool:swagger:view', '#', 'admin', '2018-03-16 11:33:00', 'ry', '2018-03-16 11:33:00', '系统接口菜单');
INSERT INTO `sys_menu` VALUES (500, '操作日志', 108, 1, '/monitor/operlog', '', 'C', '0', 'monitor:operlog:view', '#', 'admin', '2018-03-16 11:33:00', 'ry', '2018-03-16 11:33:00', '操作日志菜单');
INSERT INTO `sys_menu` VALUES (501, '登录日志', 108, 2, '/monitor/logininfor', '', 'C', '0', 'monitor:logininfor:view', '#', 'admin', '2018-03-16 11:33:00', 'ry', '2018-03-16 11:33:00', '登录日志菜单');
INSERT INTO `sys_menu` VALUES (1000, '用户查询', 100, 1, '#', '', 'F', '0', 'system:user:list', '#', 'admin', '2018-03-16 11:33:00', 'ry', '2018-03-16 11:33:00', '');
INSERT INTO `sys_menu` VALUES (1001, '用户新增', 100, 2, '#', '', 'F', '0', 'system:user:add', '#', 'admin', '2018-03-16 11:33:00', 'ry', '2018-03-16 11:33:00', '');
INSERT INTO `sys_menu` VALUES (1002, '用户修改', 100, 3, '#', '', 'F', '0', 'system:user:edit', '#', 'admin', '2018-03-16 11:33:00', 'ry', '2018-03-16 11:33:00', '');
INSERT INTO `sys_menu` VALUES (1003, '用户删除', 100, 4, '#', '', 'F', '0', 'system:user:remove', '#', 'admin', '2018-03-16 11:33:00', 'ry', '2018-03-16 11:33:00', '');
INSERT INTO `sys_menu` VALUES (1004, '用户导出', 100, 5, '#', '', 'F', '0', 'system:user:export', '#', 'admin', '2018-03-16 11:33:00', 'ry', '2018-03-16 11:33:00', '');
INSERT INTO `sys_menu` VALUES (1005, '用户导入', 100, 6, '#', '', 'F', '0', 'system:user:import', '#', 'admin', '2018-03-16 11:33:00', 'ry', '2018-03-16 11:33:00', '');
INSERT INTO `sys_menu` VALUES (1006, '重置密码', 100, 7, '#', '', 'F', '0', 'system:user:resetPwd', '#', 'admin', '2018-03-16 11:33:00', 'ry', '2018-03-16 11:33:00', '');
INSERT INTO `sys_menu` VALUES (1007, '角色查询', 101, 1, '#', '', 'F', '0', 'system:role:list', '#', 'admin', '2018-03-16 11:33:00', 'ry', '2018-03-16 11:33:00', '');
INSERT INTO `sys_menu` VALUES (1008, '角色新增', 101, 2, '#', '', 'F', '0', 'system:role:add', '#', 'admin', '2018-03-16 11:33:00', 'ry', '2018-03-16 11:33:00', '');
INSERT INTO `sys_menu` VALUES (1009, '角色修改', 101, 3, '#', '', 'F', '0', 'system:role:edit', '#', 'admin', '2018-03-16 11:33:00', 'ry', '2018-03-16 11:33:00', '');
INSERT INTO `sys_menu` VALUES (1010, '角色删除', 101, 4, '#', '', 'F', '0', 'system:role:remove', '#', 'admin', '2018-03-16 11:33:00', 'ry', '2018-03-16 11:33:00', '');
INSERT INTO `sys_menu` VALUES (1011, '角色导出', 101, 5, '#', '', 'F', '0', 'system:role:export', '#', 'admin', '2018-03-16 11:33:00', 'ry', '2018-03-16 11:33:00', '');
INSERT INTO `sys_menu` VALUES (1012, '菜单查询', 102, 1, '#', '', 'F', '0', 'system:menu:list', '#', 'admin', '2018-03-16 11:33:00', 'ry', '2018-03-16 11:33:00', '');
INSERT INTO `sys_menu` VALUES (1013, '菜单新增', 102, 2, '#', '', 'F', '0', 'system:menu:add', '#', 'admin', '2018-03-16 11:33:00', 'ry', '2018-03-16 11:33:00', '');
INSERT INTO `sys_menu` VALUES (1014, '菜单修改', 102, 3, '#', '', 'F', '0', 'system:menu:edit', '#', 'admin', '2018-03-16 11:33:00', 'ry', '2018-03-16 11:33:00', '');
INSERT INTO `sys_menu` VALUES (1015, '菜单删除', 102, 4, '#', '', 'F', '0', 'system:menu:remove', '#', 'admin', '2018-03-16 11:33:00', 'ry', '2018-03-16 11:33:00', '');
INSERT INTO `sys_menu` VALUES (1016, '部门查询', 103, 1, '#', '', 'F', '0', 'system:dept:list', '#', 'admin', '2018-03-16 11:33:00', 'ry', '2018-03-16 11:33:00', '');
INSERT INTO `sys_menu` VALUES (1017, '部门新增', 103, 2, '#', '', 'F', '0', 'system:dept:add', '#', 'admin', '2018-03-16 11:33:00', 'ry', '2018-03-16 11:33:00', '');
INSERT INTO `sys_menu` VALUES (1018, '部门修改', 103, 3, '#', '', 'F', '0', 'system:dept:edit', '#', 'admin', '2018-03-16 11:33:00', 'ry', '2018-03-16 11:33:00', '');
INSERT INTO `sys_menu` VALUES (1019, '部门删除', 103, 4, '#', '', 'F', '0', 'system:dept:remove', '#', 'admin', '2018-03-16 11:33:00', 'ry', '2018-03-16 11:33:00', '');
INSERT INTO `sys_menu` VALUES (1020, '岗位查询', 104, 1, '#', '', 'F', '0', 'system:post:list', '#', 'admin', '2018-03-16 11:33:00', 'ry', '2018-03-16 11:33:00', '');
INSERT INTO `sys_menu` VALUES (1021, '岗位新增', 104, 2, '#', '', 'F', '0', 'system:post:add', '#', 'admin', '2018-03-16 11:33:00', 'ry', '2018-03-16 11:33:00', '');
INSERT INTO `sys_menu` VALUES (1022, '岗位修改', 104, 3, '#', '', 'F', '0', 'system:post:edit', '#', 'admin', '2018-03-16 11:33:00', 'ry', '2018-03-16 11:33:00', '');
INSERT INTO `sys_menu` VALUES (1023, '岗位删除', 104, 4, '#', '', 'F', '0', 'system:post:remove', '#', 'admin', '2018-03-16 11:33:00', 'ry', '2018-03-16 11:33:00', '');
INSERT INTO `sys_menu` VALUES (1024, '岗位导出', 104, 5, '#', '', 'F', '0', 'system:post:export', '#', 'admin', '2018-03-16 11:33:00', 'ry', '2018-03-16 11:33:00', '');
INSERT INTO `sys_menu` VALUES (1025, '字典查询', 105, 1, '#', '', 'F', '0', 'system:dict:list', '#', 'admin', '2018-03-16 11:33:00', 'ry', '2018-03-16 11:33:00', '');
INSERT INTO `sys_menu` VALUES (1026, '字典新增', 105, 2, '#', '', 'F', '0', 'system:dict:add', '#', 'admin', '2018-03-16 11:33:00', 'ry', '2018-03-16 11:33:00', '');
INSERT INTO `sys_menu` VALUES (1027, '字典修改', 105, 3, '#', '', 'F', '0', 'system:dict:edit', '#', 'admin', '2018-03-16 11:33:00', 'ry', '2018-03-16 11:33:00', '');
INSERT INTO `sys_menu` VALUES (1028, '字典删除', 105, 4, '#', '', 'F', '0', 'system:dict:remove', '#', 'admin', '2018-03-16 11:33:00', 'ry', '2018-03-16 11:33:00', '');
INSERT INTO `sys_menu` VALUES (1029, '字典导出', 105, 5, '#', '', 'F', '0', 'system:dict:export', '#', 'admin', '2018-03-16 11:33:00', 'ry', '2018-03-16 11:33:00', '');
INSERT INTO `sys_menu` VALUES (1030, '参数查询', 106, 1, '#', '', 'F', '0', 'system:config:list', '#', 'admin', '2018-03-16 11:33:00', 'ry', '2018-03-16 11:33:00', '');
INSERT INTO `sys_menu` VALUES (1031, '参数新增', 106, 2, '#', '', 'F', '0', 'system:config:add', '#', 'admin', '2018-03-16 11:33:00', 'ry', '2018-03-16 11:33:00', '');
INSERT INTO `sys_menu` VALUES (1032, '参数修改', 106, 3, '#', '', 'F', '0', 'system:config:edit', '#', 'admin', '2018-03-16 11:33:00', 'ry', '2018-03-16 11:33:00', '');
INSERT INTO `sys_menu` VALUES (1033, '参数删除', 106, 4, '#', '', 'F', '0', 'system:config:remove', '#', 'admin', '2018-03-16 11:33:00', 'ry', '2018-03-16 11:33:00', '');
INSERT INTO `sys_menu` VALUES (1034, '参数导出', 106, 5, '#', '', 'F', '0', 'system:config:export', '#', 'admin', '2018-03-16 11:33:00', 'ry', '2018-03-16 11:33:00', '');
INSERT INTO `sys_menu` VALUES (1035, '公告查询', 107, 1, '#', '', 'F', '0', 'system:notice:list', '#', 'admin', '2018-03-16 11:33:00', 'ry', '2018-03-16 11:33:00', '');
INSERT INTO `sys_menu` VALUES (1036, '公告新增', 107, 2, '#', '', 'F', '0', 'system:notice:add', '#', 'admin', '2018-03-16 11:33:00', 'ry', '2018-03-16 11:33:00', '');
INSERT INTO `sys_menu` VALUES (1037, '公告修改', 107, 3, '#', '', 'F', '0', 'system:notice:edit', '#', 'admin', '2018-03-16 11:33:00', 'ry', '2018-03-16 11:33:00', '');
INSERT INTO `sys_menu` VALUES (1038, '公告删除', 107, 4, '#', '', 'F', '0', 'system:notice:remove', '#', 'admin', '2018-03-16 11:33:00', 'ry', '2018-03-16 11:33:00', '');
INSERT INTO `sys_menu` VALUES (1039, '操作查询', 500, 1, '#', '', 'F', '0', 'monitor:operlog:list', '#', 'admin', '2018-03-16 11:33:00', 'ry', '2018-03-16 11:33:00', '');
INSERT INTO `sys_menu` VALUES (1040, '操作删除', 500, 2, '#', '', 'F', '0', 'monitor:operlog:remove', '#', 'admin', '2018-03-16 11:33:00', 'ry', '2018-03-16 11:33:00', '');
INSERT INTO `sys_menu` VALUES (1041, '详细信息', 500, 3, '#', '', 'F', '0', 'monitor:operlog:detail', '#', 'admin', '2018-03-16 11:33:00', 'ry', '2018-03-16 11:33:00', '');
INSERT INTO `sys_menu` VALUES (1042, '日志导出', 500, 4, '#', '', 'F', '0', 'monitor:operlog:export', '#', 'admin', '2018-03-16 11:33:00', 'ry', '2018-03-16 11:33:00', '');
INSERT INTO `sys_menu` VALUES (1043, '登录查询', 501, 1, '#', '', 'F', '0', 'monitor:logininfor:list', '#', 'admin', '2018-03-16 11:33:00', 'ry', '2018-03-16 11:33:00', '');
INSERT INTO `sys_menu` VALUES (1044, '登录删除', 501, 2, '#', '', 'F', '0', 'monitor:logininfor:remove', '#', 'admin', '2018-03-16 11:33:00', 'ry', '2018-03-16 11:33:00', '');
INSERT INTO `sys_menu` VALUES (1045, '日志导出', 501, 3, '#', '', 'F', '0', 'monitor:logininfor:export', '#', 'admin', '2018-03-16 11:33:00', 'ry', '2018-03-16 11:33:00', '');
INSERT INTO `sys_menu` VALUES (1046, '账户解锁', 501, 4, '#', '', 'F', '0', 'monitor:logininfor:unlock', '#', 'admin', '2018-03-16 11:33:00', 'ry', '2018-03-16 11:33:00', '');
INSERT INTO `sys_menu` VALUES (1047, '在线查询', 109, 1, '#', '', 'F', '0', 'monitor:online:list', '#', 'admin', '2018-03-16 11:33:00', 'ry', '2018-03-16 11:33:00', '');
INSERT INTO `sys_menu` VALUES (1048, '批量强退', 109, 2, '#', '', 'F', '0', 'monitor:online:batchForceLogout', '#', 'admin', '2018-03-16 11:33:00', 'ry', '2018-03-16 11:33:00', '');
INSERT INTO `sys_menu` VALUES (1049, '单条强退', 109, 3, '#', '', 'F', '0', 'monitor:online:forceLogout', '#', 'admin', '2018-03-16 11:33:00', 'ry', '2018-03-16 11:33:00', '');
INSERT INTO `sys_menu` VALUES (1050, '任务查询', 110, 1, '#', '', 'F', '0', 'monitor:job:list', '#', 'admin', '2018-03-16 11:33:00', 'ry', '2018-03-16 11:33:00', '');
INSERT INTO `sys_menu` VALUES (1051, '任务新增', 110, 2, '#', '', 'F', '0', 'monitor:job:add', '#', 'admin', '2018-03-16 11:33:00', 'ry', '2018-03-16 11:33:00', '');
INSERT INTO `sys_menu` VALUES (1052, '任务修改', 110, 3, '#', '', 'F', '0', 'monitor:job:edit', '#', 'admin', '2018-03-16 11:33:00', 'ry', '2018-03-16 11:33:00', '');
INSERT INTO `sys_menu` VALUES (1053, '任务删除', 110, 4, '#', '', 'F', '0', 'monitor:job:remove', '#', 'admin', '2018-03-16 11:33:00', 'ry', '2018-03-16 11:33:00', '');
INSERT INTO `sys_menu` VALUES (1054, '状态修改', 110, 5, '#', '', 'F', '0', 'monitor:job:changeStatus', '#', 'admin', '2018-03-16 11:33:00', 'ry', '2018-03-16 11:33:00', '');
INSERT INTO `sys_menu` VALUES (1055, '任务详细', 110, 6, '#', '', 'F', '0', 'monitor:job:detail', '#', 'admin', '2018-03-16 11:33:00', 'ry', '2018-03-16 11:33:00', '');
INSERT INTO `sys_menu` VALUES (1056, '任务导出', 110, 7, '#', '', 'F', '0', 'monitor:job:export', '#', 'admin', '2018-03-16 11:33:00', 'ry', '2018-03-16 11:33:00', '');
INSERT INTO `sys_menu` VALUES (1057, '生成查询', 114, 1, '#', '', 'F', '0', 'tool:gen:list', '#', 'admin', '2018-03-16 11:33:00', 'ry', '2018-03-16 11:33:00', '');
INSERT INTO `sys_menu` VALUES (1058, '生成修改', 114, 2, '#', '', 'F', '0', 'tool:gen:edit', '#', 'admin', '2018-03-16 11:33:00', 'ry', '2018-03-16 11:33:00', '');
INSERT INTO `sys_menu` VALUES (1059, '生成删除', 114, 3, '#', '', 'F', '0', 'tool:gen:remove', '#', 'admin', '2018-03-16 11:33:00', 'ry', '2018-03-16 11:33:00', '');
INSERT INTO `sys_menu` VALUES (1060, '预览代码', 114, 4, '#', '', 'F', '0', 'tool:gen:preview', '#', 'admin', '2018-03-16 11:33:00', 'ry', '2018-03-16 11:33:00', '');
INSERT INTO `sys_menu` VALUES (1061, '生成代码', 114, 5, '#', '', 'F', '0', 'tool:gen:code', '#', 'admin', '2018-03-16 11:33:00', 'ry', '2018-03-16 11:33:00', '');
INSERT INTO `sys_menu` VALUES (2000, '案例', 2006, 1, '/etcToll/test', 'menuItem', 'C', '0', 'etcToll:test:view', '#', 'admin', '2018-03-01 00:00:00', 'admin', '2020-01-06 13:51:30', '停车场测试菜单');
INSERT INTO `sys_menu` VALUES (2001, '停车场测试查询', 2000, 1, '#', '', 'F', '0', 'system:test:list', '#', 'admin', '2018-03-01 00:00:00', 'ry', '2018-03-01 00:00:00', '');
INSERT INTO `sys_menu` VALUES (2002, '停车场测试新增', 2000, 2, '#', '', 'F', '0', 'system:test:add', '#', 'admin', '2018-03-01 00:00:00', 'ry', '2018-03-01 00:00:00', '');
INSERT INTO `sys_menu` VALUES (2003, '停车场测试修改', 2000, 3, '#', '', 'F', '0', 'system:test:edit', '#', 'admin', '2018-03-01 00:00:00', 'ry', '2018-03-01 00:00:00', '');
INSERT INTO `sys_menu` VALUES (2004, '停车场测试删除', 2000, 4, '#', '', 'F', '0', 'system:test:remove', '#', 'admin', '2018-03-01 00:00:00', 'ry', '2018-03-01 00:00:00', '');
INSERT INTO `sys_menu` VALUES (2005, '停车场测试导出', 2000, 5, '#', '', 'F', '0', 'system:test:export', '#', 'admin', '2018-03-01 00:00:00', 'ry', '2018-03-01 00:00:00', '');
INSERT INTO `sys_menu` VALUES (2006, '业务表单', 0, 5, '#', 'menuItem', 'M', '0', NULL, 'fa fa-gears', 'admin', '2020-01-06 11:10:02', '', NULL, '');
INSERT INTO `sys_menu` VALUES (2013, '案例(多附件)', 2006, 2, '/etcToll/demo', 'menuItem', 'C', '0', 'etcToll:demo:view', '#', 'admin', '2018-03-01 00:00:00', 'admin', '2020-01-18 10:05:02', '案例(多附件)');
INSERT INTO `sys_menu` VALUES (2014, '停车场Demo查询', 2013, 1, '#', '', 'F', '0', 'etcToll:demo:list', '#', 'admin', '2018-03-01 00:00:00', 'ry', '2018-03-01 00:00:00', '');
INSERT INTO `sys_menu` VALUES (2015, '停车场Demo新增', 2013, 2, '#', '', 'F', '0', 'etcToll:demo:add', '#', 'admin', '2018-03-01 00:00:00', 'ry', '2018-03-01 00:00:00', '');
INSERT INTO `sys_menu` VALUES (2016, '停车场Demo修改', 2013, 3, '#', '', 'F', '0', 'etcToll:demo:edit', '#', 'admin', '2018-03-01 00:00:00', 'ry', '2018-03-01 00:00:00', '');
INSERT INTO `sys_menu` VALUES (2017, '停车场Demo删除', 2013, 4, '#', '', 'F', '0', 'etcToll:demo:remove', '#', 'admin', '2018-03-01 00:00:00', 'ry', '2018-03-01 00:00:00', '');
INSERT INTO `sys_menu` VALUES (2018, '停车场Demo导出', 2013, 5, '#', '', 'F', '0', 'etcToll:demo:export', '#', 'admin', '2018-03-01 00:00:00', 'ry', '2018-03-01 00:00:00', '');

-- ----------------------------
-- Table structure for sys_notice
-- ----------------------------
DROP TABLE IF EXISTS `sys_notice`;
CREATE TABLE `sys_notice`  (
  `notice_id` int(4) NOT NULL AUTO_INCREMENT COMMENT '公告ID',
  `notice_title` varchar(50) CHARACTER SET utf8 COLLATE utf8_general_ci NOT NULL COMMENT '公告标题',
  `notice_type` char(1) CHARACTER SET utf8 COLLATE utf8_general_ci NOT NULL COMMENT '公告类型（1通知 2公告）',
  `notice_content` varchar(2000) CHARACTER SET utf8 COLLATE utf8_general_ci NULL DEFAULT NULL COMMENT '公告内容',
  `status` char(1) CHARACTER SET utf8 COLLATE utf8_general_ci NULL DEFAULT '0' COMMENT '公告状态（0正常 1关闭）',
  `create_by` varchar(64) CHARACTER SET utf8 COLLATE utf8_general_ci NULL DEFAULT '' COMMENT '创建者',
  `create_time` datetime(0) NULL DEFAULT NULL COMMENT '创建时间',
  `update_by` varchar(64) CHARACTER SET utf8 COLLATE utf8_general_ci NULL DEFAULT '' COMMENT '更新者',
  `update_time` datetime(0) NULL DEFAULT NULL COMMENT '更新时间',
  `remark` varchar(255) CHARACTER SET utf8 COLLATE utf8_general_ci NULL DEFAULT NULL COMMENT '备注',
  PRIMARY KEY (`notice_id`) USING BTREE
) ENGINE = InnoDB AUTO_INCREMENT = 2 CHARACTER SET = utf8 COLLATE = utf8_general_ci COMMENT = '通知公告表' ROW_FORMAT = Dynamic;

-- ----------------------------
-- Records of sys_notice
-- ----------------------------
INSERT INTO `sys_notice` VALUES (1, '温馨提醒：2018-07-01 若依新版本发布啦', '2', '新版本内容', '0', 'admin', '2018-03-16 11:33:00', 'ry', '2018-03-16 11:33:00', '管理员');
INSERT INTO `sys_notice` VALUES (2, '维护通知：2018-07-01 若依系统凌晨维护', '1', '维护内容', '0', 'admin', '2018-03-16 11:33:00', 'ry', '2018-03-16 11:33:00', '管理员');

-- ----------------------------
-- Table structure for sys_oper_log
-- ----------------------------
DROP TABLE IF EXISTS `sys_oper_log`;
CREATE TABLE `sys_oper_log`  (
  `oper_id` bigint(20) NOT NULL AUTO_INCREMENT COMMENT '日志主键',
  `title` varchar(50) CHARACTER SET utf8 COLLATE utf8_general_ci NULL DEFAULT '' COMMENT '模块标题',
  `business_type` int(2) NULL DEFAULT 0 COMMENT '业务类型（0其它 1新增 2修改 3删除）',
  `method` varchar(100) CHARACTER SET utf8 COLLATE utf8_general_ci NULL DEFAULT '' COMMENT '方法名称',
  `request_method` varchar(10) CHARACTER SET utf8 COLLATE utf8_general_ci NULL DEFAULT '' COMMENT '请求方式',
  `operator_type` int(1) NULL DEFAULT 0 COMMENT '操作类别（0其它 1后台用户 2手机端用户）',
  `oper_name` varchar(50) CHARACTER SET utf8 COLLATE utf8_general_ci NULL DEFAULT '' COMMENT '操作人员',
  `dept_name` varchar(50) CHARACTER SET utf8 COLLATE utf8_general_ci NULL DEFAULT '' COMMENT '部门名称',
  `oper_url` varchar(255) CHARACTER SET utf8 COLLATE utf8_general_ci NULL DEFAULT '' COMMENT '请求URL',
  `oper_ip` varchar(50) CHARACTER SET utf8 COLLATE utf8_general_ci NULL DEFAULT '' COMMENT '主机地址',
  `oper_location` varchar(255) CHARACTER SET utf8 COLLATE utf8_general_ci NULL DEFAULT '' COMMENT '操作地点',
  `oper_param` varchar(2000) CHARACTER SET utf8 COLLATE utf8_general_ci NULL DEFAULT '' COMMENT '请求参数',
  `json_result` varchar(2000) CHARACTER SET utf8 COLLATE utf8_general_ci NULL DEFAULT '' COMMENT '返回参数',
  `status` int(1) NULL DEFAULT 0 COMMENT '操作状态（0正常 1异常）',
  `error_msg` varchar(2000) CHARACTER SET utf8 COLLATE utf8_general_ci NULL DEFAULT '' COMMENT '错误消息',
  `oper_time` datetime(0) NULL DEFAULT NULL COMMENT '操作时间',
  PRIMARY KEY (`oper_id`) USING BTREE
) ENGINE = InnoDB AUTO_INCREMENT = 268 CHARACTER SET = utf8 COLLATE = utf8_general_ci COMMENT = '操作日志记录' ROW_FORMAT = Dynamic;

-- ----------------------------
-- Records of sys_oper_log
-- ----------------------------
INSERT INTO `sys_oper_log` VALUES (100, '代码生成', 6, 'com.ruoyi.generator.controller.GenController.importTableSave()', 'POST', 1, 'admin', '研发部门', '/tool/gen/importTable', '127.0.0.1', '内网IP', '{\r\n  \"tables\" : [ \"etc_toll_test\" ]\r\n}', '{\r\n  \"msg\" : \"操作成功\",\r\n  \"code\" : 0\r\n}', 0, NULL, '2020-01-04 16:29:56');
INSERT INTO `sys_oper_log` VALUES (101, '代码生成', 3, 'com.ruoyi.generator.controller.GenController.remove()', 'POST', 1, 'admin', '研发部门', '/tool/gen/remove', '127.0.0.1', '内网IP', '{\r\n  \"ids\" : [ \"1\" ]\r\n}', '{\r\n  \"msg\" : \"操作成功\",\r\n  \"code\" : 0\r\n}', 0, NULL, '2020-01-04 16:36:19');
INSERT INTO `sys_oper_log` VALUES (102, '代码生成', 6, 'com.ruoyi.generator.controller.GenController.importTableSave()', 'POST', 1, 'admin', '研发部门', '/tool/gen/importTable', '127.0.0.1', '内网IP', '{\r\n  \"tables\" : [ \"etc_toll_test\" ]\r\n}', '{\r\n  \"msg\" : \"操作成功\",\r\n  \"code\" : 0\r\n}', 0, NULL, '2020-01-04 16:36:23');
INSERT INTO `sys_oper_log` VALUES (103, '代码生成', 3, 'com.ruoyi.generator.controller.GenController.remove()', 'POST', 1, 'admin', '研发部门', '/tool/gen/remove', '127.0.0.1', '内网IP', '{\r\n  \"ids\" : [ \"2\" ]\r\n}', '{\r\n  \"msg\" : \"操作成功\",\r\n  \"code\" : 0\r\n}', 0, NULL, '2020-01-06 10:41:39');
INSERT INTO `sys_oper_log` VALUES (104, '代码生成', 6, 'com.ruoyi.generator.controller.GenController.importTableSave()', 'POST', 1, 'admin', '研发部门', '/tool/gen/importTable', '127.0.0.1', '内网IP', '{\r\n  \"tables\" : [ \"etc_toll_test\" ]\r\n}', '{\r\n  \"msg\" : \"操作成功\",\r\n  \"code\" : 0\r\n}', 0, NULL, '2020-01-06 10:41:43');
INSERT INTO `sys_oper_log` VALUES (105, '代码生成', 8, 'com.ruoyi.generator.controller.GenController.genCode()', 'GET', 1, 'admin', '研发部门', '/tool/gen/genCode/etc_toll_test', '127.0.0.1', '内网IP', '{ }', 'null', 0, NULL, '2020-01-06 10:55:32');
INSERT INTO `sys_oper_log` VALUES (106, '代码生成', 8, 'com.ruoyi.generator.controller.GenController.genCode()', 'GET', 1, 'admin', '研发部门', '/tool/gen/genCode/etc_toll_test', '127.0.0.1', '内网IP', '{ }', 'null', 0, NULL, '2020-01-06 10:58:39');
INSERT INTO `sys_oper_log` VALUES (107, '菜单管理', 2, 'com.ruoyi.web.controller.system.SysMenuController.editSave()', 'POST', 1, 'admin', '研发部门', '/system/menu/edit', '127.0.0.1', '内网IP', '{\r\n  \"menuId\" : [ \"2000\" ],\r\n  \"parentId\" : [ \"3\" ],\r\n  \"menuType\" : [ \"C\" ],\r\n  \"menuName\" : [ \"停车场测试\" ],\r\n  \"url\" : [ \"/etc/toll/test\" ],\r\n  \"target\" : [ \"menuItem\" ],\r\n  \"perms\" : [ \"etcToll:test:view\" ],\r\n  \"orderNum\" : [ \"1\" ],\r\n  \"icon\" : [ \"#\" ],\r\n  \"visible\" : [ \"0\" ]\r\n}', '{\r\n  \"msg\" : \"操作成功\",\r\n  \"code\" : 0\r\n}', 0, NULL, '2020-01-06 11:08:32');
INSERT INTO `sys_oper_log` VALUES (108, '菜单管理', 1, 'com.ruoyi.web.controller.system.SysMenuController.addSave()', 'POST', 1, 'admin', '研发部门', '/system/menu/add', '127.0.0.1', '内网IP', '{\r\n  \"parentId\" : [ \"0\" ],\r\n  \"menuType\" : [ \"M\" ],\r\n  \"menuName\" : [ \"业务表单\" ],\r\n  \"url\" : [ \"\" ],\r\n  \"target\" : [ \"menuItem\" ],\r\n  \"perms\" : [ \"\" ],\r\n  \"orderNum\" : [ \"5\" ],\r\n  \"icon\" : [ \"fa fa-gears\" ],\r\n  \"visible\" : [ \"0\" ]\r\n}', '{\r\n  \"msg\" : \"操作成功\",\r\n  \"code\" : 0\r\n}', 0, NULL, '2020-01-06 11:10:02');
INSERT INTO `sys_oper_log` VALUES (109, '菜单管理', 2, 'com.ruoyi.web.controller.system.SysMenuController.editSave()', 'POST', 1, 'admin', '研发部门', '/system/menu/edit', '127.0.0.1', '内网IP', '{\r\n  \"menuId\" : [ \"2000\" ],\r\n  \"parentId\" : [ \"2006\" ],\r\n  \"menuType\" : [ \"C\" ],\r\n  \"menuName\" : [ \"案例\" ],\r\n  \"url\" : [ \"/etc/toll/test\" ],\r\n  \"target\" : [ \"menuItem\" ],\r\n  \"perms\" : [ \"etcToll:test:view\" ],\r\n  \"orderNum\" : [ \"1\" ],\r\n  \"icon\" : [ \"#\" ],\r\n  \"visible\" : [ \"0\" ]\r\n}', '{\r\n  \"msg\" : \"操作成功\",\r\n  \"code\" : 0\r\n}', 0, NULL, '2020-01-06 11:10:19');
INSERT INTO `sys_oper_log` VALUES (110, '菜单管理', 2, 'com.ruoyi.web.controller.system.SysMenuController.editSave()', 'POST', 1, 'admin', '研发部门', '/system/menu/edit', '127.0.0.1', '内网IP', '{\r\n  \"menuId\" : [ \"2000\" ],\r\n  \"parentId\" : [ \"2006\" ],\r\n  \"menuType\" : [ \"C\" ],\r\n  \"menuName\" : [ \"案例\" ],\r\n  \"url\" : [ \"/etcToll/test\" ],\r\n  \"target\" : [ \"menuItem\" ],\r\n  \"perms\" : [ \"etcToll:test:view\" ],\r\n  \"orderNum\" : [ \"1\" ],\r\n  \"icon\" : [ \"#\" ],\r\n  \"visible\" : [ \"0\" ]\r\n}', '{\r\n  \"msg\" : \"操作成功\",\r\n  \"code\" : 0\r\n}', 0, NULL, '2020-01-06 13:51:30');
INSERT INTO `sys_oper_log` VALUES (111, '停车场测试', 1, 'com.ruoyi.etc.toll.controller.EtcTollTestController.addSave()', 'POST', 1, 'admin', '研发部门', '/etcToll/test/add', '127.0.0.1', '内网IP', '{\r\n  \"name\" : [ \"test\" ],\r\n  \"phone\" : [ \"13404151911\" ],\r\n  \"email\" : [ \"1174716220@qq.com\" ],\r\n  \"age\" : [ \"111\" ],\r\n  \"sex\" : [ \"0\" ],\r\n  \"aboutFile\" : [ \"111\" ]\r\n}', 'null', 1, '\r\n### Error updating database.  Cause: java.sql.SQLException: Data truncated for column \'id\' at row 1\r\n### The error may involve com.ruoyi.etc.toll.mapper.EtcTollTestMapper.insertSelective-Inline\r\n### The error occurred while setting parameters\r\n### SQL: INSERT INTO etc_toll_test  ( id,create_time,create_user_id,del,name,phone,email,age,sex,about_file ) VALUES( ?,?,?,?,?,?,?,?,?,? )\r\n### Cause: java.sql.SQLException: Data truncated for column \'id\' at row 1\n; Data truncated for column \'id\' at row 1; nested exception is java.sql.SQLException: Data truncated for column \'id\' at row 1', '2020-01-06 14:11:07');
INSERT INTO `sys_oper_log` VALUES (112, '停车场测试', 1, 'com.ruoyi.etc.toll.controller.EtcTollTestController.addSave()', 'POST', 1, 'admin', '研发部门', '/etcToll/test/add', '127.0.0.1', '内网IP', '{\r\n  \"name\" : [ \"test\" ],\r\n  \"phone\" : [ \"13404151911\" ],\r\n  \"email\" : [ \"1174716220@qq.com\" ],\r\n  \"age\" : [ \"111\" ],\r\n  \"sex\" : [ \"0\" ],\r\n  \"aboutFile\" : [ \"111\" ]\r\n}', '{\r\n  \"msg\" : \"操作成功\",\r\n  \"code\" : 0\r\n}', 0, NULL, '2020-01-06 14:12:10');
INSERT INTO `sys_oper_log` VALUES (113, '停车场测试', 2, 'com.ruoyi.etc.toll.controller.EtcTollTestController.editSave()', 'POST', 1, 'admin', '研发部门', '/etcToll/test/edit', '127.0.0.1', '内网IP', '{\r\n  \"id\" : [ \"3fe40888da90422a9c3201ea0640b8e5\" ],\r\n  \"name\" : [ \"test\" ],\r\n  \"phone\" : [ \"13404151911\" ],\r\n  \"email\" : [ \"1174716220@qq.com\" ],\r\n  \"age\" : [ \"20\" ],\r\n  \"sex\" : [ \"0\" ],\r\n  \"aboutFile\" : [ \"111\" ]\r\n}', '{\r\n  \"msg\" : \"操作成功\",\r\n  \"code\" : 0\r\n}', 0, NULL, '2020-01-06 14:17:56');
INSERT INTO `sys_oper_log` VALUES (114, '停车场测试', 2, 'com.ruoyi.etc.toll.controller.EtcTollTestController.editSave()', 'POST', 1, 'admin', '研发部门', '/etcToll/test/edit', '127.0.0.1', '内网IP', '{\r\n  \"id\" : [ \"3fe40888da90422a9c3201ea0640b8e5\" ],\r\n  \"name\" : [ \"test\" ],\r\n  \"phone\" : [ \"13404151911\" ],\r\n  \"email\" : [ \"1174716220@qq.com\" ],\r\n  \"age\" : [ \"20\" ],\r\n  \"sex\" : [ \"1\" ],\r\n  \"aboutFile\" : [ \"111\" ]\r\n}', '{\r\n  \"msg\" : \"操作成功\",\r\n  \"code\" : 0\r\n}', 0, NULL, '2020-01-06 14:20:00');
INSERT INTO `sys_oper_log` VALUES (115, '停车场测试', 1, 'com.ruoyi.etc.toll.controller.EtcTollTestController.addSave()', 'POST', 1, 'admin', '研发部门', '/etcToll/test/add', '127.0.0.1', '内网IP', '{\r\n  \"name\" : [ \"test1\" ],\r\n  \"phone\" : [ \"13404151911\" ],\r\n  \"email\" : [ \"1174716220@qq.com\" ],\r\n  \"age\" : [ \"1\" ],\r\n  \"sex\" : [ \"1\" ],\r\n  \"aboutFile\" : [ \"sssss\" ]\r\n}', '{\r\n  \"msg\" : \"操作成功\",\r\n  \"code\" : 0\r\n}', 0, NULL, '2020-01-06 14:20:15');
INSERT INTO `sys_oper_log` VALUES (116, '停车场测试', 1, 'com.ruoyi.etc.toll.controller.EtcTollTestController.addSave()', 'POST', 1, 'admin', '研发部门', '/etcToll/test/add', '127.0.0.1', '内网IP', '{\r\n  \"name\" : [ \"222\" ],\r\n  \"phone\" : [ \"13404151911\" ],\r\n  \"email\" : [ \"1174716220@qq.com\" ],\r\n  \"age\" : [ \"222\" ],\r\n  \"sex\" : [ \"2\" ],\r\n  \"aboutFile\" : [ \"1111\" ]\r\n}', '{\r\n  \"msg\" : \"操作成功\",\r\n  \"code\" : 0\r\n}', 0, NULL, '2020-01-06 14:20:34');
INSERT INTO `sys_oper_log` VALUES (117, '停车场测试', 3, 'com.ruoyi.etc.toll.controller.EtcTollTestController.remove()', 'POST', 1, 'admin', '研发部门', '/etcToll/test/remove', '127.0.0.1', '内网IP', '{\r\n  \"ids\" : [ \"143aba1ad621486e939f0d3615780e75,3fe40888da90422a9c3201ea0640b8e5\" ]\r\n}', '{\r\n  \"msg\" : \"操作成功\",\r\n  \"code\" : 0\r\n}', 0, NULL, '2020-01-06 14:20:39');
INSERT INTO `sys_oper_log` VALUES (118, '停车场测试', 2, 'com.ruoyi.etc.toll.controller.EtcTollTestController.editSave()', 'POST', 1, 'admin', '研发部门', '/etcToll/test/edit', '127.0.0.1', '内网IP', '{\r\n  \"id\" : [ \"58026ba0bc3b405299ca0a02d8ce9115\" ],\r\n  \"name\" : [ \"test1\" ],\r\n  \"phone\" : [ \"13404151911\" ],\r\n  \"email\" : [ \"1174716220@qq.com\" ],\r\n  \"age\" : [ \"1\" ],\r\n  \"sex\" : [ \"1\" ],\r\n  \"aboutFile\" : [ \"sssss\" ]\r\n}', '{\r\n  \"msg\" : \"操作成功\",\r\n  \"code\" : 0\r\n}', 0, NULL, '2020-01-06 14:20:50');
INSERT INTO `sys_oper_log` VALUES (119, '停车场测试', 2, 'com.ruoyi.etc.toll.controller.EtcTollTestController.editSave()', 'POST', 1, 'admin', '研发部门', '/etcToll/test/edit', '127.0.0.1', '内网IP', '{\r\n  \"id\" : [ \"58026ba0bc3b405299ca0a02d8ce9115\" ],\r\n  \"name\" : [ \"test1\" ],\r\n  \"phone\" : [ \"13404151911\" ],\r\n  \"email\" : [ \"1174716220@qq.com\" ],\r\n  \"age\" : [ \"1\" ],\r\n  \"sex\" : [ \"1\" ],\r\n  \"aboutFile\" : [ \"sssss\" ]\r\n}', '{\r\n  \"msg\" : \"操作成功\",\r\n  \"code\" : 0\r\n}', 0, NULL, '2020-01-06 15:04:52');
INSERT INTO `sys_oper_log` VALUES (120, '停车场测试', 5, 'com.ruoyi.etc.toll.controller.EtcTollTestController.export()', 'POST', 1, 'admin', '研发部门', '/etcToll/test/export', '127.0.0.1', '内网IP', '{\r\n  \"name\" : [ \"\" ],\r\n  \"phone\" : [ \"\" ],\r\n  \"email\" : [ \"\" ],\r\n  \"age\" : [ \"\" ],\r\n  \"sex\" : [ \"\" ]\r\n}', '{\r\n  \"msg\" : \"6f1028dd-8ffa-4919-bd2c-e0fa423e4eb3_test.xlsx\",\r\n  \"code\" : 0\r\n}', 0, NULL, '2020-01-06 15:42:24');
INSERT INTO `sys_oper_log` VALUES (121, '代码生成', 6, 'com.ruoyi.generator.controller.GenController.importTableSave()', 'POST', 1, 'admin', '研发部门', '/tool/gen/importTable', '127.0.0.1', '内网IP', '{\r\n  \"tables\" : [ \"sys_file_info\" ]\r\n}', '{\r\n  \"msg\" : \"操作成功\",\r\n  \"code\" : 0\r\n}', 0, NULL, '2020-01-06 16:50:04');
INSERT INTO `sys_oper_log` VALUES (122, '代码生成', 8, 'com.ruoyi.generator.controller.GenController.genCode()', 'GET', 1, 'admin', '研发部门', '/tool/gen/genCode/sys_file_info', '127.0.0.1', '内网IP', '{ }', 'null', 0, NULL, '2020-01-06 16:50:27');
INSERT INTO `sys_oper_log` VALUES (123, '停车场测试', 1, 'com.ruoyi.etc.toll.controller.EtcTollTestController.addSave()', 'POST', 1, 'admin', '研发部门', '/etcToll/test/add', '127.0.0.1', '内网IP', '{\r\n  \"name\" : [ \"微信\" ],\r\n  \"phone\" : [ \"13404151911\" ],\r\n  \"email\" : [ \"1174716220@qq.com\" ],\r\n  \"age\" : [ \"12\" ],\r\n  \"sex\" : [ \"0\" ]\r\n}', 'null', 1, '\r\n### Error updating database.  Cause: java.sql.SQLException: Field \'about_file\' doesn\'t have a default value\r\n### The error may involve com.ruoyi.etc.toll.mapper.EtcTollTestMapper.insertSelective-Inline\r\n### The error occurred while setting parameters\r\n### SQL: INSERT INTO etc_toll_test  ( id,create_time,create_user_id,del,name,phone,email,age,sex ) VALUES( ?,?,?,?,?,?,?,?,? )\r\n### Cause: java.sql.SQLException: Field \'about_file\' doesn\'t have a default value\n; Field \'about_file\' doesn\'t have a default value; nested exception is java.sql.SQLException: Field \'about_file\' doesn\'t have a default value', '2020-01-06 17:18:26');
INSERT INTO `sys_oper_log` VALUES (124, '停车场测试', 1, 'com.ruoyi.etc.toll.controller.EtcTollTestController.addSave()', 'POST', 1, 'admin', '研发部门', '/etcToll/test/add', '127.0.0.1', '内网IP', '{\r\n  \"name\" : [ \"1\" ],\r\n  \"phone\" : [ \"13404151911\" ],\r\n  \"email\" : [ \"1174716221@qq.com\" ],\r\n  \"age\" : [ \"12\" ],\r\n  \"sex\" : [ \"2\" ]\r\n}', 'null', 1, '\r\n### Error updating database.  Cause: java.sql.SQLException: Field \'about_file\' doesn\'t have a default value\r\n### The error may involve com.ruoyi.etc.toll.mapper.EtcTollTestMapper.insertSelective-Inline\r\n### The error occurred while setting parameters\r\n### SQL: INSERT INTO etc_toll_test  ( id,create_time,create_user_id,del,name,phone,email,age,sex ) VALUES( ?,?,?,?,?,?,?,?,? )\r\n### Cause: java.sql.SQLException: Field \'about_file\' doesn\'t have a default value\n; Field \'about_file\' doesn\'t have a default value; nested exception is java.sql.SQLException: Field \'about_file\' doesn\'t have a default value', '2020-01-06 17:21:01');
INSERT INTO `sys_oper_log` VALUES (125, '停车场测试', 1, 'com.ruoyi.etc.toll.controller.EtcTollTestController.addSave()', 'POST', 1, 'admin', '研发部门', '/etcToll/test/add', '127.0.0.1', '内网IP', '{\r\n  \"name\" : [ \"微信\" ],\r\n  \"phone\" : [ \"13404151911\" ],\r\n  \"email\" : [ \"1174716221@qq.com\" ],\r\n  \"age\" : [ \"12\" ],\r\n  \"sex\" : [ \"0\" ]\r\n}', 'null', 1, '\r\n### Error updating database.  Cause: java.sql.SQLException: Field \'about_file\' doesn\'t have a default value\r\n### The error may involve com.ruoyi.etc.toll.mapper.EtcTollTestMapper.insertSelective-Inline\r\n### The error occurred while setting parameters\r\n### SQL: INSERT INTO etc_toll_test  ( id,create_time,create_user_id,del,name,phone,email,age,sex ) VALUES( ?,?,?,?,?,?,?,?,? )\r\n### Cause: java.sql.SQLException: Field \'about_file\' doesn\'t have a default value\n; Field \'about_file\' doesn\'t have a default value; nested exception is java.sql.SQLException: Field \'about_file\' doesn\'t have a default value', '2020-01-06 17:26:20');
INSERT INTO `sys_oper_log` VALUES (126, '停车场测试', 1, 'com.ruoyi.etc.toll.controller.EtcTollTestController.addSave()', 'POST', 1, 'admin', '研发部门', '/etcToll/test/add', '127.0.0.1', '内网IP', '{\r\n  \"name\" : [ \"微信\" ],\r\n  \"phone\" : [ \"13404151911\" ],\r\n  \"email\" : [ \"1174716221@qq.com\" ],\r\n  \"age\" : [ \"11\" ],\r\n  \"sex\" : [ \"1\" ]\r\n}', 'null', 1, 'write javaBean error, fastjson version 1.2.60, class org.springframework.web.multipart.support.StandardMultipartHttpServletRequest$StandardMultipartFile, fieldName : 0, write javaBean error, fastjson version 1.2.60, class org.springframework.web.multipart.MultipartFileResource, fieldName : resource', '2020-01-06 17:46:19');
INSERT INTO `sys_oper_log` VALUES (127, '停车场测试', 1, 'com.ruoyi.etc.toll.controller.EtcTollTestController.addSave()', 'POST', 1, 'admin', '研发部门', '/etcToll/test/add', '127.0.0.1', '内网IP', '{\r\n  \"name\" : [ \"杨先生111\" ],\r\n  \"phone\" : [ \"13404151911\" ],\r\n  \"email\" : [ \"1174716221@qq.com\" ],\r\n  \"age\" : [ \"11\" ],\r\n  \"sex\" : [ \"1\" ]\r\n}', '{\r\n  \"msg\" : \"filename : [超级取色器.exe], extension : [exe], allowed extension : [[bmp, gif, jpg, jpeg, png, doc, docx, xls, xlsx, ppt, pptx, html, htm, txt, rar, zip, gz, bz2, pdf]]\",\r\n  \"code\" : 500\r\n}', 0, NULL, '2020-01-07 11:26:57');
INSERT INTO `sys_oper_log` VALUES (128, '停车场测试', 1, 'com.ruoyi.etc.toll.controller.EtcTollTestController.addSave()', 'POST', 1, 'admin', '研发部门', '/etcToll/test/add', '127.0.0.1', '内网IP', '{\r\n  \"name\" : [ \"杨先生111\" ],\r\n  \"phone\" : [ \"13404151911\" ],\r\n  \"email\" : [ \"1174716221@qq.com\" ],\r\n  \"age\" : [ \"11\" ],\r\n  \"sex\" : [ \"1\" ]\r\n}', 'null', 1, '\r\n### Error updating database.  Cause: com.mysql.cj.jdbc.exceptions.MysqlDataTruncation: Data truncation: Data too long for column \'directory\' at row 1\r\n### The error may involve com.ruoyi.system.mapper.SysFileInfoMapper.insertList-Inline\r\n### The error occurred while setting parameters\r\n### SQL: INSERT INTO sys_file_info  ( create_time,create_user_id,update_time,update_user_id,del,remark,fk_id,name,file_size,extension,content_type,directory )  VALUES   ( ?,?,?,?,?,?,?,?,?,?,?,? ) , ( ?,?,?,?,?,?,?,?,?,?,?,? ) , ( ?,?,?,?,?,?,?,?,?,?,?,? ) , ( ?,?,?,?,?,?,?,?,?,?,?,? )\r\n### Cause: com.mysql.cj.jdbc.exceptions.MysqlDataTruncation: Data truncation: Data too long for column \'directory\' at row 1\n; Data truncation: Data too long for column \'directory\' at row 1; nested exception is com.mysql.cj.jdbc.exceptions.MysqlDataTruncation: Data truncation: Data too long for column \'directory\' at row 1', '2020-01-07 11:28:20');
INSERT INTO `sys_oper_log` VALUES (129, '停车场测试', 1, 'com.ruoyi.etc.toll.controller.EtcTollTestController.addSave()', 'POST', 1, 'admin', '研发部门', '/etcToll/test/add', '127.0.0.1', '内网IP', '{\r\n  \"name\" : [ \"杨先生111\" ],\r\n  \"phone\" : [ \"13404151911\" ],\r\n  \"email\" : [ \"1174716221@qq.com\" ],\r\n  \"age\" : [ \"11\" ],\r\n  \"sex\" : [ \"1\" ]\r\n}', 'null', 1, 'write javaBean error, fastjson version 1.2.60, class org.springframework.web.multipart.support.StandardMultipartHttpServletRequest$StandardMultipartFile, fieldName : 0, write javaBean error, fastjson version 1.2.60, class org.springframework.web.multipart.MultipartFileResource, fieldName : resource', '2020-01-07 11:29:32');
INSERT INTO `sys_oper_log` VALUES (130, '停车场测试', 1, 'com.ruoyi.etc.toll.controller.EtcTollTestController.addSave()', 'POST', 1, 'admin', '研发部门', '/etcToll/test/add', '127.0.0.1', '内网IP', '{\r\n  \"name\" : [ \"1\" ],\r\n  \"phone\" : [ \"13404151911\" ],\r\n  \"email\" : [ \"1174716221@qq.com\" ],\r\n  \"age\" : [ \"1\" ],\r\n  \"sex\" : [ \"0\" ]\r\n}', 'null', 1, 'write javaBean error, fastjson version 1.2.60, class org.springframework.web.multipart.support.StandardMultipartHttpServletRequest$StandardMultipartFile, fieldName : 0, write javaBean error, fastjson version 1.2.60, class org.springframework.web.multipart.MultipartFileResource, fieldName : resource', '2020-01-07 13:21:57');
INSERT INTO `sys_oper_log` VALUES (131, '停车场测试', 1, 'com.ruoyi.etc.toll.controller.EtcTollTestController.addSave()', 'POST', 1, 'admin', '研发部门', '/etcToll/test/add', '127.0.0.1', '内网IP', '{\r\n  \"name\" : [ \"微信\" ],\r\n  \"phone\" : [ \"13404151911\" ],\r\n  \"email\" : [ \"1174716221@qq.com\" ],\r\n  \"age\" : [ \"11\" ],\r\n  \"sex\" : [ \"0\" ]\r\n}', '{\r\n  \"msg\" : \"操作成功\",\r\n  \"code\" : 0\r\n}', 0, NULL, '2020-01-07 13:22:57');
INSERT INTO `sys_oper_log` VALUES (132, '停车场测试', 2, 'com.ruoyi.etc.toll.controller.EtcTollTestController.editSave()', 'POST', 1, 'admin', '研发部门', '/etcToll/test/edit', '127.0.0.1', '内网IP', '{\r\n  \"id\" : [ \"342bbf85184f45dbb2f2aa03c0160ec5\" ],\r\n  \"name\" : [ \"微信\" ],\r\n  \"phone\" : [ \"13404151911\" ],\r\n  \"email\" : [ \"1174716221@qq.com\" ],\r\n  \"age\" : [ \"11\" ],\r\n  \"sex\" : [ \"0\" ],\r\n  \"aboutFile\" : [ \"5435,5436,5437\" ]\r\n}', '{\r\n  \"msg\" : \"操作成功\",\r\n  \"code\" : 0\r\n}', 0, NULL, '2020-01-07 13:23:03');
INSERT INTO `sys_oper_log` VALUES (133, '停车场测试', 1, 'com.ruoyi.etc.toll.controller.EtcTollTestController.addSave()', 'POST', 1, 'admin', '研发部门', '/etcToll/test/add', '127.0.0.1', '内网IP', '{\r\n  \"name\" : [ \"杨先生\" ],\r\n  \"phone\" : [ \"13404151911\" ],\r\n  \"email\" : [ \"1174716221@qq.com\" ],\r\n  \"age\" : [ \"1\" ],\r\n  \"sex\" : [ \"2\" ]\r\n}', '{\r\n  \"msg\" : \"操作成功\",\r\n  \"code\" : 0\r\n}', 0, NULL, '2020-01-07 14:05:49');
INSERT INTO `sys_oper_log` VALUES (134, '停车场测试', 1, 'com.ruoyi.etc.toll.controller.EtcTollTestController.addSave()', 'POST', 1, 'admin', '研发部门', '/etcToll/test/add', '127.0.0.1', '内网IP', '{\r\n  \"name\" : [ \"杨先生1\" ],\r\n  \"phone\" : [ \"13404151911\" ],\r\n  \"email\" : [ \"1174716220@qq.com\" ],\r\n  \"age\" : [ \"1\" ],\r\n  \"sex\" : [ \"0\" ]\r\n}', '{\r\n  \"msg\" : \"操作成功\",\r\n  \"code\" : 0\r\n}', 0, NULL, '2020-01-07 14:06:10');
INSERT INTO `sys_oper_log` VALUES (135, '停车场测试', 2, 'com.ruoyi.etc.toll.controller.EtcTollTestController.editSave()', 'POST', 1, 'admin', '研发部门', '/etcToll/test/edit', '127.0.0.1', '内网IP', '{\r\n  \"id\" : [ \"101dc6ad63d64bfb9dcdf212699de2b7\" ],\r\n  \"name\" : [ \"杨先生\" ],\r\n  \"phone\" : [ \"13404151911\" ],\r\n  \"email\" : [ \"1174716221@qq.com\" ],\r\n  \"age\" : [ \"1\" ],\r\n  \"sex\" : [ \"2\" ],\r\n  \"aboutFile\" : [ \"5438,5439,5440\" ]\r\n}', '{\r\n  \"msg\" : \"操作成功\",\r\n  \"code\" : 0\r\n}', 0, NULL, '2020-01-07 14:07:40');
INSERT INTO `sys_oper_log` VALUES (136, '停车场测试', 2, 'com.ruoyi.etc.toll.controller.EtcTollTestController.editSave()', 'POST', 1, 'admin', '研发部门', '/etcToll/test/edit', '127.0.0.1', '内网IP', '{\r\n  \"id\" : [ \"68f0b0dd47574ea59c8c64069100bd70\" ],\r\n  \"name\" : [ \"杨先生1\" ],\r\n  \"phone\" : [ \"13404151911\" ],\r\n  \"email\" : [ \"1174716220@qq.com\" ],\r\n  \"age\" : [ \"1\" ],\r\n  \"sex\" : [ \"0\" ],\r\n  \"aboutFile\" : [ \"5441,5442\" ]\r\n}', '{\r\n  \"msg\" : \"操作成功\",\r\n  \"code\" : 0\r\n}', 0, NULL, '2020-01-07 14:07:43');
INSERT INTO `sys_oper_log` VALUES (137, '停车场测试', 2, 'com.ruoyi.etc.toll.controller.EtcTollTestController.editSave()', 'POST', 1, 'admin', '研发部门', '/etcToll/test/edit', '127.0.0.1', '内网IP', '{\r\n  \"id\" : [ \"101dc6ad63d64bfb9dcdf212699de2b7\" ],\r\n  \"name\" : [ \"杨先生\" ],\r\n  \"phone\" : [ \"13404151911\" ],\r\n  \"email\" : [ \"1174716221@qq.com\" ],\r\n  \"age\" : [ \"1\" ],\r\n  \"sex\" : [ \"2\" ],\r\n  \"aboutFile\" : [ \"\" ]\r\n}', '{\r\n  \"msg\" : \"操作成功\",\r\n  \"code\" : 0\r\n}', 0, NULL, '2020-01-07 14:45:50');
INSERT INTO `sys_oper_log` VALUES (138, '停车场测试', 3, 'com.ruoyi.etc.toll.controller.EtcTollTestController.remove()', 'POST', 1, 'admin', '研发部门', '/etcToll/test/remove', '127.0.0.1', '内网IP', '{\r\n  \"ids\" : [ \"101dc6ad63d64bfb9dcdf212699de2b7\" ]\r\n}', '{\r\n  \"msg\" : \"操作成功\",\r\n  \"code\" : 0\r\n}', 0, NULL, '2020-01-07 14:46:47');
INSERT INTO `sys_oper_log` VALUES (139, '停车场测试', 1, 'com.ruoyi.etc.toll.controller.EtcTollTestController.addSave()', 'POST', 1, 'admin', '研发部门', '/etcToll/test/add', '127.0.0.1', '内网IP', '{\r\n  \"name\" : [ \"11\" ],\r\n  \"phone\" : [ \"13404151911\" ],\r\n  \"email\" : [ \"1174716220@qq.com\" ],\r\n  \"age\" : [ \"2\" ],\r\n  \"sex\" : [ \"0\" ]\r\n}', '{\r\n  \"msg\" : \"filename : [qrencode.dll], extension : [dll], allowed extension : [[bmp, gif, jpg, jpeg, png, doc, docx, xls, xlsx, ppt, pptx, html, htm, txt, rar, zip, gz, bz2, pdf, exe]]\",\r\n  \"code\" : 500\r\n}', 0, NULL, '2020-01-13 16:35:04');
INSERT INTO `sys_oper_log` VALUES (140, '停车场测试', 1, 'com.ruoyi.etc.toll.controller.EtcTollTestController.addSave()', 'POST', 1, 'admin', '研发部门', '/etcToll/test/add', '127.0.0.1', '内网IP', '{\r\n  \"name\" : [ \"1\" ],\r\n  \"phone\" : [ \"13404151911\" ],\r\n  \"email\" : [ \"1174716220@qq.com\" ],\r\n  \"age\" : [ \"2\" ],\r\n  \"sex\" : [ \"0\" ]\r\n}', '{\r\n  \"msg\" : \"filename : [], extension : [], allowed extension : [[bmp, gif, jpg, jpeg, png, doc, docx, xls, xlsx, ppt, pptx, html, htm, txt, rar, zip, gz, bz2, pdf, exe]]\",\r\n  \"code\" : 500\r\n}', 0, NULL, '2020-01-13 16:36:56');
INSERT INTO `sys_oper_log` VALUES (141, '停车场测试', 1, 'com.ruoyi.etc.toll.controller.EtcTollTestController.addSave()', 'POST', 1, 'admin', '研发部门', '/etcToll/test/add', '127.0.0.1', '内网IP', '{\r\n  \"name\" : [ \"1\" ],\r\n  \"phone\" : [ \"13404151911\" ],\r\n  \"email\" : [ \"1174716220@qq.com\" ],\r\n  \"age\" : [ \"2\" ],\r\n  \"sex\" : [ \"0\" ]\r\n}', '{\r\n  \"msg\" : \"filename : [], extension : [], allowed extension : [[bmp, gif, jpg, jpeg, png, doc, docx, xls, xlsx, ppt, pptx, html, htm, txt, rar, zip, gz, bz2, pdf, exe]]\",\r\n  \"code\" : 500\r\n}', 0, NULL, '2020-01-13 16:38:04');
INSERT INTO `sys_oper_log` VALUES (142, '停车场测试', 1, 'com.ruoyi.etc.toll.controller.EtcTollTestController.addSave()', 'POST', 1, 'admin', '研发部门', '/etcToll/test/add', '127.0.0.1', '内网IP', '{\r\n  \"id\" : [ \"68f0b0dd47574ea59c8c64069100bd70\" ],\r\n  \"name\" : [ \"杨先生1\" ],\r\n  \"phone\" : [ \"13404151911\" ],\r\n  \"email\" : [ \"1174716220@qq.com\" ],\r\n  \"age\" : [ \"1\" ],\r\n  \"sex\" : [ \"0\" ],\r\n  \"aboutFile\" : [ \"5441,5442\" ]\r\n}', '{\r\n  \"msg\" : \"filename : [], extension : [], allowed extension : [[bmp, gif, jpg, jpeg, png, doc, docx, xls, xlsx, ppt, pptx, html, htm, txt, rar, zip, gz, bz2, pdf, exe]]\",\r\n  \"code\" : 500\r\n}', 0, NULL, '2020-01-13 16:53:32');
INSERT INTO `sys_oper_log` VALUES (143, '停车场测试', 1, 'com.ruoyi.etc.toll.controller.EtcTollTestController.addSave()', 'POST', 1, 'admin', '研发部门', '/etcToll/test/add', '127.0.0.1', '内网IP', '{\r\n  \"id\" : [ \"68f0b0dd47574ea59c8c64069100bd70\" ],\r\n  \"name\" : [ \"杨先生1\" ],\r\n  \"phone\" : [ \"13404151911\" ],\r\n  \"email\" : [ \"1174716220@qq.com\" ],\r\n  \"age\" : [ \"1\" ],\r\n  \"sex\" : [ \"0\" ],\r\n  \"aboutFile\" : [ \"5441,5442\" ]\r\n}', '{\r\n  \"msg\" : \"filename : [], extension : [], allowed extension : [[bmp, gif, jpg, jpeg, png, doc, docx, xls, xlsx, ppt, pptx, html, htm, txt, rar, zip, gz, bz2, pdf, exe]]\",\r\n  \"code\" : 500\r\n}', 0, NULL, '2020-01-13 16:53:35');
INSERT INTO `sys_oper_log` VALUES (144, '停车场测试', 1, 'com.ruoyi.etc.toll.controller.EtcTollTestController.addSave()', 'POST', 1, 'admin', '研发部门', '/etcToll/test/add', '127.0.0.1', '内网IP', '{\r\n  \"id\" : [ \"68f0b0dd47574ea59c8c64069100bd70\" ],\r\n  \"name\" : [ \"杨先生1\" ],\r\n  \"phone\" : [ \"13404151911\" ],\r\n  \"email\" : [ \"1174716220@qq.com\" ],\r\n  \"age\" : [ \"1\" ],\r\n  \"sex\" : [ \"0\" ],\r\n  \"aboutFile\" : [ \"5441,5442\" ]\r\n}', '{\r\n  \"msg\" : \"filename : [], extension : [], allowed extension : [[bmp, gif, jpg, jpeg, png, doc, docx, xls, xlsx, ppt, pptx, html, htm, txt, rar, zip, gz, bz2, pdf, exe]]\",\r\n  \"code\" : 500\r\n}', 0, NULL, '2020-01-13 16:53:40');
INSERT INTO `sys_oper_log` VALUES (145, '停车场测试', 2, 'com.ruoyi.etc.toll.controller.EtcTollTestController.editSave()', 'POST', 1, 'admin', '研发部门', '/etcToll/test/edit', '127.0.0.1', '内网IP', '{\r\n  \"id\" : [ \"68f0b0dd47574ea59c8c64069100bd70\" ],\r\n  \"name\" : [ \"杨先生1\" ],\r\n  \"phone\" : [ \"13404151911\" ],\r\n  \"email\" : [ \"1174716220@qq.com\" ],\r\n  \"age\" : [ \"1\" ],\r\n  \"sex\" : [ \"0\" ],\r\n  \"aboutFile\" : [ \"5441,5442\" ]\r\n}', '{\r\n  \"msg\" : \"操作成功\",\r\n  \"code\" : 0\r\n}', 0, NULL, '2020-01-13 16:55:13');
INSERT INTO `sys_oper_log` VALUES (146, '停车场测试', 1, 'com.ruoyi.etc.toll.controller.EtcTollTestController.addSave()', 'POST', 1, 'admin', '研发部门', '/etcToll/test/add', '127.0.0.1', '内网IP', '{\r\n  \"name\" : [ \"22\" ],\r\n  \"phone\" : [ \"22\" ],\r\n  \"email\" : [ \"33\" ],\r\n  \"age\" : [ \"44\" ],\r\n  \"sex\" : [ \"0\" ]\r\n}', 'null', 1, '\r\n### Error updating database.  Cause: java.sql.SQLException: Field \'about_file\' doesn\'t have a default value\r\n### The error may involve com.ruoyi.etc.toll.mapper.EtcTollTestMapper.insertSelective-Inline\r\n### The error occurred while setting parameters\r\n### SQL: INSERT INTO etc_toll_test  ( id,create_time,create_user_id,del,name,phone,email,age,sex ) VALUES( ?,?,?,?,?,?,?,?,? )\r\n### Cause: java.sql.SQLException: Field \'about_file\' doesn\'t have a default value\n; Field \'about_file\' doesn\'t have a default value; nested exception is java.sql.SQLException: Field \'about_file\' doesn\'t have a default value', '2020-01-14 11:11:46');
INSERT INTO `sys_oper_log` VALUES (147, '停车场测试', 1, 'com.ruoyi.etc.toll.controller.EtcTollTestController.addSave()', 'POST', 1, 'admin', '研发部门', '/etcToll/test/add', '127.0.0.1', '内网IP', '{\r\n  \"name\" : [ \"1\" ],\r\n  \"phone\" : [ \"13404151911\" ],\r\n  \"email\" : [ \"1174716220@qq.com\" ],\r\n  \"age\" : [ \"11\" ],\r\n  \"sex\" : [ \"0\" ],\r\n  \"aboutFile\" : [ \"\" ]\r\n}', '{\r\n  \"msg\" : \"操作成功\",\r\n  \"code\" : 0\r\n}', 0, NULL, '2020-01-14 14:23:24');
INSERT INTO `sys_oper_log` VALUES (148, '停车场测试', 1, 'com.ruoyi.etc.toll.controller.EtcTollTestController.addSave()', 'POST', 1, 'admin', '研发部门', '/etcToll/test/add', '127.0.0.1', '内网IP', '{\r\n  \"name\" : [ \"1\" ],\r\n  \"phone\" : [ \"13404151911\" ],\r\n  \"email\" : [ \"1174716221@qq.com\" ],\r\n  \"age\" : [ \"1\" ],\r\n  \"sex\" : [ \"0\" ],\r\n  \"aboutFile\" : [ \"\" ]\r\n}', '{\r\n  \"msg\" : \"相关附件不能为空\",\r\n  \"code\" : 500\r\n}', 0, NULL, '2020-01-14 14:31:33');
INSERT INTO `sys_oper_log` VALUES (149, '停车场测试', 1, 'com.ruoyi.etc.toll.controller.EtcTollTestController.addSave()', 'POST', 1, 'admin', '研发部门', '/etcToll/test/add', '127.0.0.1', '内网IP', '{\r\n  \"name\" : [ \"1\" ],\r\n  \"phone\" : [ \"13404151911\" ],\r\n  \"email\" : [ \"1174716221@qq.com\" ],\r\n  \"age\" : [ \"1\" ],\r\n  \"sex\" : [ \"0\" ],\r\n  \"aboutFile\" : [ \",/profile/tmp/2020/01/14/e1cfff3686d1e6a9a128fc3ca0b2c0ed.exe\" ]\r\n}', '{\r\n  \"msg\" : \"操作成功\",\r\n  \"code\" : 0\r\n}', 0, NULL, '2020-01-14 14:48:03');
INSERT INTO `sys_oper_log` VALUES (150, '停车场测试', 1, 'com.ruoyi.etc.toll.controller.EtcTollTestController.addSave()', 'POST', 1, 'admin', '研发部门', '/etcToll/test/add', '127.0.0.1', '内网IP', '{\r\n  \"name\" : [ \"微信\" ],\r\n  \"phone\" : [ \"13404151911\" ],\r\n  \"email\" : [ \"1174716220@qq.com\" ],\r\n  \"age\" : [ \"11\" ],\r\n  \"sex\" : [ \"1\" ],\r\n  \"aboutFile\" : [ \"NaN,NaN,NaN,\" ]\r\n}', '{\r\n  \"msg\" : \"D:\\\\ruoyi\\\\uploadPath\\\\tmpNaN\",\r\n  \"code\" : 500\r\n}', 0, NULL, '2020-01-14 14:51:22');
INSERT INTO `sys_oper_log` VALUES (151, '停车场测试', 1, 'com.ruoyi.etc.toll.controller.EtcTollTestController.addSave()', 'POST', 1, 'admin', '研发部门', '/etcToll/test/add', '127.0.0.1', '内网IP', '{\r\n  \"name\" : [ \"1\" ],\r\n  \"phone\" : [ \"13404151911\" ],\r\n  \"email\" : [ \"1174716220@qq.com\" ],\r\n  \"age\" : [ \"11\" ],\r\n  \"sex\" : [ \"0\" ],\r\n  \"aboutFile\" : [ \"NaN,NaN,NaN,\" ]\r\n}', '{\r\n  \"msg\" : \"D:\\\\ruoyi\\\\uploadPath\\\\tmpNaN\",\r\n  \"code\" : 500\r\n}', 0, NULL, '2020-01-14 14:53:13');
INSERT INTO `sys_oper_log` VALUES (152, '停车场测试', 1, 'com.ruoyi.etc.toll.controller.EtcTollTestController.addSave()', 'POST', 1, 'admin', '研发部门', '/etcToll/test/add', '127.0.0.1', '内网IP', '{\r\n  \"name\" : [ \"11\" ],\r\n  \"phone\" : [ \"13404151911\" ],\r\n  \"email\" : [ \"1174716220@qq.com\" ],\r\n  \"age\" : [ \"12\" ],\r\n  \"sex\" : [ \"0\" ],\r\n  \"aboutFile\" : [ \"/profile/tmp/2020/01/14/2c6295eaa78951a6c046caaa2695c61c.dll,/profile/tmp/2020/01/14/c14405d2b0b4f1942cb13114f7661982.exe,/profile/tmp/2020/01/14/9b19135e968611f9f999eb44f9e8d372.dll,\" ]\r\n}', '{\r\n  \"msg\" : \"D:\\\\ruoyi\\\\uploadPath\\\\tmp\\\\profile\\\\tmp\\\\2020\\\\01\\\\14\\\\2c6295eaa78951a6c046caaa2695c61c.dll\\\\2c6295eaa78951a6c046caaa2695c61c.dll\",\r\n  \"code\" : 500\r\n}', 0, NULL, '2020-01-14 14:55:40');
INSERT INTO `sys_oper_log` VALUES (153, '停车场测试', 1, 'com.ruoyi.etc.toll.controller.EtcTollTestController.addSave()', 'POST', 1, 'admin', '研发部门', '/etcToll/test/add', '127.0.0.1', '内网IP', '{\r\n  \"name\" : [ \"11\" ],\r\n  \"phone\" : [ \"13404151911\" ],\r\n  \"email\" : [ \"1174716220@qq.com\" ],\r\n  \"age\" : [ \"12\" ],\r\n  \"sex\" : [ \"0\" ],\r\n  \"aboutFile\" : [ \"/profile/tmp/2020/01/14/2c6295eaa78951a6c046caaa2695c61c.dll,/profile/tmp/2020/01/14/c14405d2b0b4f1942cb13114f7661982.exe,/profile/tmp/2020/01/14/9b19135e968611f9f999eb44f9e8d372.dll,\" ]\r\n}', '{\r\n  \"msg\" : \"D:\\\\ruoyi\\\\uploadPath\\\\tmp\\\\profile\\\\tmp\\\\2020\\\\01\\\\14\\\\2c6295eaa78951a6c046caaa2695c61c.dll\\\\2c6295eaa78951a6c046caaa2695c61c.dll\",\r\n  \"code\" : 500\r\n}', 0, NULL, '2020-01-14 15:00:43');
INSERT INTO `sys_oper_log` VALUES (154, '停车场测试', 1, 'com.ruoyi.etc.toll.controller.EtcTollTestController.addSave()', 'POST', 1, 'admin', '研发部门', '/etcToll/test/add', '127.0.0.1', '内网IP', '{\r\n  \"name\" : [ \"杨先生\" ],\r\n  \"phone\" : [ \"13404151911\" ],\r\n  \"email\" : [ \"1174716220@qq.com\" ],\r\n  \"age\" : [ \"2\" ],\r\n  \"sex\" : [ \"1\" ],\r\n  \"aboutFile\" : [ \"{\\\"id\\\":\\\"2fd872b8933a4ea7bee38e1c7bd96feb\\\",\\\"createTime\\\":\\\"2020-01-14 15:04:04\\\",\\\"createUserId\\\":1,\\\"updateTime\\\":null,\\\"updateUserId\\\":null,\\\"del\\\":0,\\\"remark\\\":null,\\\"params\\\":null,\\\"ids\\\":null,\\\"name\\\":\\\"studio.exe\\\",\\\"realName\\\":\\\"552df9e953aa2b490df3f312bc1b5000.exe\\\",\\\"fileSize\\\":878184,\\\"extension\\\":\\\"exe\\\",\\\"contentType\\\":\\\".exe\\\",\\\"directory\\\":\\\"/profile/tmp/2020/01/14/552df9e953aa2b490df3f312bc1b5000.exe\\\"},{\\\"id\\\":\\\"28864a6c75b945da880d7f9f98f91992\\\",\\\"createTime\\\":\\\"2020-01-14 15:04:00\\\",\\\"createUserId\\\":1,\\\"updateTime\\\":null,\\\"updateUserId\\\":null,\\\"del\\\":0,\\\"remark\\\":null,\\\"params\\\":null,\\\"ids\\\":null,\\\"name\\\":\\\"fsnotifier.exe\\\",\\\"realName\\\":\\\"2e4ef13dfd5a637122759def8d01fb8b.exe\\\",\\\"fileSize\\\":91632,\\\"extension\\\":\\\"exe\\\",\\\"contentType\\\":\\\".exe\\\",\\\"directory\\\":\\\"/profile/tmp/2020/01/14/2e4ef13dfd5a637122759def8d01fb8b.exe\\\"},\" ]\r\n}', 'null', 1, 'not match : - \Z, info : pos 40, line 1, column 41{\"id\":\"2fd872b8933a4ea7bee38e1c7bd96feb\"', '2020-01-14 15:04:22');
INSERT INTO `sys_oper_log` VALUES (155, '停车场测试', 1, 'com.ruoyi.etc.toll.controller.EtcTollTestController.addSave()', 'POST', 1, 'admin', '研发部门', '/etcToll/test/add', '127.0.0.1', '内网IP', '{\r\n  \"name\" : [ \"杨先生\" ],\r\n  \"phone\" : [ \"13404151911\" ],\r\n  \"email\" : [ \"1174716220@qq.com\" ],\r\n  \"age\" : [ \"2\" ],\r\n  \"sex\" : [ \"1\" ],\r\n  \"aboutFile\" : [ \"{\\\"id\\\":\\\"2fd872b8933a4ea7bee38e1c7bd96feb\\\",\\\"createTime\\\":\\\"2020-01-14 15:04:04\\\",\\\"createUserId\\\":1,\\\"updateTime\\\":null,\\\"updateUserId\\\":null,\\\"del\\\":0,\\\"remark\\\":null,\\\"params\\\":null,\\\"ids\\\":null,\\\"name\\\":\\\"studio.exe\\\",\\\"realName\\\":\\\"552df9e953aa2b490df3f312bc1b5000.exe\\\",\\\"fileSize\\\":878184,\\\"extension\\\":\\\"exe\\\",\\\"contentType\\\":\\\".exe\\\",\\\"directory\\\":\\\"/profile/tmp/2020/01/14/552df9e953aa2b490df3f312bc1b5000.exe\\\"},{\\\"id\\\":\\\"28864a6c75b945da880d7f9f98f91992\\\",\\\"createTime\\\":\\\"2020-01-14 15:04:00\\\",\\\"createUserId\\\":1,\\\"updateTime\\\":null,\\\"updateUserId\\\":null,\\\"del\\\":0,\\\"remark\\\":null,\\\"params\\\":null,\\\"ids\\\":null,\\\"name\\\":\\\"fsnotifier.exe\\\",\\\"realName\\\":\\\"2e4ef13dfd5a637122759def8d01fb8b.exe\\\",\\\"fileSize\\\":91632,\\\"extension\\\":\\\"exe\\\",\\\"contentType\\\":\\\".exe\\\",\\\"directory\\\":\\\"/profile/tmp/2020/01/14/2e4ef13dfd5a637122759def8d01fb8b.exe\\\"},\" ]\r\n}', 'null', 1, 'not match : - \Z, info : pos 40, line 1, column 41{\"id\":\"2fd872b8933a4ea7bee38e1c7bd96feb\"', '2020-01-14 15:07:01');
INSERT INTO `sys_oper_log` VALUES (156, '停车场测试', 1, 'com.ruoyi.etc.toll.controller.EtcTollTestController.addSave()', 'POST', 1, 'admin', '研发部门', '/etcToll/test/add', '127.0.0.1', '内网IP', '{\r\n  \"name\" : [ \"微信\" ],\r\n  \"phone\" : [ \"13404151911\" ],\r\n  \"email\" : [ \"1174716220@qq.com\" ],\r\n  \"age\" : [ \"11\" ],\r\n  \"sex\" : [ \"0\" ],\r\n  \"aboutFile\" : [ \"{\\\"id\\\":\\\"f519da88ade041509ea4d647dc0fbae9\\\",\\\"createTime\\\":\\\"2020-01-14 15:10:21\\\",\\\"createUserId\\\":1,\\\"updateTime\\\":null,\\\"updateUserId\\\":null,\\\"del\\\":0,\\\"remark\\\":null,\\\"params\\\":null,\\\"ids\\\":null,\\\"name\\\":\\\"idea.properties\\\",\\\"realName\\\":\\\"6c9953e263c5f4e06c641e7216c81012.properties\\\",\\\"fileSize\\\":11477,\\\"extension\\\":\\\"properties\\\",\\\"contentType\\\":\\\".properties\\\",\\\"directory\\\":\\\"/profile/tmp/2020/01/14/6c9953e263c5f4e06c641e7216c81012.properties\\\"}2fd872b8933a4ea7bee38e1c7bd96feb{\\\"id\\\":\\\"d9d687899a354253a1dd1a162210af1c\\\",\\\"createTime\\\":\\\"2020-01-14 15:10:21\\\",\\\"createUserId\\\":1,\\\"updateTime\\\":null,\\\"updateUserId\\\":null,\\\"del\\\":0,\\\"remark\\\":null,\\\"params\\\":null,\\\"ids\\\":null,\\\"name\\\":\\\"fsnotifier.exe\\\",\\\"realName\\\":\\\"c6f25217349a14c40828927ea001aa71.exe\\\",\\\"fileSize\\\":91632,\\\"extension\\\":\\\"exe\\\",\\\"contentType\\\":\\\".exe\\\",\\\"directory\\\":\\\"/profile/tmp/2020/01/14/c6f25217349a14c40828927ea001aa71.exe\\\"}2fd872b8933a4ea7bee38e1c7bd96feb{\\\"id\\\":\\\"547c67de3a3548ac9a00a881615d0e85\\\",\\\"createTime\\\":\\\"2020-01-14 15:10:21\\\",\\\"createUserId\\\":1,\\\"updateTime\\\":null,\\\"updateUserId\\\":null,\\\"del\\\":0,\\\"remark\\\":null,\\\"params\\\":null,\\\"ids\\\":null,\\\"name\\\":\\\"fsnotifier64.exe\\\",\\\"realName\\\":\\\"03a806a70785b85166822f027e3c371a.exe\\\",\\\"fileSize\\\":105968,\\\"extension\\\":\\\"exe\\\",\\\"contentType\\\":\\\".exe\\\",\\\"directory\\\":\\\"/profile/tmp/2020/01/14/03a806a70785b85166822f027e3c371a.exe\\\"}2fd872b8933a4ea7bee38e1c7bd96feb\" ]\r\n}', 'null', 1, '\r\n### Error updating database.  Cause: com.mysql.cj.jdbc.exceptions.MysqlDataTruncation: Data truncation: Data too long for column \'content_type\' at row 1\r\n### The error may involve com.ruoyi.system.mapper.SysFileInfoMapper.insertList-Inline\r\n### The error occurred while setting parameters\r\n### SQL: INSERT INTO sys_file_info  ( create_time,create_user_id,update_time,update_user_id,del,remark,name,real_name,file_size,extension,content_type,directory )  VALUES   ( ?,?,?,?,?,?,?,?,?,?,?,? ) , ( ?,?,?,?,?,?,?,?,?,?,?,? ) , ( ?,?,?,?,?,?,?,?,?,?,?,? )\r\n### Cause: com.mysql.cj.jdbc.exceptions.MysqlDataTruncation: Data truncation: Data too long for column \'content_type\' at row 1\n; Data truncation: Data too long for column \'content_type\' at row 1; nested exception is com.mysql.cj.jdbc.exceptions.MysqlDataTruncation: Data truncation: Data too long for column \'content_type\' at row 1', '2020-01-14 15:17:55');
INSERT INTO `sys_oper_log` VALUES (157, '停车场测试', 1, 'com.ruoyi.etc.toll.controller.EtcTollTestController.addSave()', 'POST', 1, 'admin', '研发部门', '/etcToll/test/add', '127.0.0.1', '内网IP', '{\r\n  \"name\" : [ \"微信\" ],\r\n  \"phone\" : [ \"13404151911\" ],\r\n  \"email\" : [ \"1174716221@qq.com\" ],\r\n  \"age\" : [ \"11\" ],\r\n  \"sex\" : [ \"0\" ],\r\n  \"aboutFile\" : [ \"{\\\"id\\\":\\\"1c54e26a212c4866b866c1d8e3286ada\\\",\\\"createTime\\\":\\\"2020-01-14 15:22:36\\\",\\\"createUserId\\\":1,\\\"updateTime\\\":null,\\\"updateUserId\\\":null,\\\"del\\\":0,\\\"remark\\\":null,\\\"params\\\":null,\\\"ids\\\":null,\\\"name\\\":\\\"breakgen64.dll\\\",\\\"realName\\\":\\\"f795c89a49dd8171a5c695aea55cc5e0.dll\\\",\\\"fileSize\\\":80896,\\\"extension\\\":\\\"dll\\\",\\\"contentType\\\":\\\".dll\\\",\\\"directory\\\":\\\"/profile/tmp/2020/01/14/f795c89a49dd8171a5c695aea55cc5e0.dll\\\"}2fd872b8933a4ea7bee38e1c7bd96feb{\\\"id\\\":\\\"d8fd659cf37546da95f0669b9875b9a0\\\",\\\"createTime\\\":\\\"2020-01-14 15:22:36\\\",\\\"createUserId\\\":1,\\\"updateTime\\\":null,\\\"updateUserId\\\":null,\\\"del\\\":0,\\\"remark\\\":null,\\\"params\\\":null,\\\"ids\\\":null,\\\"name\\\":\\\"elevator.exe\\\",\\\"realName\\\":\\\"6c22d18501c12fa4d4d6c1107cde0e37.exe\\\",\\\"fileSize\\\":152240,\\\"extension\\\":\\\"exe\\\",\\\"contentType\\\":\\\".exe\\\",\\\"directory\\\":\\\"/profile/tmp/2020/01/14/6c22d18501c12fa4d4d6c1107cde0e37.exe\\\"}2fd872b8933a4ea7bee38e1c7bd96feb{\\\"id\\\":\\\"2063a65e84fd42a388892e3626aec51a\\\",\\\"createTime\\\":\\\"2020-01-14 15:22:36\\\",\\\"createUserId\\\":1,\\\"updateTime\\\":null,\\\"updateUserId\\\":null,\\\"del\\\":0,\\\"remark\\\":null,\\\"params\\\":null,\\\"ids\\\":null,\\\"name\\\":\\\"breakgen.dll\\\",\\\"realName\\\":\\\"5c26f3d0d6a65974ae02a702254e87e9.dll\\\",\\\"fileSize\\\":69632,\\\"extension\\\":\\\"dll\\\",\\\"contentType\\\":\\\".dll\\\",\\\"directory\\\":\\\"/profile/tmp/2020/01/14/5c26f3d0d6a65974ae02a702254e87e9.dll\\\"}2fd872b8933a4ea7bee38e1c7bd96feb\" ]\r\n}', '{\r\n  \"msg\" : \"D:\\\\ruoyi\\\\uploadPath\\\\tmp\\\\2020\\\\01\\\\14\\\\f795c89a49dd8171a5c695aea55cc5e0.dll -> D:\\\\ruoyi\\\\uploadPath\\\\upload\\\\2020\\\\01\\\\14\\\\f795c89a49dd8171a5c695aea55cc5e0.dll\",\r\n  \"code\" : 500\r\n}', 0, NULL, '2020-01-14 15:28:17');
INSERT INTO `sys_oper_log` VALUES (158, '停车场测试', 1, 'com.ruoyi.etc.toll.controller.EtcTollTestController.addSave()', 'POST', 1, 'admin', '研发部门', '/etcToll/test/add', '127.0.0.1', '内网IP', '{\r\n  \"name\" : [ \"微信\" ],\r\n  \"phone\" : [ \"13404151911\" ],\r\n  \"email\" : [ \"1174716221@qq.com\" ],\r\n  \"age\" : [ \"12\" ],\r\n  \"sex\" : [ \"1\" ],\r\n  \"aboutFile\" : [ \"{\\\"id\\\":\\\"f2cb0a75b87949eba63cf3055eb91953\\\",\\\"createTime\\\":\\\"2020-01-14 15:30:01\\\",\\\"createUserId\\\":1,\\\"updateTime\\\":null,\\\"updateUserId\\\":null,\\\"del\\\":0,\\\"remark\\\":null,\\\"params\\\":null,\\\"ids\\\":null,\\\"name\\\":\\\"appletviewer.policy\\\",\\\"realName\\\":\\\"2ee998f861aa6a81df1b2ba06e826394.policy\\\",\\\"fileSize\\\":136,\\\"extension\\\":\\\"policy\\\",\\\"contentType\\\":\\\".policy\\\",\\\"directory\\\":\\\"/profile/tmp/2020/01/14/2ee998f861aa6a81df1b2ba06e826394.policy\\\"}2fd872b8933a4ea7bee38e1c7bd96feb{\\\"id\\\":\\\"7d993cf48ad144d9823f29868c13a5d0\\\",\\\"createTime\\\":\\\"2020-01-14 15:30:01\\\",\\\"createUserId\\\":1,\\\"updateTime\\\":null,\\\"updateUserId\\\":null,\\\"del\\\":0,\\\"remark\\\":null,\\\"params\\\":null,\\\"ids\\\":null,\\\"name\\\":\\\"append.bat\\\",\\\"realName\\\":\\\"6fc211fdcdd1e73175aa18c1e9283cf1.bat\\\",\\\"fileSize\\\":204,\\\"extension\\\":\\\"bat\\\",\\\"contentType\\\":\\\".bat\\\",\\\"directory\\\":\\\"/profile/tmp/2020/01/14/6fc211fdcdd1e73175aa18c1e9283cf1.bat\\\"}2fd872b8933a4ea7bee38e1c7bd96feb{\\\"id\\\":\\\"6df0f03cbcb04f53b6012073add544e7\\\",\\\"createTime\\\":\\\"2020-01-14 15:30:01\\\",\\\"createUserId\\\":1,\\\"updateTime\\\":null,\\\"updateUserId\\\":null,\\\"del\\\":0,\\\"remark\\\":null,\\\"params\\\":null,\\\"ids\\\":null,\\\"name\\\":\\\"breakgen.dll\\\",\\\"realName\\\":\\\"b4f0f47b91feb417579a1fdca0f9b3e9.dll\\\",\\\"fileSize\\\":69632,\\\"extension\\\":\\\"dll\\\",\\\"contentType\\\":\\\".dll\\\",\\\"directory\\\":\\\"/profile/tmp/2020/01/14/b4f0f47b91feb417579a1fdca0f9b3e9.dll\\\"}2fd872b8933a4ea7bee38e1c7bd96feb\" ]\r\n}', '{\r\n  \"msg\" : \"操作成功\",\r\n  \"code\" : 0\r\n}', 0, NULL, '2020-01-14 15:31:01');
INSERT INTO `sys_oper_log` VALUES (159, '停车场测试', 3, 'com.ruoyi.etc.toll.controller.EtcTollTestController.remove()', 'POST', 1, 'admin', '研发部门', '/etcToll/test/remove', '127.0.0.1', '内网IP', '{\r\n  \"ids\" : [ \"2ca44f23bdb64f25915a1828e858fb1d\" ]\r\n}', '{\r\n  \"msg\" : \"操作成功\",\r\n  \"code\" : 0\r\n}', 0, NULL, '2020-01-14 15:37:04');
INSERT INTO `sys_oper_log` VALUES (160, '停车场测试', 1, 'com.ruoyi.etc.toll.controller.EtcTollTestController.addSave()', 'POST', 1, 'admin', '研发部门', '/etcToll/test/add', '127.0.0.1', '内网IP', '{\r\n  \"name\" : [ \"微信\" ],\r\n  \"phone\" : [ \"13404151911\" ],\r\n  \"email\" : [ \"1174716221@qq.com\" ],\r\n  \"age\" : [ \"12\" ],\r\n  \"sex\" : [ \"2\" ],\r\n  \"aboutFile\" : [ \"{\\\"id\\\":\\\"45a12025fd0c4318abd4a3fab243ffca\\\",\\\"createTime\\\":\\\"2020-01-14 15:37:34\\\",\\\"createUserId\\\":1,\\\"updateTime\\\":null,\\\"updateUserId\\\":null,\\\"del\\\":0,\\\"remark\\\":null,\\\"params\\\":null,\\\"ids\\\":null,\\\"name\\\":\\\"IdeaWin32.dll\\\",\\\"realName\\\":\\\"5ff560b0abd8d04012afd12f96e5511d.dll\\\",\\\"fileSize\\\":74240,\\\"extension\\\":\\\"dll\\\",\\\"contentType\\\":\\\".dll\\\",\\\"directory\\\":\\\"/profile/tmp/2020/01/14/5ff560b0abd8d04012afd12f96e5511d.dll\\\"}2fd872b8933a4ea7bee38e1c7bd96feb{\\\"id\\\":\\\"891a0f05f87a4b3594d2bee43f18f3f2\\\",\\\"createTime\\\":\\\"2020-01-14 15:37:34\\\",\\\"createUserId\\\":1,\\\"updateTime\\\":null,\\\"updateUserId\\\":null,\\\"del\\\":0,\\\"remark\\\":null,\\\"params\\\":null,\\\"ids\\\":null,\\\"name\\\":\\\"IdeaWin64.dll\\\",\\\"realName\\\":\\\"fa0bd509bebcf7479f6f6e4d15bff658.dll\\\",\\\"fileSize\\\":86016,\\\"extension\\\":\\\"dll\\\",\\\"contentType\\\":\\\".dll\\\",\\\"directory\\\":\\\"/profile/tmp/2020/01/14/fa0bd509bebcf7479f6f6e4d15bff658.dll\\\"}2fd872b8933a4ea7bee38e1c7bd96feb{\\\"id\\\":\\\"ff1088d2c1ec460da8bcb33bd8e7acff\\\",\\\"createTime\\\":\\\"2020-01-14 15:37:34\\\",\\\"createUserId\\\":1,\\\"updateTime\\\":null,\\\"updateUserId\\\":null,\\\"del\\\":0,\\\"remark\\\":null,\\\"params\\\":null,\\\"ids\\\":null,\\\"name\\\":\\\"idea.properties\\\",\\\"realName\\\":\\\"17ea0508a76781d09f359dd5f022348f.properties\\\",\\\"fileSize\\\":11477,\\\"extension\\\":\\\"properties\\\",\\\"contentType\\\":\\\".properties\\\",\\\"directory\\\":\\\"/profile/tmp/2020/01/14/17ea0508a76781d09f359dd5f022348f.properties\\\"}2fd872b8933a4ea7bee38e1c7bd96feb{\\\"id\\\":\\\"2801ef3adf51436585278e347a0a0609\\\",\\\"createTime\\\":\\\"2020-01-14 15:37:34\\\",\\\"createUserId\\\":1,\\\"updateTime\\\":null,\\\"updateUserId\\\":null,\\\"del\\\":0,\\\"remark\\\":null,\\\"params\\\":null,\\\"ids\\\":null,\\\"name\\\":\\\"fsnotifier64.exe\\\",\\\"realName\\\":\\\"8748e31810bb8b1a95529beb0ac436f3.exe\\\",\\\"fileSize\\\":105968,\\\"extension\\\":\\\"exe\\\",\\\"contentType\\\":\\\".exe\\\",\\\"directory\\\":\\\"/profile/tmp/2020/01/14/8748e31810bb8b1a95529beb0ac436f3.exe\\\"}2fd872b8933', 'null', 1, '\r\n### Error updating database.  Cause: com.mysql.cj.jdbc.exceptions.MysqlDataTruncation: Data truncation: Data too long for column \'content_type\' at row 3\r\n### The error may involve com.ruoyi.system.mapper.SysFileInfoMapper.insertList-Inline\r\n### The error occurred while setting parameters\r\n### SQL: INSERT INTO sys_file_info  ( create_time,create_user_id,update_time,update_user_id,del,remark,name,real_name,file_size,extension,content_type,directory )  VALUES   ( ?,?,?,?,?,?,?,?,?,?,?,? ) , ( ?,?,?,?,?,?,?,?,?,?,?,? ) , ( ?,?,?,?,?,?,?,?,?,?,?,? ) , ( ?,?,?,?,?,?,?,?,?,?,?,? ) , ( ?,?,?,?,?,?,?,?,?,?,?,? )\r\n### Cause: com.mysql.cj.jdbc.exceptions.MysqlDataTruncation: Data truncation: Data too long for column \'content_type\' at row 3\n; Data truncation: Data too long for column \'content_type\' at row 3; nested exception is com.mysql.cj.jdbc.exceptions.MysqlDataTruncation: Data truncation: Data too long for column \'content_type\' at row 3', '2020-01-14 15:37:37');
INSERT INTO `sys_oper_log` VALUES (161, '停车场测试', 1, 'com.ruoyi.etc.toll.controller.EtcTollTestController.addSave()', 'POST', 1, 'admin', '研发部门', '/etcToll/test/add', '127.0.0.1', '内网IP', '{\r\n  \"name\" : [ \"微信\" ],\r\n  \"phone\" : [ \"13404151911\" ],\r\n  \"email\" : [ \"1174716221@qq.com\" ],\r\n  \"age\" : [ \"12\" ],\r\n  \"sex\" : [ \"2\" ],\r\n  \"aboutFile\" : [ \"{\\\"id\\\":\\\"45a12025fd0c4318abd4a3fab243ffca\\\",\\\"createTime\\\":\\\"2020-01-14 15:37:34\\\",\\\"createUserId\\\":1,\\\"updateTime\\\":null,\\\"updateUserId\\\":null,\\\"del\\\":0,\\\"remark\\\":null,\\\"params\\\":null,\\\"ids\\\":null,\\\"name\\\":\\\"IdeaWin32.dll\\\",\\\"realName\\\":\\\"5ff560b0abd8d04012afd12f96e5511d.dll\\\",\\\"fileSize\\\":74240,\\\"extension\\\":\\\"dll\\\",\\\"contentType\\\":\\\".dll\\\",\\\"directory\\\":\\\"/profile/tmp/2020/01/14/5ff560b0abd8d04012afd12f96e5511d.dll\\\"}2fd872b8933a4ea7bee38e1c7bd96feb{\\\"id\\\":\\\"891a0f05f87a4b3594d2bee43f18f3f2\\\",\\\"createTime\\\":\\\"2020-01-14 15:37:34\\\",\\\"createUserId\\\":1,\\\"updateTime\\\":null,\\\"updateUserId\\\":null,\\\"del\\\":0,\\\"remark\\\":null,\\\"params\\\":null,\\\"ids\\\":null,\\\"name\\\":\\\"IdeaWin64.dll\\\",\\\"realName\\\":\\\"fa0bd509bebcf7479f6f6e4d15bff658.dll\\\",\\\"fileSize\\\":86016,\\\"extension\\\":\\\"dll\\\",\\\"contentType\\\":\\\".dll\\\",\\\"directory\\\":\\\"/profile/tmp/2020/01/14/fa0bd509bebcf7479f6f6e4d15bff658.dll\\\"}2fd872b8933a4ea7bee38e1c7bd96feb{\\\"id\\\":\\\"ff1088d2c1ec460da8bcb33bd8e7acff\\\",\\\"createTime\\\":\\\"2020-01-14 15:37:34\\\",\\\"createUserId\\\":1,\\\"updateTime\\\":null,\\\"updateUserId\\\":null,\\\"del\\\":0,\\\"remark\\\":null,\\\"params\\\":null,\\\"ids\\\":null,\\\"name\\\":\\\"idea.properties\\\",\\\"realName\\\":\\\"17ea0508a76781d09f359dd5f022348f.properties\\\",\\\"fileSize\\\":11477,\\\"extension\\\":\\\"properties\\\",\\\"contentType\\\":\\\".properties\\\",\\\"directory\\\":\\\"/profile/tmp/2020/01/14/17ea0508a76781d09f359dd5f022348f.properties\\\"}2fd872b8933a4ea7bee38e1c7bd96feb{\\\"id\\\":\\\"2801ef3adf51436585278e347a0a0609\\\",\\\"createTime\\\":\\\"2020-01-14 15:37:34\\\",\\\"createUserId\\\":1,\\\"updateTime\\\":null,\\\"updateUserId\\\":null,\\\"del\\\":0,\\\"remark\\\":null,\\\"params\\\":null,\\\"ids\\\":null,\\\"name\\\":\\\"fsnotifier64.exe\\\",\\\"realName\\\":\\\"8748e31810bb8b1a95529beb0ac436f3.exe\\\",\\\"fileSize\\\":105968,\\\"extension\\\":\\\"exe\\\",\\\"contentType\\\":\\\".exe\\\",\\\"directory\\\":\\\"/profile/tmp/2020/01/14/8748e31810bb8b1a95529beb0ac436f3.exe\\\"}2fd872b8933', '{\r\n  \"msg\" : \"D:\\\\ruoyi\\\\uploadPath\\\\upload\\\\2020\\\\01\\\\14\\\\5ff560b0abd8d04012afd12f96e5511d.dll\",\r\n  \"code\" : 500\r\n}', 0, NULL, '2020-01-14 15:38:13');
INSERT INTO `sys_oper_log` VALUES (162, '停车场测试', 1, 'com.ruoyi.etc.toll.controller.EtcTollTestController.addSave()', 'POST', 1, 'admin', '研发部门', '/etcToll/test/add', '127.0.0.1', '内网IP', '{\r\n  \"name\" : [ \"11\" ],\r\n  \"phone\" : [ \"13404151911\" ],\r\n  \"email\" : [ \"1174716221@qq.com\" ],\r\n  \"age\" : [ \"11\" ],\r\n  \"sex\" : [ \"0\" ],\r\n  \"aboutFile\" : [ \"{\\\"id\\\":\\\"b8edd12f4c08452a90c6b8c9fc366818\\\",\\\"createTime\\\":\\\"2020-01-14 15:41:55\\\",\\\"createUserId\\\":1,\\\"updateTime\\\":null,\\\"updateUserId\\\":null,\\\"del\\\":0,\\\"remark\\\":null,\\\"params\\\":null,\\\"ids\\\":null,\\\"name\\\":\\\"idea.properties\\\",\\\"realName\\\":\\\"75b0fc5667bf62c2c5971d2171c14d31.properties\\\",\\\"fileSize\\\":11477,\\\"extension\\\":\\\"properties\\\",\\\"contentType\\\":\\\".properties\\\",\\\"directory\\\":\\\"/profile/tmp/2020/01/14/75b0fc5667bf62c2c5971d2171c14d31.properties\\\"}2fd872b8933a4ea7bee38e1c7bd96feb{\\\"id\\\":\\\"850ce0e74c484b2d9a1146e817b0453e\\\",\\\"createTime\\\":\\\"2020-01-14 15:41:55\\\",\\\"createUserId\\\":1,\\\"updateTime\\\":null,\\\"updateUserId\\\":null,\\\"del\\\":0,\\\"remark\\\":null,\\\"params\\\":null,\\\"ids\\\":null,\\\"name\\\":\\\"fsnotifier.exe\\\",\\\"realName\\\":\\\"4d48ad03d1eae9d72738001811403f30.exe\\\",\\\"fileSize\\\":91632,\\\"extension\\\":\\\"exe\\\",\\\"contentType\\\":\\\".exe\\\",\\\"directory\\\":\\\"/profile/tmp/2020/01/14/4d48ad03d1eae9d72738001811403f30.exe\\\"}2fd872b8933a4ea7bee38e1c7bd96feb{\\\"id\\\":\\\"b6c5b4eaa40544fe97d36d5661decf4d\\\",\\\"createTime\\\":\\\"2020-01-14 15:41:55\\\",\\\"createUserId\\\":1,\\\"updateTime\\\":null,\\\"updateUserId\\\":null,\\\"del\\\":0,\\\"remark\\\":null,\\\"params\\\":null,\\\"ids\\\":null,\\\"name\\\":\\\"fsnotifier64.exe\\\",\\\"realName\\\":\\\"5050adb401eae5f4351bf7bb6294c277.exe\\\",\\\"fileSize\\\":105968,\\\"extension\\\":\\\"exe\\\",\\\"contentType\\\":\\\".exe\\\",\\\"directory\\\":\\\"/profile/tmp/2020/01/14/5050adb401eae5f4351bf7bb6294c277.exe\\\"}2fd872b8933a4ea7bee38e1c7bd96feb\" ]\r\n}', '{\r\n  \"msg\" : \"操作成功\",\r\n  \"code\" : 0\r\n}', 0, NULL, '2020-01-14 15:41:57');
INSERT INTO `sys_oper_log` VALUES (163, '停车场测试', 1, 'com.ruoyi.etc.toll.controller.EtcTollTestController.addSave()', 'POST', 1, 'admin', '研发部门', '/etcToll/test/add', '127.0.0.1', '内网IP', '{\r\n  \"name\" : [ \"微信\" ],\r\n  \"phone\" : [ \"13404151911\" ],\r\n  \"email\" : [ \"1174716221@qq.com\" ],\r\n  \"age\" : [ \"12\" ],\r\n  \"sex\" : [ \"1\" ],\r\n  \"aboutFile\" : [ \"{\\\"id\\\":\\\"78edc0c52b344438b368ae12fa0df048\\\",\\\"createTime\\\":\\\"2020-01-14 15:43:01\\\",\\\"createUserId\\\":1,\\\"updateTime\\\":null,\\\"updateUserId\\\":null,\\\"del\\\":0,\\\"remark\\\":null,\\\"params\\\":null,\\\"ids\\\":null,\\\"name\\\":\\\"breakgen.dll\\\",\\\"realName\\\":\\\"e0ba1ce2ed3fd0ac366dc3fb79b6d56d.dll\\\",\\\"fileSize\\\":69632,\\\"extension\\\":\\\"dll\\\",\\\"contentType\\\":\\\".dll\\\",\\\"directory\\\":\\\"/profile/tmp/2020/01/14/e0ba1ce2ed3fd0ac366dc3fb79b6d56d.dll\\\"}2fd872b8933a4ea7bee38e1c7bd96feb{\\\"id\\\":\\\"df5789dfcb2d43b9b4ffa3f583b5bbf3\\\",\\\"createTime\\\":\\\"2020-01-14 15:43:01\\\",\\\"createUserId\\\":1,\\\"updateTime\\\":null,\\\"updateUserId\\\":null,\\\"del\\\":0,\\\"remark\\\":null,\\\"params\\\":null,\\\"ids\\\":null,\\\"name\\\":\\\"breakgen64.dll\\\",\\\"realName\\\":\\\"b3edf24739c40e7e21f3d8fa9bf0e8be.dll\\\",\\\"fileSize\\\":80896,\\\"extension\\\":\\\"dll\\\",\\\"contentType\\\":\\\".dll\\\",\\\"directory\\\":\\\"/profile/tmp/2020/01/14/b3edf24739c40e7e21f3d8fa9bf0e8be.dll\\\"}2fd872b8933a4ea7bee38e1c7bd96feb{\\\"id\\\":\\\"62a6a20f3ebd4c42b649be50d646447d\\\",\\\"createTime\\\":\\\"2020-01-14 15:43:01\\\",\\\"createUserId\\\":1,\\\"updateTime\\\":null,\\\"updateUserId\\\":null,\\\"del\\\":0,\\\"remark\\\":null,\\\"params\\\":null,\\\"ids\\\":null,\\\"name\\\":\\\"appletviewer.policy\\\",\\\"realName\\\":\\\"775d61809f12e2b6a82289c64fcbbcc1.policy\\\",\\\"fileSize\\\":136,\\\"extension\\\":\\\"policy\\\",\\\"contentType\\\":\\\".policy\\\",\\\"directory\\\":\\\"/profile/tmp/2020/01/14/775d61809f12e2b6a82289c64fcbbcc1.policy\\\"}2fd872b8933a4ea7bee38e1c7bd96feb\" ]\r\n}', '{\r\n  \"msg\" : \"操作成功\",\r\n  \"code\" : 0\r\n}', 0, NULL, '2020-01-14 15:43:02');
INSERT INTO `sys_oper_log` VALUES (164, '停车场测试', 1, 'com.ruoyi.etc.toll.controller.EtcTollTestController.addSave()', 'POST', 1, 'admin', '研发部门', '/etcToll/test/add', '127.0.0.1', '内网IP', '{\r\n  \"name\" : [ \"11\" ],\r\n  \"phone\" : [ \"13404151911\" ],\r\n  \"email\" : [ \"1174716220@qq.com\" ],\r\n  \"age\" : [ \"22\" ],\r\n  \"sex\" : [ \"1\" ],\r\n  \"aboutFile\" : [ \"\" ]\r\n}', '{\r\n  \"msg\" : \"相关附件不能为空\",\r\n  \"code\" : 500\r\n}', 0, NULL, '2020-01-14 15:44:09');
INSERT INTO `sys_oper_log` VALUES (165, '停车场测试', 2, 'com.ruoyi.etc.toll.controller.EtcTollTestController.editSave()', 'POST', 1, 'admin', '研发部门', '/etcToll/test/edit', '127.0.0.1', '内网IP', '{\r\n  \"id\" : [ \"4f9e08e680b647b38ca732f648854fbe\" ],\r\n  \"name\" : [ \"微信\" ],\r\n  \"phone\" : [ \"13404151911\" ],\r\n  \"email\" : [ \"1174716221@qq.com\" ],\r\n  \"age\" : [ \"12\" ],\r\n  \"sex\" : [ \"1\" ],\r\n  \"aboutFile\" : [ \"5455,5456,5457\" ]\r\n}', '{\r\n  \"msg\" : \"操作成功\",\r\n  \"code\" : 0\r\n}', 0, NULL, '2020-01-14 17:15:29');
INSERT INTO `sys_oper_log` VALUES (166, '停车场测试', 1, 'com.ruoyi.etc.toll.controller.EtcTollTestController.addSave()', 'POST', 1, 'admin', '研发部门', '/etcToll/test/add', '127.0.0.1', '内网IP', '{\r\n  \"name\" : [ \"11\" ],\r\n  \"phone\" : [ \"13404151911\" ],\r\n  \"email\" : [ \"1174716220@qq.com\" ],\r\n  \"age\" : [ \"12\" ],\r\n  \"sex\" : [ \"0\" ],\r\n  \"aboutFile\" : [ \"\" ]\r\n}', '{\r\n  \"msg\" : \"相关附件不能为空\",\r\n  \"code\" : 500\r\n}', 0, NULL, '2020-01-14 17:15:55');
INSERT INTO `sys_oper_log` VALUES (167, '停车场测试', 1, 'com.ruoyi.etc.toll.controller.EtcTollTestController.addSave()', 'POST', 1, 'admin', '研发部门', '/etcToll/test/add', '127.0.0.1', '内网IP', '{\r\n  \"name\" : [ \"11\" ],\r\n  \"phone\" : [ \"13404151911\" ],\r\n  \"email\" : [ \"1174716220@qq.com\" ],\r\n  \"age\" : [ \"12\" ],\r\n  \"sex\" : [ \"0\" ],\r\n  \"aboutFile\" : [ \"{\\\"id\\\":\\\"8ac8d072d5e24113b7b53d517cc5a05c\\\",\\\"createTime\\\":\\\"2020-01-14 17:16:00\\\",\\\"createUserId\\\":1,\\\"updateTime\\\":null,\\\"updateUserId\\\":null,\\\"del\\\":0,\\\"remark\\\":null,\\\"params\\\":null,\\\"ids\\\":null,\\\"name\\\":\\\"breakgen.dll\\\",\\\"realName\\\":\\\"1d98fd4a92f7352f40d550433d00a67e.dll\\\",\\\"fileSize\\\":69632,\\\"extension\\\":\\\"dll\\\",\\\"contentType\\\":\\\".dll\\\",\\\"directory\\\":\\\"/profile/tmp/2020/01/14/1d98fd4a92f7352f40d550433d00a67e.dll\\\"}2fd872b8933a4ea7bee38e1c7bd96feb{\\\"id\\\":\\\"71657fc0e1d54541a624d6aa3785d341\\\",\\\"createTime\\\":\\\"2020-01-14 17:16:00\\\",\\\"createUserId\\\":1,\\\"updateTime\\\":null,\\\"updateUserId\\\":null,\\\"del\\\":0,\\\"remark\\\":null,\\\"params\\\":null,\\\"ids\\\":null,\\\"name\\\":\\\"breakgen64.dll\\\",\\\"realName\\\":\\\"35beb90abfe4079b65dc6b6b2ffe6fa1.dll\\\",\\\"fileSize\\\":80896,\\\"extension\\\":\\\"dll\\\",\\\"contentType\\\":\\\".dll\\\",\\\"directory\\\":\\\"/profile/tmp/2020/01/14/35beb90abfe4079b65dc6b6b2ffe6fa1.dll\\\"}2fd872b8933a4ea7bee38e1c7bd96feb{\\\"id\\\":\\\"ecbe6a2c5fd44c6cb16522d6c0d3d8c6\\\",\\\"createTime\\\":\\\"2020-01-14 17:16:00\\\",\\\"createUserId\\\":1,\\\"updateTime\\\":null,\\\"updateUserId\\\":null,\\\"del\\\":0,\\\"remark\\\":null,\\\"params\\\":null,\\\"ids\\\":null,\\\"name\\\":\\\"format.bat\\\",\\\"realName\\\":\\\"c3e522e7b8213b145bd2eb9018cc46c2.bat\\\",\\\"fileSize\\\":267,\\\"extension\\\":\\\"bat\\\",\\\"contentType\\\":\\\".bat\\\",\\\"directory\\\":\\\"/profile/tmp/2020/01/14/c3e522e7b8213b145bd2eb9018cc46c2.bat\\\"}2fd872b8933a4ea7bee38e1c7bd96feb{\\\"id\\\":\\\"9fabefec839745309cc5b7231e5c1ded\\\",\\\"createTime\\\":\\\"2020-01-14 17:16:00\\\",\\\"createUserId\\\":1,\\\"updateTime\\\":null,\\\"updateUserId\\\":null,\\\"del\\\":0,\\\"remark\\\":null,\\\"params\\\":null,\\\"ids\\\":null,\\\"name\\\":\\\"elevator.exe\\\",\\\"realName\\\":\\\"5236a26cb34438b0e3382d1b94a543c3.exe\\\",\\\"fileSize\\\":152240,\\\"extension\\\":\\\"exe\\\",\\\"contentType\\\":\\\".exe\\\",\\\"directory\\\":\\\"/profile/tmp/2020/01/14/5236a26cb34438b0e3382d1b94a543c3.exe\\\"}2fd872b8933a4ea7bee38e1c7bd96feb\" ]\r\n}', '{\r\n  \"msg\" : \"操作成功\",\r\n  \"code\" : 0\r\n}', 0, NULL, '2020-01-14 17:16:07');
INSERT INTO `sys_oper_log` VALUES (168, '停车场测试', 3, 'com.ruoyi.etc.toll.controller.EtcTollTestController.remove()', 'POST', 1, 'admin', '研发部门', '/etcToll/test/remove', '127.0.0.1', '内网IP', '{\r\n  \"ids\" : [ \"f7535a973a55404b93f48a61b0e22bb1\" ]\r\n}', '{\r\n  \"msg\" : \"操作成功\",\r\n  \"code\" : 0\r\n}', 0, NULL, '2020-01-14 17:16:15');
INSERT INTO `sys_oper_log` VALUES (169, '停车场测试', 1, 'com.ruoyi.etc.toll.controller.EtcTollTestController.addSave()', 'POST', 1, 'admin', '研发部门', '/etcToll/test/add', '127.0.0.1', '内网IP', '{\r\n  \"name\" : [ \"22\" ],\r\n  \"phone\" : [ \"13404151911\" ],\r\n  \"email\" : [ \"1174716220@qq.com\" ],\r\n  \"age\" : [ \"11\" ],\r\n  \"sex\" : [ \"0\" ],\r\n  \"aboutFile\" : [ \"{\\\"id\\\":\\\"a865189ec6444cffb222dce2de2199d1\\\",\\\"createTime\\\":\\\"2020-01-14 17:56:12\\\",\\\"createUserId\\\":1,\\\"updateTime\\\":null,\\\"updateUserId\\\":null,\\\"del\\\":0,\\\"remark\\\":null,\\\"params\\\":null,\\\"ids\\\":null,\\\"name\\\":\\\"breakgen.dll\\\",\\\"realName\\\":\\\"80d44bdac234d7a39d365f128c669956.dll\\\",\\\"fileSize\\\":69632,\\\"extension\\\":\\\"dll\\\",\\\"contentType\\\":\\\".dll\\\",\\\"directory\\\":\\\"/profile/tmp/2020/01/14/80d44bdac234d7a39d365f128c669956.dll\\\"}2fd872b8933a4ea7bee38e1c7bd96feb{\\\"id\\\":\\\"28a306df2cf74b13bdbc7c2a7431c272\\\",\\\"createTime\\\":\\\"2020-01-14 17:56:12\\\",\\\"createUserId\\\":1,\\\"updateTime\\\":null,\\\"updateUserId\\\":null,\\\"del\\\":0,\\\"remark\\\":null,\\\"params\\\":null,\\\"ids\\\":null,\\\"name\\\":\\\"appletviewer.policy\\\",\\\"realName\\\":\\\"9a98076c557d75c744a39fafdcaac7b2.policy\\\",\\\"fileSize\\\":136,\\\"extension\\\":\\\"policy\\\",\\\"contentType\\\":\\\".policy\\\",\\\"directory\\\":\\\"/profile/tmp/2020/01/14/9a98076c557d75c744a39fafdcaac7b2.policy\\\"}2fd872b8933a4ea7bee38e1c7bd96feb\" ]\r\n}', '{\r\n  \"msg\" : \"操作成功\",\r\n  \"code\" : 0\r\n}', 0, NULL, '2020-01-14 17:56:45');
INSERT INTO `sys_oper_log` VALUES (170, '停车场测试', 2, 'com.ruoyi.etc.toll.controller.EtcTollTestController.editSave()', 'POST', 1, 'admin', '研发部门', '/etcToll/test/edit', '127.0.0.1', '内网IP', '{\r\n  \"id\" : [ \"4f9e08e680b647b38ca732f648854fbe\" ],\r\n  \"name\" : [ \"微信\" ],\r\n  \"phone\" : [ \"13404151911\" ],\r\n  \"email\" : [ \"1174716221@qq.com\" ],\r\n  \"age\" : [ \"12\" ],\r\n  \"sex\" : [ \"1\" ],\r\n  \"aboutFile\" : [ \"{\\\"id\\\":\\\"16a6d05c1df8424baee61cfbb83cc322\\\",\\\"createTime\\\":\\\"2020-01-15 10:21:06\\\",\\\"createUserId\\\":1,\\\"updateTime\\\":null,\\\"updateUserId\\\":null,\\\"del\\\":0,\\\"remark\\\":null,\\\"params\\\":null,\\\"ids\\\":null,\\\"name\\\":\\\"jumplistbridge64.dll\\\",\\\"realName\\\":\\\"622b4f112d89771ba274b14cb153eb3f.dll\\\",\\\"fileSize\\\":62464,\\\"extension\\\":\\\"dll\\\",\\\"contentType\\\":\\\".dll\\\",\\\"directory\\\":\\\"/profile/tmp/2020/01/15/622b4f112d89771ba274b14cb153eb3f.dll\\\"}2fd872b8933a4ea7bee38e1c7bd96feb{\\\"id\\\":\\\"bfb71b14afa645918c9b75e2ad843951\\\",\\\"createTime\\\":\\\"2020-01-15 10:20:59\\\",\\\"createUserId\\\":1,\\\"updateTime\\\":null,\\\"updateUserId\\\":null,\\\"del\\\":0,\\\"remark\\\":null,\\\"params\\\":null,\\\"ids\\\":null,\\\"name\\\":\\\"appletviewer.policy\\\",\\\"realName\\\":\\\"d020c223014b5bb499285db1f244ff59.policy\\\",\\\"fileSize\\\":136,\\\"extension\\\":\\\"policy\\\",\\\"contentType\\\":\\\".policy\\\",\\\"directory\\\":\\\"/profile/tmp/2020/01/15/d020c223014b5bb499285db1f244ff59.policy\\\"}2fd872b8933a4ea7bee38e1c7bd96feb5455,5456,5457\" ]\r\n}', 'null', 1, '\r\n### Error updating database.  Cause: com.mysql.cj.jdbc.exceptions.MysqlDataTruncation: Data truncation: Data too long for column \'about_file\' at row 1\r\n### The error may involve com.ruoyi.etc.toll.mapper.EtcTollTestMapper.updateByPrimaryKeySelective-Inline\r\n### The error occurred while setting parameters\r\n### SQL: UPDATE etc_toll_test  SET update_time = ?,update_user_id = ?,name = ?,phone = ?,email = ?,age = ?,sex = ?,about_file = ? WHERE  id = ?\r\n### Cause: com.mysql.cj.jdbc.exceptions.MysqlDataTruncation: Data truncation: Data too long for column \'about_file\' at row 1\n; Data truncation: Data too long for column \'about_file\' at row 1; nested exception is com.mysql.cj.jdbc.exceptions.MysqlDataTruncation: Data truncation: Data too long for column \'about_file\' at row 1', '2020-01-15 10:21:13');
INSERT INTO `sys_oper_log` VALUES (171, '停车场测试', 2, 'com.ruoyi.etc.toll.controller.EtcTollTestController.editSave()', 'POST', 1, 'admin', '研发部门', '/etcToll/test/edit', '127.0.0.1', '内网IP', '{\r\n  \"id\" : [ \"4f9e08e680b647b38ca732f648854fbe\" ],\r\n  \"name\" : [ \"微信\" ],\r\n  \"phone\" : [ \"13404151911\" ],\r\n  \"email\" : [ \"1174716221@qq.com\" ],\r\n  \"age\" : [ \"12\" ],\r\n  \"sex\" : [ \"1\" ],\r\n  \"aboutFile\" : [ \"{\\\"id\\\":\\\"16a6d05c1df8424baee61cfbb83cc322\\\",\\\"createTime\\\":\\\"2020-01-15 10:21:06\\\",\\\"createUserId\\\":1,\\\"updateTime\\\":null,\\\"updateUserId\\\":null,\\\"del\\\":0,\\\"remark\\\":null,\\\"params\\\":null,\\\"ids\\\":null,\\\"name\\\":\\\"jumplistbridge64.dll\\\",\\\"realName\\\":\\\"622b4f112d89771ba274b14cb153eb3f.dll\\\",\\\"fileSize\\\":62464,\\\"extension\\\":\\\"dll\\\",\\\"contentType\\\":\\\".dll\\\",\\\"directory\\\":\\\"/profile/tmp/2020/01/15/622b4f112d89771ba274b14cb153eb3f.dll\\\"}2fd872b8933a4ea7bee38e1c7bd96feb{\\\"id\\\":\\\"bfb71b14afa645918c9b75e2ad843951\\\",\\\"createTime\\\":\\\"2020-01-15 10:20:59\\\",\\\"createUserId\\\":1,\\\"updateTime\\\":null,\\\"updateUserId\\\":null,\\\"del\\\":0,\\\"remark\\\":null,\\\"params\\\":null,\\\"ids\\\":null,\\\"name\\\":\\\"appletviewer.policy\\\",\\\"realName\\\":\\\"d020c223014b5bb499285db1f244ff59.policy\\\",\\\"fileSize\\\":136,\\\"extension\\\":\\\"policy\\\",\\\"contentType\\\":\\\".policy\\\",\\\"directory\\\":\\\"/profile/tmp/2020/01/15/d020c223014b5bb499285db1f244ff59.policy\\\"}2fd872b8933a4ea7bee38e1c7bd96feb5455,5456,5457\" ]\r\n}', 'null', 1, '\r\n### Error updating database.  Cause: com.mysql.cj.jdbc.exceptions.MysqlDataTruncation: Data truncation: Data too long for column \'about_file\' at row 1\r\n### The error may involve com.ruoyi.etc.toll.mapper.EtcTollTestMapper.updateByPrimaryKeySelective-Inline\r\n### The error occurred while setting parameters\r\n### SQL: UPDATE etc_toll_test  SET update_time = ?,update_user_id = ?,name = ?,phone = ?,email = ?,age = ?,sex = ?,about_file = ? WHERE  id = ?\r\n### Cause: com.mysql.cj.jdbc.exceptions.MysqlDataTruncation: Data truncation: Data too long for column \'about_file\' at row 1\n; Data truncation: Data too long for column \'about_file\' at row 1; nested exception is com.mysql.cj.jdbc.exceptions.MysqlDataTruncation: Data truncation: Data too long for column \'about_file\' at row 1', '2020-01-15 10:21:16');
INSERT INTO `sys_oper_log` VALUES (172, '停车场测试', 1, 'com.ruoyi.etc.toll.controller.EtcTollTestController.addSave()', 'POST', 1, 'admin', '研发部门', '/etcToll/test/add', '127.0.0.1', '内网IP', '{\r\n  \"name\" : [ \"微信\" ],\r\n  \"phone\" : [ \"13404151911\" ],\r\n  \"email\" : [ \"1174716221@qq.com\" ],\r\n  \"age\" : [ \"11\" ],\r\n  \"sex\" : [ \"0\" ],\r\n  \"aboutFile\" : [ \"\" ]\r\n}', '{\r\n  \"msg\" : \"相关附件不能为空\",\r\n  \"code\" : 500\r\n}', 0, NULL, '2020-01-15 10:26:35');
INSERT INTO `sys_oper_log` VALUES (173, '停车场测试', 1, 'com.ruoyi.etc.toll.controller.EtcTollTestController.addSave()', 'POST', 1, 'admin', '研发部门', '/etcToll/test/add', '127.0.0.1', '内网IP', '{\r\n  \"name\" : [ \"微信111\" ],\r\n  \"phone\" : [ \"13404151911\" ],\r\n  \"email\" : [ \"1174716221@qq.com\" ],\r\n  \"age\" : [ \"11\" ],\r\n  \"sex\" : [ \"0\" ],\r\n  \"aboutFile\" : [ \"{\\\"id\\\":\\\"345a4b9fb1004338b611b458295f2d37\\\",\\\"createTime\\\":\\\"2020-01-15 10:26:42\\\",\\\"createUserId\\\":1,\\\"updateTime\\\":null,\\\"updateUserId\\\":null,\\\"del\\\":0,\\\"remark\\\":null,\\\"params\\\":null,\\\"ids\\\":null,\\\"name\\\":\\\"breakgen.dll\\\",\\\"realName\\\":\\\"770c27f06205b5a8c2bd354b6959c15f.dll\\\",\\\"fileSize\\\":69632,\\\"extension\\\":\\\"dll\\\",\\\"contentType\\\":\\\".dll\\\",\\\"directory\\\":\\\"/profile/tmp/2020/01/15/770c27f06205b5a8c2bd354b6959c15f.dll\\\"}2fd872b8933a4ea7bee38e1c7bd96feb{\\\"id\\\":\\\"4d2b84ff2ee84e109ab812383d546bf4\\\",\\\"createTime\\\":\\\"2020-01-15 10:26:42\\\",\\\"createUserId\\\":1,\\\"updateTime\\\":null,\\\"updateUserId\\\":null,\\\"del\\\":0,\\\"remark\\\":null,\\\"params\\\":null,\\\"ids\\\":null,\\\"name\\\":\\\"appletviewer.policy\\\",\\\"realName\\\":\\\"2e9dfd81508c1287db9398b46ea8255a.policy\\\",\\\"fileSize\\\":136,\\\"extension\\\":\\\"policy\\\",\\\"contentType\\\":\\\".policy\\\",\\\"directory\\\":\\\"/profile/tmp/2020/01/15/2e9dfd81508c1287db9398b46ea8255a.policy\\\"}2fd872b8933a4ea7bee38e1c7bd96feb\" ]\r\n}', '{\r\n  \"msg\" : \"操作成功\",\r\n  \"code\" : 0\r\n}', 0, NULL, '2020-01-15 10:26:51');
INSERT INTO `sys_oper_log` VALUES (174, '停车场测试', 1, 'com.ruoyi.etc.toll.controller.EtcTollTestController.addSave()', 'POST', 1, 'admin', '研发部门', '/etcToll/test/add', '127.0.0.1', '内网IP', '{\r\n  \"name\" : [ \"杨先生\" ],\r\n  \"phone\" : [ \"13404151911\" ],\r\n  \"email\" : [ \"1174716221@qq.com\" ],\r\n  \"age\" : [ \"22\" ],\r\n  \"sex\" : [ \"0\" ],\r\n  \"aboutFile\" : [ \"{\\\"id\\\":\\\"929e623b3b5a4cba8cb192f814cb053e\\\",\\\"createTime\\\":\\\"2020-01-15 10:27:09\\\",\\\"createUserId\\\":1,\\\"updateTime\\\":null,\\\"updateUserId\\\":null,\\\"del\\\":0,\\\"remark\\\":null,\\\"params\\\":null,\\\"ids\\\":null,\\\"name\\\":\\\"restarter.exe\\\",\\\"realName\\\":\\\"646dabff7faebcbab18d4067dddcb8b7.exe\\\",\\\"fileSize\\\":88048,\\\"extension\\\":\\\"exe\\\",\\\"contentType\\\":\\\".exe\\\",\\\"directory\\\":\\\"/profile/tmp/2020/01/15/646dabff7faebcbab18d4067dddcb8b7.exe\\\"}2fd872b8933a4ea7bee38e1c7bd96feb{\\\"id\\\":\\\"fcb1d55d98474ec4873e3f34d0b0c53a\\\",\\\"createTime\\\":\\\"2020-01-15 10:27:09\\\",\\\"createUserId\\\":1,\\\"updateTime\\\":null,\\\"updateUserId\\\":null,\\\"del\\\":0,\\\"remark\\\":null,\\\"params\\\":null,\\\"ids\\\":null,\\\"name\\\":\\\"launcher.exe\\\",\\\"realName\\\":\\\"e60ffd5a3916cb57ba6a1bffade95a39.exe\\\",\\\"fileSize\\\":125616,\\\"extension\\\":\\\"exe\\\",\\\"contentType\\\":\\\".exe\\\",\\\"directory\\\":\\\"/profile/tmp/2020/01/15/e60ffd5a3916cb57ba6a1bffade95a39.exe\\\"}2fd872b8933a4ea7bee38e1c7bd96feb{\\\"id\\\":\\\"db1f5cf3737245919453a4be27bdaf75\\\",\\\"createTime\\\":\\\"2020-01-15 10:27:09\\\",\\\"createUserId\\\":1,\\\"updateTime\\\":null,\\\"updateUserId\\\":null,\\\"del\\\":0,\\\"remark\\\":null,\\\"params\\\":null,\\\"ids\\\":null,\\\"name\\\":\\\"log.xml\\\",\\\"realName\\\":\\\"178c51165f0d439c0904db75c4bfb37f.xml\\\",\\\"fileSize\\\":2330,\\\"extension\\\":\\\"xml\\\",\\\"contentType\\\":\\\".xml\\\",\\\"directory\\\":\\\"/profile/tmp/2020/01/15/178c51165f0d439c0904db75c4bfb37f.xml\\\"}2fd872b8933a4ea7bee38e1c7bd96feb\" ]\r\n}', '{\r\n  \"msg\" : \"操作成功\",\r\n  \"code\" : 0\r\n}', 0, NULL, '2020-01-15 10:27:18');
INSERT INTO `sys_oper_log` VALUES (175, '停车场测试', 1, 'com.ruoyi.etc.toll.controller.EtcTollTestController.addSave()', 'POST', 1, 'admin', '研发部门', '/etcToll/test/add', '127.0.0.1', '内网IP', '{\r\n  \"name\" : [ \"微信\" ],\r\n  \"phone\" : [ \"13404151911\" ],\r\n  \"email\" : [ \"1174716221@qq.com\" ],\r\n  \"age\" : [ \"11\" ],\r\n  \"sex\" : [ \"0\" ],\r\n  \"aboutFile\" : [ \"{\\\"id\\\":\\\"9c1d4a6bf13f4710b2a80a40c99c107d\\\",\\\"createTime\\\":\\\"2020-01-15 10:31:00\\\",\\\"createUserId\\\":1,\\\"updateTime\\\":null,\\\"updateUserId\\\":null,\\\"del\\\":0,\\\"remark\\\":null,\\\"params\\\":null,\\\"ids\\\":null,\\\"name\\\":\\\"appletviewer.policy\\\",\\\"realName\\\":\\\"0966f0e8239583b7290acd410dbedfb9.policy\\\",\\\"fileSize\\\":136,\\\"extension\\\":\\\"policy\\\",\\\"contentType\\\":\\\".policy\\\",\\\"directory\\\":\\\"/profile/tmp/2020/01/15/0966f0e8239583b7290acd410dbedfb9.policy\\\"}2fd872b8933a4ea7bee38e1c7bd96feb{\\\"id\\\":\\\"954694b7f14c4951a6f8f3844e524bd7\\\",\\\"createTime\\\":\\\"2020-01-15 10:31:00\\\",\\\"createUserId\\\":1,\\\"updateTime\\\":null,\\\"updateUserId\\\":null,\\\"del\\\":0,\\\"remark\\\":null,\\\"params\\\":null,\\\"ids\\\":null,\\\"name\\\":\\\"breakgen.dll\\\",\\\"realName\\\":\\\"131db5394a4f77fe0f0c91f54aaf2f57.dll\\\",\\\"fileSize\\\":69632,\\\"extension\\\":\\\"dll\\\",\\\"contentType\\\":\\\".dll\\\",\\\"directory\\\":\\\"/profile/tmp/2020/01/15/131db5394a4f77fe0f0c91f54aaf2f57.dll\\\"}2fd872b8933a4ea7bee38e1c7bd96feb{\\\"id\\\":\\\"63cad439d8864b7cb92ace1408927298\\\",\\\"createTime\\\":\\\"2020-01-15 10:31:00\\\",\\\"createUserId\\\":1,\\\"updateTime\\\":null,\\\"updateUserId\\\":null,\\\"del\\\":0,\\\"remark\\\":null,\\\"params\\\":null,\\\"ids\\\":null,\\\"name\\\":\\\"breakgen64.dll\\\",\\\"realName\\\":\\\"596ff64d3d69386d561847418085281c.dll\\\",\\\"fileSize\\\":80896,\\\"extension\\\":\\\"dll\\\",\\\"contentType\\\":\\\".dll\\\",\\\"directory\\\":\\\"/profile/tmp/2020/01/15/596ff64d3d69386d561847418085281c.dll\\\"}2fd872b8933a4ea7bee38e1c7bd96feb\" ]\r\n}', '{\r\n  \"msg\" : \"操作成功\",\r\n  \"code\" : 0\r\n}', 0, NULL, '2020-01-15 10:31:51');
INSERT INTO `sys_oper_log` VALUES (176, '停车场测试', 1, 'com.ruoyi.etc.toll.controller.EtcTollTestController.addSave()', 'POST', 1, 'admin', '研发部门', '/etcToll/test/add', '127.0.0.1', '内网IP', '{\r\n  \"name\" : [ \"11\" ],\r\n  \"phone\" : [ \"13404151911\" ],\r\n  \"email\" : [ \"1174716221@qq.com\" ],\r\n  \"age\" : [ \"11\" ],\r\n  \"sex\" : [ \"0\" ],\r\n  \"aboutFile\" : [ \"{\\\"id\\\":\\\"41aa87afc5cf44dd847d92e2fb6da157\\\",\\\"createTime\\\":\\\"2020-01-15 10:36:56\\\",\\\"createUserId\\\":1,\\\"updateTime\\\":null,\\\"updateUserId\\\":null,\\\"del\\\":0,\\\"remark\\\":null,\\\"params\\\":null,\\\"ids\\\":null,\\\"name\\\":\\\"fsnotifier.exe\\\",\\\"realName\\\":\\\"2cc090a63ba50438e68f31666c4bbcd4.exe\\\",\\\"fileSize\\\":91632,\\\"extension\\\":\\\"exe\\\",\\\"contentType\\\":\\\".exe\\\",\\\"directory\\\":\\\"/profile/tmp/2020/01/15/2cc090a63ba50438e68f31666c4bbcd4.exe\\\"}2fd872b8933a4ea7bee38e1c7bd96feb{\\\"id\\\":\\\"45db7a7069b34852a21f8177647c11b8\\\",\\\"createTime\\\":\\\"2020-01-15 10:36:56\\\",\\\"createUserId\\\":1,\\\"updateTime\\\":null,\\\"updateUserId\\\":null,\\\"del\\\":0,\\\"remark\\\":null,\\\"params\\\":null,\\\"ids\\\":null,\\\"name\\\":\\\"elevator.exe\\\",\\\"realName\\\":\\\"e0008df22fad4bed9473e9a8c54f10bc.exe\\\",\\\"fileSize\\\":152240,\\\"extension\\\":\\\"exe\\\",\\\"contentType\\\":\\\".exe\\\",\\\"directory\\\":\\\"/profile/tmp/2020/01/15/e0008df22fad4bed9473e9a8c54f10bc.exe\\\"}2fd872b8933a4ea7bee38e1c7bd96feb{\\\"id\\\":\\\"e738128cd07c4fad844fc159d215388d\\\",\\\"createTime\\\":\\\"2020-01-15 10:36:56\\\",\\\"createUserId\\\":1,\\\"updateTime\\\":null,\\\"updateUserId\\\":null,\\\"del\\\":0,\\\"remark\\\":null,\\\"params\\\":null,\\\"ids\\\":null,\\\"name\\\":\\\"format.bat\\\",\\\"realName\\\":\\\"92cf560c5c44f1d68f289a0dae759f9a.bat\\\",\\\"fileSize\\\":267,\\\"extension\\\":\\\"bat\\\",\\\"contentType\\\":\\\".bat\\\",\\\"directory\\\":\\\"/profile/tmp/2020/01/15/92cf560c5c44f1d68f289a0dae759f9a.bat\\\"}2fd872b8933a4ea7bee38e1c7bd96feb{\\\"id\\\":\\\"0343635f37164ab9975caabb946d89e2\\\",\\\"createTime\\\":\\\"2020-01-15 10:36:56\\\",\\\"createUserId\\\":1,\\\"updateTime\\\":null,\\\"updateUserId\\\":null,\\\"del\\\":0,\\\"remark\\\":null,\\\"params\\\":null,\\\"ids\\\":null,\\\"name\\\":\\\"fsnotifier64.exe\\\",\\\"realName\\\":\\\"9089cb8c2d8234ba2c07d5e74e7e8917.exe\\\",\\\"fileSize\\\":105968,\\\"extension\\\":\\\"exe\\\",\\\"contentType\\\":\\\".exe\\\",\\\"directory\\\":\\\"/profile/tmp/2020/01/15/9089cb8c2d8234ba2c07d5e74e7e8917.exe\\\"}2fd872b8933a4ea7bee38e1c7bd96feb\" ]\r\n}', '{\r\n  \"msg\" : \"操作成功\",\r\n  \"code\" : 0\r\n}', 0, NULL, '2020-01-15 10:37:13');
INSERT INTO `sys_oper_log` VALUES (177, '停车场测试', 1, 'com.ruoyi.etc.toll.controller.EtcTollTestController.addSave()', 'POST', 1, 'admin', '研发部门', '/etcToll/test/add', '127.0.0.1', '内网IP', '{\r\n  \"name\" : [ \"22\" ],\r\n  \"phone\" : [ \"13404151911\" ],\r\n  \"email\" : [ \"1174716221@qq.com\" ],\r\n  \"age\" : [ \"111\" ],\r\n  \"sex\" : [ \"0\" ],\r\n  \"aboutFile\" : [ \"{\\\"id\\\":\\\"7938005af5c045e6a3e8f0a98dfb819a\\\",\\\"createTime\\\":\\\"2020-01-15 10:51:14\\\",\\\"createUserId\\\":1,\\\"updateTime\\\":null,\\\"updateUserId\\\":null,\\\"del\\\":0,\\\"remark\\\":null,\\\"params\\\":null,\\\"ids\\\":null,\\\"name\\\":\\\"Capture001.png\\\",\\\"realName\\\":\\\"cdf42529885105279b6dcaab210ccf98.png\\\",\\\"fileSize\\\":3354952,\\\"extension\\\":\\\"png\\\",\\\"contentType\\\":\\\".png\\\",\\\"directory\\\":\\\"/profile/tmp/2020/01/15/cdf42529885105279b6dcaab210ccf98.png\\\"}2fd872b8933a4ea7bee38e1c7bd96feb\" ]\r\n}', '{\r\n  \"msg\" : \"操作成功\",\r\n  \"code\" : 0\r\n}', 0, NULL, '2020-01-15 10:51:22');
INSERT INTO `sys_oper_log` VALUES (178, '用户管理', 1, 'com.ruoyi.web.controller.system.SysUserController.addSave()', 'POST', 1, 'admin', '研发部门', '/system/user/add', '127.0.0.1', '内网IP', '{\r\n  \"deptId\" : [ \"108\" ],\r\n  \"userName\" : [ \"admin\" ],\r\n  \"deptName\" : [ \"市场部门\" ],\r\n  \"phonenumber\" : [ \"13404151911\" ],\r\n  \"email\" : [ \"1174716221@qq.com\" ],\r\n  \"loginName\" : [ \"postPark\" ],\r\n  \"password\" : [ \"admin123\" ],\r\n  \"sex\" : [ \"0\" ],\r\n  \"remark\" : [ \"\" ],\r\n  \"status\" : [ \"0\" ],\r\n  \"roleIds\" : [ \"\" ],\r\n  \"postIds\" : [ \"\" ]\r\n}', '{\r\n  \"msg\" : \"操作成功\",\r\n  \"code\" : 0\r\n}', 0, NULL, '2020-01-15 10:54:24');
INSERT INTO `sys_oper_log` VALUES (179, '停车场测试', 3, 'com.ruoyi.etc.toll.controller.EtcTollTestController.remove()', 'POST', 1, 'admin', '研发部门', '/etcToll/test/remove', '127.0.0.1', '内网IP', '{\r\n  \"ids\" : [ \"ab260951711e4f88bafda30979dca813,7057fb7e64e149b4972b05ab78691a3a,fcd3f84ec7f243c0969731ed832d4621,e46ad02842d6485b911ac9b09b31608d,9870100448c548f99b030a7a4e7faae4,d7d7bebdbafb49519be2af6b1b7a2efc,4f9e08e680b647b38ca732f648854fbe\" ]\r\n}', '{\r\n  \"msg\" : \"操作成功\",\r\n  \"code\" : 0\r\n}', 0, NULL, '2020-01-15 11:25:31');
INSERT INTO `sys_oper_log` VALUES (180, '停车场测试', 1, 'com.ruoyi.etc.toll.controller.EtcTollTestController.addSave()', 'POST', 1, 'admin', '研发部门', '/etcToll/test/add', '127.0.0.1', '内网IP', '{\r\n  \"name\" : [ \"杨先生\" ],\r\n  \"phone\" : [ \"13404151911\" ],\r\n  \"email\" : [ \"1174716221@qq.com\" ],\r\n  \"age\" : [ \"22\" ],\r\n  \"sex\" : [ \"0\" ],\r\n  \"aboutFile\" : [ \"{\\\"id\\\":\\\"10b33abdc49046e29da14e273290bc47\\\",\\\"createTime\\\":\\\"2020-01-15 14:58:44\\\",\\\"createUserId\\\":1,\\\"updateTime\\\":null,\\\"updateUserId\\\":null,\\\"del\\\":0,\\\"remark\\\":null,\\\"params\\\":null,\\\"ids\\\":null,\\\"name\\\":\\\"777290058175356_acp_sign.pfx\\\",\\\"realName\\\":\\\"df8cb14a85180e8f71fbc034157028e5.pfx\\\",\\\"fileSize\\\":5026,\\\"extension\\\":\\\"pfx\\\",\\\"contentType\\\":\\\".pfx\\\",\\\"directory\\\":\\\"/profile/tmp/2020/01/15/df8cb14a85180e8f71fbc034157028e5.pfx\\\"}2fd872b8933a4ea7bee38e1c7bd96feb{\\\"id\\\":\\\"c522f0ad5d794eca9da35867eb50af93\\\",\\\"createTime\\\":\\\"2020-01-15 14:58:44\\\",\\\"createUserId\\\":1,\\\"updateTime\\\":null,\\\"updateUserId\\\":null,\\\"del\\\":0,\\\"remark\\\":null,\\\"params\\\":null,\\\"ids\\\":null,\\\"name\\\":\\\"777290058175949_acp_sign.pfx\\\",\\\"realName\\\":\\\"bc2653112ea9997b9af1c37b3d1e6a13.pfx\\\",\\\"fileSize\\\":5026,\\\"extension\\\":\\\"pfx\\\",\\\"contentType\\\":\\\".pfx\\\",\\\"directory\\\":\\\"/profile/tmp/2020/01/15/bc2653112ea9997b9af1c37b3d1e6a13.pfx\\\"}2fd872b8933a4ea7bee38e1c7bd96feb{\\\"id\\\":\\\"7d34f783b539496791dff197194934c9\\\",\\\"createTime\\\":\\\"2020-01-15 14:58:44\\\",\\\"createUserId\\\":1,\\\"updateTime\\\":null,\\\"updateUserId\\\":null,\\\"del\\\":0,\\\"remark\\\":null,\\\"params\\\":null,\\\"ids\\\":null,\\\"name\\\":\\\"777290058110097_acp_sign.pfx\\\",\\\"realName\\\":\\\"4ca6bf8ce4e6d5719efb7d403782ac43.pfx\\\",\\\"fileSize\\\":2898,\\\"extension\\\":\\\"pfx\\\",\\\"contentType\\\":\\\".pfx\\\",\\\"directory\\\":\\\"/profile/tmp/2020/01/15/4ca6bf8ce4e6d5719efb7d403782ac43.pfx\\\"}2fd872b8933a4ea7bee38e1c7bd96feb\" ]\r\n}', '{\r\n  \"msg\" : \"操作成功\",\r\n  \"code\" : 0\r\n}', 0, NULL, '2020-01-15 14:58:46');
INSERT INTO `sys_oper_log` VALUES (181, '停车场测试', 1, 'com.ruoyi.etc.toll.controller.EtcTollTestController.addSave()', 'POST', 1, 'admin', '研发部门', '/etcToll/test/add', '127.0.0.1', '内网IP', '{\r\n  \"name\" : [ \"杨先生\" ],\r\n  \"phone\" : [ \"13404151911\" ],\r\n  \"email\" : [ \"1174716221@qq.com\" ],\r\n  \"age\" : [ \"11\" ],\r\n  \"sex\" : [ \"0\" ],\r\n  \"aboutFile\" : [ \"{\\\"id\\\":\\\"7bc1331095c24cb898d72bd98afed52a\\\",\\\"createTime\\\":\\\"2020-01-15 15:39:37\\\",\\\"createUserId\\\":1,\\\"updateTime\\\":null,\\\"updateUserId\\\":null,\\\"del\\\":0,\\\"remark\\\":null,\\\"params\\\":null,\\\"ids\\\":null,\\\"name\\\":\\\"777290058175949_acp_sign.pfx\\\",\\\"realName\\\":\\\"d70b9da9addd4e4da450c3e0f2c07d08.pfx\\\",\\\"fileSize\\\":5026,\\\"extension\\\":\\\"pfx\\\",\\\"contentType\\\":\\\".pfx\\\",\\\"directory\\\":\\\"D:/ruoyi/uploadPath/tmp/2020/01/15/d70b9da9addd4e4da450c3e0f2c07d08.pfx\\\",\\\"visitUrl\\\":\\\"/profile/tmp/2020/01/15/d70b9da9addd4e4da450c3e0f2c07d08.pfx\\\"}2fd872b8933a4ea7bee38e1c7bd96feb{\\\"id\\\":\\\"952fd5dd430948eb8e094ab6512f4575\\\",\\\"createTime\\\":\\\"2020-01-15 15:39:25\\\",\\\"createUserId\\\":1,\\\"updateTime\\\":null,\\\"updateUserId\\\":null,\\\"del\\\":0,\\\"remark\\\":null,\\\"params\\\":null,\\\"ids\\\":null,\\\"name\\\":\\\"777290058110097_acp_sign.pfx\\\",\\\"realName\\\":\\\"d3a758cefbdb98ccaf9c706c26f51da9.pfx\\\",\\\"fileSize\\\":2898,\\\"extension\\\":\\\"pfx\\\",\\\"contentType\\\":\\\".pfx\\\",\\\"directory\\\":\\\"D:/ruoyi/uploadPath/tmp/2020/01/15/d3a758cefbdb98ccaf9c706c26f51da9.pfx\\\",\\\"visitUrl\\\":\\\"/profile/tmp/2020/01/15/d3a758cefbdb98ccaf9c706c26f51da9.pfx\\\"}2fd872b8933a4ea7bee38e1c7bd96feb{\\\"id\\\":\\\"0a1899a11ec14e9e8c319f6eebf12e56\\\",\\\"createTime\\\":\\\"2020-01-15 15:39:25\\\",\\\"createUserId\\\":1,\\\"updateTime\\\":null,\\\"updateUserId\\\":null,\\\"del\\\":0,\\\"remark\\\":null,\\\"params\\\":null,\\\"ids\\\":null,\\\"name\\\":\\\"777290058175356_acp_sign.pfx\\\",\\\"realName\\\":\\\"4e1925418f07526f3030dd91db453ae2.pfx\\\",\\\"fileSize\\\":5026,\\\"extension\\\":\\\"pfx\\\",\\\"contentType\\\":\\\".pfx\\\",\\\"directory\\\":\\\"D:/ruoyi/uploadPath/tmp/2020/01/15/4e1925418f07526f3030dd91db453ae2.pfx\\\",\\\"visitUrl\\\":\\\"/profile/tmp/2020/01/15/4e1925418f07526f3030dd91db453ae2.pfx\\\"}2fd872b8933a4ea7bee38e1c7bd96feb{\\\"id\\\":\\\"6d80bda99ce94370b2a50bb96b15773c\\\",\\\"createTime\\\":\\\"2020-01-15 15:39:17\\\",\\\"createUserId\\\":1,\\\"updateTime\\\":null,\\\"updateUserId\\\":null,\\\"del\\\":0,\\\"rema', '{\r\n  \"msg\" : \"操作成功\",\r\n  \"code\" : 0\r\n}', 0, NULL, '2020-01-15 15:39:56');
INSERT INTO `sys_oper_log` VALUES (182, '停车场测试', 1, 'com.ruoyi.etc.toll.controller.EtcTollTestController.addSave()', 'POST', 1, 'admin', '研发部门', '/etcToll/test/add', '127.0.0.1', '内网IP', '{\r\n  \"name\" : [ \"微信\" ],\r\n  \"phone\" : [ \"13404151911\" ],\r\n  \"email\" : [ \"1174716220@qq.com\" ],\r\n  \"age\" : [ \"11\" ],\r\n  \"sex\" : [ \"0\" ],\r\n  \"aboutFile\" : [ \"{\\\"id\\\":\\\"cb6c2c75966c4a499e7456f956dbad27\\\",\\\"createTime\\\":\\\"2020-01-15 15:41:34\\\",\\\"createUserId\\\":1,\\\"updateTime\\\":null,\\\"updateUserId\\\":null,\\\"del\\\":0,\\\"remark\\\":null,\\\"params\\\":null,\\\"ids\\\":null,\\\"name\\\":\\\"acp_sdk_test.properties\\\",\\\"realName\\\":\\\"e1200ede255da679fddfd72265665ba5.properties\\\",\\\"fileSize\\\":4045,\\\"extension\\\":\\\"properties\\\",\\\"contentType\\\":\\\".properties\\\",\\\"directory\\\":\\\"D:/ruoyi/uploadPath/tmp/2020/01/15/e1200ede255da679fddfd72265665ba5.properties\\\",\\\"visitUrl\\\":\\\"/profile/tmp/2020/01/15/e1200ede255da679fddfd72265665ba5.properties\\\"}2fd872b8933a4ea7bee38e1c7bd96feb{\\\"id\\\":\\\"8c5d88d6cfda40e3934610384f0750c1\\\",\\\"createTime\\\":\\\"2020-01-15 15:41:34\\\",\\\"createUserId\\\":1,\\\"updateTime\\\":null,\\\"updateUserId\\\":null,\\\"del\\\":0,\\\"remark\\\":null,\\\"params\\\":null,\\\"ids\\\":null,\\\"name\\\":\\\"acp_test_enc.cer\\\",\\\"realName\\\":\\\"d3cd5db971b8044fbfaff4e0258b99b5.cer\\\",\\\"fileSize\\\":1564,\\\"extension\\\":\\\"cer\\\",\\\"contentType\\\":\\\".cer\\\",\\\"directory\\\":\\\"D:/ruoyi/uploadPath/tmp/2020/01/15/d3cd5db971b8044fbfaff4e0258b99b5.cer\\\",\\\"visitUrl\\\":\\\"/profile/tmp/2020/01/15/d3cd5db971b8044fbfaff4e0258b99b5.cer\\\"}2fd872b8933a4ea7bee38e1c7bd96feb\" ]\r\n}', '{\r\n  \"msg\" : \"操作成功\",\r\n  \"code\" : 0\r\n}', 0, NULL, '2020-01-15 15:41:43');
INSERT INTO `sys_oper_log` VALUES (183, '停车场测试', 2, 'com.ruoyi.etc.toll.controller.EtcTollTestController.editSave()', 'POST', 1, 'admin', '研发部门', '/etcToll/test/edit', '127.0.0.1', '内网IP', '{\r\n  \"id\" : [ \"a15960256e44465fa16721b00e5b446f\" ],\r\n  \"name\" : [ \"微信\" ],\r\n  \"phone\" : [ \"13404151911\" ],\r\n  \"email\" : [ \"1174716220@qq.com\" ],\r\n  \"age\" : [ \"11\" ],\r\n  \"sex\" : [ \"0\" ],\r\n  \"aboutFile\" : [ \"{\\\"id\\\":\\\"a713598083ca4216856a755a3fc153b3\\\",\\\"createTime\\\":\\\"2020-01-15 15:50:49\\\",\\\"createUserId\\\":1,\\\"updateTime\\\":null,\\\"updateUserId\\\":null,\\\"del\\\":0,\\\"remark\\\":null,\\\"params\\\":null,\\\"ids\\\":null,\\\"name\\\":\\\"777290058110097_acp_sign.pfx\\\",\\\"realName\\\":\\\"98bb10feeb050606a64d38970e0712c2.pfx\\\",\\\"fileSize\\\":2898,\\\"extension\\\":\\\"pfx\\\",\\\"contentType\\\":\\\".pfx\\\",\\\"directory\\\":\\\"D:/ruoyi/uploadPath/tmp/2020/01/15/98bb10feeb050606a64d38970e0712c2.pfx\\\",\\\"visitUrl\\\":\\\"/profile/tmp/2020/01/15/98bb10feeb050606a64d38970e0712c2.pfx\\\"}2fd872b8933a4ea7bee38e1c7bd96feb5484,5485\" ]\r\n}', 'null', 1, '\r\n### Error updating database.  Cause: com.mysql.cj.jdbc.exceptions.MysqlDataTruncation: Data truncation: Data too long for column \'about_file\' at row 1\r\n### The error may involve com.ruoyi.etc.toll.mapper.EtcTollTestMapper.updateByPrimaryKeySelective-Inline\r\n### The error occurred while setting parameters\r\n### SQL: UPDATE etc_toll_test  SET update_time = ?,update_user_id = ?,name = ?,phone = ?,email = ?,age = ?,sex = ?,about_file = ? WHERE  id = ?\r\n### Cause: com.mysql.cj.jdbc.exceptions.MysqlDataTruncation: Data truncation: Data too long for column \'about_file\' at row 1\n; Data truncation: Data too long for column \'about_file\' at row 1; nested exception is com.mysql.cj.jdbc.exceptions.MysqlDataTruncation: Data truncation: Data too long for column \'about_file\' at row 1', '2020-01-15 15:53:45');
INSERT INTO `sys_oper_log` VALUES (184, '停车场测试', 1, 'com.ruoyi.etc.toll.controller.EtcTollTestController.addSave()', 'POST', 1, 'admin', '研发部门', '/etcToll/test/add', '127.0.0.1', '内网IP', '{\r\n  \"name\" : [ \"微信\" ],\r\n  \"phone\" : [ \"13404151911\" ],\r\n  \"email\" : [ \"1174716221@qq.com\" ],\r\n  \"age\" : [ \"11\" ],\r\n  \"sex\" : [ \"0\" ],\r\n  \"aboutFile\" : [ \"{\\\"id\\\":\\\"592fe1fbdad4453fbbde8df81699705e\\\",\\\"createTime\\\":\\\"2020-01-15 16:01:43\\\",\\\"createUserId\\\":1,\\\"updateTime\\\":null,\\\"updateUserId\\\":null,\\\"del\\\":0,\\\"remark\\\":null,\\\"params\\\":null,\\\"ids\\\":null,\\\"name\\\":\\\"acp_test_root.cer\\\",\\\"realName\\\":\\\"6b8779d5a07f94a4981965cd78ab415a.cer\\\",\\\"fileSize\\\":1324,\\\"extension\\\":\\\"cer\\\",\\\"contentType\\\":\\\".cer\\\",\\\"directory\\\":\\\"D:/ruoyi/uploadPath/tmp/2020/01/15/6b8779d5a07f94a4981965cd78ab415a.cer\\\",\\\"visitUrl\\\":\\\"/profile/tmp/2020/01/15/6b8779d5a07f94a4981965cd78ab415a.cer\\\"}2fd872b8933a4ea7bee38e1c7bd96feb{\\\"id\\\":\\\"073751a71ec748fab86f78858985cded\\\",\\\"createTime\\\":\\\"2020-01-15 16:01:43\\\",\\\"createUserId\\\":1,\\\"updateTime\\\":null,\\\"updateUserId\\\":null,\\\"del\\\":0,\\\"remark\\\":null,\\\"params\\\":null,\\\"ids\\\":null,\\\"name\\\":\\\"acp_test_enc.cer\\\",\\\"realName\\\":\\\"5d3d00030b62c5b5803331385187678c.cer\\\",\\\"fileSize\\\":1564,\\\"extension\\\":\\\"cer\\\",\\\"contentType\\\":\\\".cer\\\",\\\"directory\\\":\\\"D:/ruoyi/uploadPath/tmp/2020/01/15/5d3d00030b62c5b5803331385187678c.cer\\\",\\\"visitUrl\\\":\\\"/profile/tmp/2020/01/15/5d3d00030b62c5b5803331385187678c.cer\\\"}2fd872b8933a4ea7bee38e1c7bd96feb{\\\"id\\\":\\\"6686ac82b652459baaaa0d7db5b38741\\\",\\\"createTime\\\":\\\"2020-01-15 16:01:43\\\",\\\"createUserId\\\":1,\\\"updateTime\\\":null,\\\"updateUserId\\\":null,\\\"del\\\":0,\\\"remark\\\":null,\\\"params\\\":null,\\\"ids\\\":null,\\\"name\\\":\\\"acp_test_middle.cer\\\",\\\"realName\\\":\\\"d9f629ad07481dbb8f3c53734a54c56f.cer\\\",\\\"fileSize\\\":1402,\\\"extension\\\":\\\"cer\\\",\\\"contentType\\\":\\\".cer\\\",\\\"directory\\\":\\\"D:/ruoyi/uploadPath/tmp/2020/01/15/d9f629ad07481dbb8f3c53734a54c56f.cer\\\",\\\"visitUrl\\\":\\\"/profile/tmp/2020/01/15/d9f629ad07481dbb8f3c53734a54c56f.cer\\\"}2fd872b8933a4ea7bee38e1c7bd96feb{\\\"id\\\":\\\"f2ea918f81f44d9aa9afc51cb8425f1a\\\",\\\"createTime\\\":\\\"2020-01-15 16:01:43\\\",\\\"createUserId\\\":1,\\\"updateTime\\\":null,\\\"updateUserId\\\":null,\\\"del\\\":0,\\\"remark\\\":null,\\\"params\\\":null,\\\"ids\\\"', 'null', 1, '\r\n### Error updating database.  Cause: java.sql.SQLException: Field \'id\' doesn\'t have a default value\r\n### The error may involve com.ruoyi.system.mapper.SysFileInfoMapper.insertList-Inline\r\n### The error occurred while setting parameters\r\n### SQL: INSERT INTO sys_file_info  ( create_time,create_user_id,update_time,update_user_id,del,remark,name,real_name,file_size,extension,content_type,directory,visit_url )  VALUES   ( ?,?,?,?,?,?,?,?,?,?,?,?,? ) , ( ?,?,?,?,?,?,?,?,?,?,?,?,? ) , ( ?,?,?,?,?,?,?,?,?,?,?,?,? ) , ( ?,?,?,?,?,?,?,?,?,?,?,?,? ) , ( ?,?,?,?,?,?,?,?,?,?,?,?,? ) , ( ?,?,?,?,?,?,?,?,?,?,?,?,? )\r\n### Cause: java.sql.SQLException: Field \'id\' doesn\'t have a default value\n; Field \'id\' doesn\'t have a default value; nested exception is java.sql.SQLException: Field \'id\' doesn\'t have a default value', '2020-01-15 16:01:50');
INSERT INTO `sys_oper_log` VALUES (185, '停车场测试', 1, 'com.ruoyi.etc.toll.controller.EtcTollTestController.addSave()', 'POST', 1, 'admin', '研发部门', '/etcToll/test/add', '127.0.0.1', '内网IP', '{\r\n  \"name\" : [ \"微信\" ],\r\n  \"phone\" : [ \"13404151911\" ],\r\n  \"email\" : [ \"1174716221@qq.com\" ],\r\n  \"age\" : [ \"11\" ],\r\n  \"sex\" : [ \"0\" ],\r\n  \"aboutFile\" : [ \"{\\\"id\\\":\\\"592fe1fbdad4453fbbde8df81699705e\\\",\\\"createTime\\\":\\\"2020-01-15 16:01:43\\\",\\\"createUserId\\\":1,\\\"updateTime\\\":null,\\\"updateUserId\\\":null,\\\"del\\\":0,\\\"remark\\\":null,\\\"params\\\":null,\\\"ids\\\":null,\\\"name\\\":\\\"acp_test_root.cer\\\",\\\"realName\\\":\\\"6b8779d5a07f94a4981965cd78ab415a.cer\\\",\\\"fileSize\\\":1324,\\\"extension\\\":\\\"cer\\\",\\\"contentType\\\":\\\".cer\\\",\\\"directory\\\":\\\"D:/ruoyi/uploadPath/tmp/2020/01/15/6b8779d5a07f94a4981965cd78ab415a.cer\\\",\\\"visitUrl\\\":\\\"/profile/tmp/2020/01/15/6b8779d5a07f94a4981965cd78ab415a.cer\\\"}2fd872b8933a4ea7bee38e1c7bd96feb{\\\"id\\\":\\\"073751a71ec748fab86f78858985cded\\\",\\\"createTime\\\":\\\"2020-01-15 16:01:43\\\",\\\"createUserId\\\":1,\\\"updateTime\\\":null,\\\"updateUserId\\\":null,\\\"del\\\":0,\\\"remark\\\":null,\\\"params\\\":null,\\\"ids\\\":null,\\\"name\\\":\\\"acp_test_enc.cer\\\",\\\"realName\\\":\\\"5d3d00030b62c5b5803331385187678c.cer\\\",\\\"fileSize\\\":1564,\\\"extension\\\":\\\"cer\\\",\\\"contentType\\\":\\\".cer\\\",\\\"directory\\\":\\\"D:/ruoyi/uploadPath/tmp/2020/01/15/5d3d00030b62c5b5803331385187678c.cer\\\",\\\"visitUrl\\\":\\\"/profile/tmp/2020/01/15/5d3d00030b62c5b5803331385187678c.cer\\\"}2fd872b8933a4ea7bee38e1c7bd96feb{\\\"id\\\":\\\"6686ac82b652459baaaa0d7db5b38741\\\",\\\"createTime\\\":\\\"2020-01-15 16:01:43\\\",\\\"createUserId\\\":1,\\\"updateTime\\\":null,\\\"updateUserId\\\":null,\\\"del\\\":0,\\\"remark\\\":null,\\\"params\\\":null,\\\"ids\\\":null,\\\"name\\\":\\\"acp_test_middle.cer\\\",\\\"realName\\\":\\\"d9f629ad07481dbb8f3c53734a54c56f.cer\\\",\\\"fileSize\\\":1402,\\\"extension\\\":\\\"cer\\\",\\\"contentType\\\":\\\".cer\\\",\\\"directory\\\":\\\"D:/ruoyi/uploadPath/tmp/2020/01/15/d9f629ad07481dbb8f3c53734a54c56f.cer\\\",\\\"visitUrl\\\":\\\"/profile/tmp/2020/01/15/d9f629ad07481dbb8f3c53734a54c56f.cer\\\"}2fd872b8933a4ea7bee38e1c7bd96feb{\\\"id\\\":\\\"f2ea918f81f44d9aa9afc51cb8425f1a\\\",\\\"createTime\\\":\\\"2020-01-15 16:01:43\\\",\\\"createUserId\\\":1,\\\"updateTime\\\":null,\\\"updateUserId\\\":null,\\\"del\\\":0,\\\"remark\\\":null,\\\"params\\\":null,\\\"ids\\\"', 'null', 1, '\r\n### Error updating database.  Cause: java.sql.SQLException: Field \'id\' doesn\'t have a default value\r\n### The error may involve com.ruoyi.system.mapper.SysFileInfoMapper.insertList-Inline\r\n### The error occurred while setting parameters\r\n### SQL: INSERT INTO sys_file_info  ( create_time,create_user_id,update_time,update_user_id,del,remark,name,real_name,file_size,extension,content_type,directory,visit_url )  VALUES   ( ?,?,?,?,?,?,?,?,?,?,?,?,? ) , ( ?,?,?,?,?,?,?,?,?,?,?,?,? ) , ( ?,?,?,?,?,?,?,?,?,?,?,?,? ) , ( ?,?,?,?,?,?,?,?,?,?,?,?,? ) , ( ?,?,?,?,?,?,?,?,?,?,?,?,? ) , ( ?,?,?,?,?,?,?,?,?,?,?,?,? )\r\n### Cause: java.sql.SQLException: Field \'id\' doesn\'t have a default value\n; Field \'id\' doesn\'t have a default value; nested exception is java.sql.SQLException: Field \'id\' doesn\'t have a default value', '2020-01-15 16:05:04');
INSERT INTO `sys_oper_log` VALUES (186, '停车场测试', 1, 'com.ruoyi.etc.toll.controller.EtcTollTestController.addSave()', 'POST', 1, 'admin', '研发部门', '/etcToll/test/add', '127.0.0.1', '内网IP', '{\r\n  \"name\" : [ \"微信\" ],\r\n  \"phone\" : [ \"13404151911\" ],\r\n  \"email\" : [ \"1174716221@qq.com\" ],\r\n  \"age\" : [ \"11\" ],\r\n  \"sex\" : [ \"0\" ],\r\n  \"aboutFile\" : [ \"{\\\"id\\\":\\\"cd5b124da5244a4b81a9e18da0df31c8\\\",\\\"createTime\\\":\\\"2020-01-15 16:09:14\\\",\\\"createUserId\\\":1,\\\"updateTime\\\":null,\\\"updateUserId\\\":null,\\\"del\\\":0,\\\"remark\\\":null,\\\"params\\\":null,\\\"ids\\\":null,\\\"name\\\":\\\"acp_test_root.cer\\\",\\\"realName\\\":\\\"71347b3f16b90a40faff92aef3c45258.cer\\\",\\\"fileSize\\\":1324,\\\"extension\\\":\\\"cer\\\",\\\"contentType\\\":\\\".cer\\\",\\\"directory\\\":\\\"D:/ruoyi/uploadPath/tmp/2020/01/15/71347b3f16b90a40faff92aef3c45258.cer\\\",\\\"visitUrl\\\":\\\"/profile/tmp/2020/01/15/71347b3f16b90a40faff92aef3c45258.cer\\\"}2fd872b8933a4ea7bee38e1c7bd96feb{\\\"id\\\":\\\"af50fc42fedb463fbb1f24c3eb8ae11b\\\",\\\"createTime\\\":\\\"2020-01-15 16:09:14\\\",\\\"createUserId\\\":1,\\\"updateTime\\\":null,\\\"updateUserId\\\":null,\\\"del\\\":0,\\\"remark\\\":null,\\\"params\\\":null,\\\"ids\\\":null,\\\"name\\\":\\\"acp_test_middle.cer\\\",\\\"realName\\\":\\\"dbb82d69c93dbbd082b770d83ea2654e.cer\\\",\\\"fileSize\\\":1402,\\\"extension\\\":\\\"cer\\\",\\\"contentType\\\":\\\".cer\\\",\\\"directory\\\":\\\"D:/ruoyi/uploadPath/tmp/2020/01/15/dbb82d69c93dbbd082b770d83ea2654e.cer\\\",\\\"visitUrl\\\":\\\"/profile/tmp/2020/01/15/dbb82d69c93dbbd082b770d83ea2654e.cer\\\"}2fd872b8933a4ea7bee38e1c7bd96feb{\\\"id\\\":\\\"4518d3d633dd4f3a8812aa7f67f233d5\\\",\\\"createTime\\\":\\\"2020-01-15 16:09:14\\\",\\\"createUserId\\\":1,\\\"updateTime\\\":null,\\\"updateUserId\\\":null,\\\"del\\\":0,\\\"remark\\\":null,\\\"params\\\":null,\\\"ids\\\":null,\\\"name\\\":\\\"acp_sdk_test.properties\\\",\\\"realName\\\":\\\"7773a8eebf9d4997724c46ece052d60b.properties\\\",\\\"fileSize\\\":4045,\\\"extension\\\":\\\"properties\\\",\\\"contentType\\\":\\\".properties\\\",\\\"directory\\\":\\\"D:/ruoyi/uploadPath/tmp/2020/01/15/7773a8eebf9d4997724c46ece052d60b.properties\\\",\\\"visitUrl\\\":\\\"/profile/tmp/2020/01/15/7773a8eebf9d4997724c46ece052d60b.properties\\\"}2fd872b8933a4ea7bee38e1c7bd96feb{\\\"id\\\":\\\"b6f866167ff04119af911ba846efccb4\\\",\\\"createTime\\\":\\\"2020-01-15 16:09:14\\\",\\\"createUserId\\\":1,\\\"updateTime\\\":null,\\\"updateUserId\\\":null,\\\"del\\\"', 'null', 1, '\r\n### Error updating database.  Cause: java.sql.SQLException: Field \'id\' doesn\'t have a default value\r\n### The error may involve com.ruoyi.system.mapper.SysFileInfoMapper.insertList-Inline\r\n### The error occurred while setting parameters\r\n### SQL: INSERT INTO sys_file_info  ( create_time,create_user_id,update_time,update_user_id,del,remark,name,real_name,file_size,extension,content_type,directory,visit_url )  VALUES   ( ?,?,?,?,?,?,?,?,?,?,?,?,? ) , ( ?,?,?,?,?,?,?,?,?,?,?,?,? ) , ( ?,?,?,?,?,?,?,?,?,?,?,?,? ) , ( ?,?,?,?,?,?,?,?,?,?,?,?,? )\r\n### Cause: java.sql.SQLException: Field \'id\' doesn\'t have a default value\n; Field \'id\' doesn\'t have a default value; nested exception is java.sql.SQLException: Field \'id\' doesn\'t have a default value', '2020-01-15 16:09:57');
INSERT INTO `sys_oper_log` VALUES (187, '停车场测试', 1, 'com.ruoyi.etc.toll.controller.EtcTollTestController.addSave()', 'POST', 1, 'admin', '研发部门', '/etcToll/test/add', '127.0.0.1', '内网IP', '{\r\n  \"name\" : [ \"微信\" ],\r\n  \"phone\" : [ \"13404151911\" ],\r\n  \"email\" : [ \"1174716221@qq.com\" ],\r\n  \"age\" : [ \"11\" ],\r\n  \"sex\" : [ \"0\" ],\r\n  \"aboutFile\" : [ \"{\\\"id\\\":\\\"cd5b124da5244a4b81a9e18da0df31c8\\\",\\\"createTime\\\":\\\"2020-01-15 16:09:14\\\",\\\"createUserId\\\":1,\\\"updateTime\\\":null,\\\"updateUserId\\\":null,\\\"del\\\":0,\\\"remark\\\":null,\\\"params\\\":null,\\\"ids\\\":null,\\\"name\\\":\\\"acp_test_root.cer\\\",\\\"realName\\\":\\\"71347b3f16b90a40faff92aef3c45258.cer\\\",\\\"fileSize\\\":1324,\\\"extension\\\":\\\"cer\\\",\\\"contentType\\\":\\\".cer\\\",\\\"directory\\\":\\\"D:/ruoyi/uploadPath/tmp/2020/01/15/71347b3f16b90a40faff92aef3c45258.cer\\\",\\\"visitUrl\\\":\\\"/profile/tmp/2020/01/15/71347b3f16b90a40faff92aef3c45258.cer\\\"}2fd872b8933a4ea7bee38e1c7bd96feb{\\\"id\\\":\\\"af50fc42fedb463fbb1f24c3eb8ae11b\\\",\\\"createTime\\\":\\\"2020-01-15 16:09:14\\\",\\\"createUserId\\\":1,\\\"updateTime\\\":null,\\\"updateUserId\\\":null,\\\"del\\\":0,\\\"remark\\\":null,\\\"params\\\":null,\\\"ids\\\":null,\\\"name\\\":\\\"acp_test_middle.cer\\\",\\\"realName\\\":\\\"dbb82d69c93dbbd082b770d83ea2654e.cer\\\",\\\"fileSize\\\":1402,\\\"extension\\\":\\\"cer\\\",\\\"contentType\\\":\\\".cer\\\",\\\"directory\\\":\\\"D:/ruoyi/uploadPath/tmp/2020/01/15/dbb82d69c93dbbd082b770d83ea2654e.cer\\\",\\\"visitUrl\\\":\\\"/profile/tmp/2020/01/15/dbb82d69c93dbbd082b770d83ea2654e.cer\\\"}2fd872b8933a4ea7bee38e1c7bd96feb{\\\"id\\\":\\\"4518d3d633dd4f3a8812aa7f67f233d5\\\",\\\"createTime\\\":\\\"2020-01-15 16:09:14\\\",\\\"createUserId\\\":1,\\\"updateTime\\\":null,\\\"updateUserId\\\":null,\\\"del\\\":0,\\\"remark\\\":null,\\\"params\\\":null,\\\"ids\\\":null,\\\"name\\\":\\\"acp_sdk_test.properties\\\",\\\"realName\\\":\\\"7773a8eebf9d4997724c46ece052d60b.properties\\\",\\\"fileSize\\\":4045,\\\"extension\\\":\\\"properties\\\",\\\"contentType\\\":\\\".properties\\\",\\\"directory\\\":\\\"D:/ruoyi/uploadPath/tmp/2020/01/15/7773a8eebf9d4997724c46ece052d60b.properties\\\",\\\"visitUrl\\\":\\\"/profile/tmp/2020/01/15/7773a8eebf9d4997724c46ece052d60b.properties\\\"}2fd872b8933a4ea7bee38e1c7bd96feb{\\\"id\\\":\\\"b6f866167ff04119af911ba846efccb4\\\",\\\"createTime\\\":\\\"2020-01-15 16:09:14\\\",\\\"createUserId\\\":1,\\\"updateTime\\\":null,\\\"updateUserId\\\":null,\\\"del\\\"', 'null', 1, '\r\n### Error updating database.  Cause: java.sql.SQLException: Field \'id\' doesn\'t have a default value\r\n### The error may involve com.ruoyi.system.mapper.SysFileInfoMapper.insertList-Inline\r\n### The error occurred while setting parameters\r\n### SQL: INSERT INTO sys_file_info  ( create_time,create_user_id,update_time,update_user_id,del,remark,name,real_name,file_size,extension,content_type,directory,visit_url )  VALUES   ( ?,?,?,?,?,?,?,?,?,?,?,?,? ) , ( ?,?,?,?,?,?,?,?,?,?,?,?,? ) , ( ?,?,?,?,?,?,?,?,?,?,?,?,? ) , ( ?,?,?,?,?,?,?,?,?,?,?,?,? )\r\n### Cause: java.sql.SQLException: Field \'id\' doesn\'t have a default value\n; Field \'id\' doesn\'t have a default value; nested exception is java.sql.SQLException: Field \'id\' doesn\'t have a default value', '2020-01-15 16:18:20');
INSERT INTO `sys_oper_log` VALUES (188, '停车场测试', 1, 'com.ruoyi.etc.toll.controller.EtcTollTestController.addSave()', 'POST', 1, 'admin', '研发部门', '/etcToll/test/add', '127.0.0.1', '内网IP', '{\r\n  \"name\" : [ \"杨先生\" ],\r\n  \"phone\" : [ \"13404151911\" ],\r\n  \"email\" : [ \"1174716220@qq.com\" ],\r\n  \"age\" : [ \"11\" ],\r\n  \"sex\" : [ \"0\" ],\r\n  \"aboutFile\" : [ \"{\\\"id\\\":\\\"9a61d7ba75e84d04bc1ab6c853bd99a9\\\",\\\"createTime\\\":\\\"2020-01-15 16:26:46\\\",\\\"createUserId\\\":1,\\\"updateTime\\\":null,\\\"updateUserId\\\":null,\\\"del\\\":0,\\\"remark\\\":null,\\\"params\\\":null,\\\"ids\\\":null,\\\"name\\\":\\\"777290058175356_acp_sign.pfx\\\",\\\"realName\\\":\\\"26233ecd888103b28997124cac848725.pfx\\\",\\\"fileSize\\\":5026,\\\"extension\\\":\\\"pfx\\\",\\\"contentType\\\":\\\".pfx\\\",\\\"directory\\\":\\\"D:/ruoyi/uploadPath/tmp/2020/01/15/26233ecd888103b28997124cac848725.pfx\\\",\\\"visitUrl\\\":\\\"/profile/tmp/2020/01/15/26233ecd888103b28997124cac848725.pfx\\\"}2fd872b8933a4ea7bee38e1c7bd96feb{\\\"id\\\":\\\"fda326114b2041f991e2f68b887762d5\\\",\\\"createTime\\\":\\\"2020-01-15 16:26:46\\\",\\\"createUserId\\\":1,\\\"updateTime\\\":null,\\\"updateUserId\\\":null,\\\"del\\\":0,\\\"remark\\\":null,\\\"params\\\":null,\\\"ids\\\":null,\\\"name\\\":\\\".DS_Store\\\",\\\"realName\\\":\\\"dc06a01ceca0b6bcdf52aa911132aab6.DS_Store\\\",\\\"fileSize\\\":8196,\\\"extension\\\":\\\"DS_Store\\\",\\\"contentType\\\":\\\".DS_Store\\\",\\\"directory\\\":\\\"D:/ruoyi/uploadPath/tmp/2020/01/15/dc06a01ceca0b6bcdf52aa911132aab6.DS_Store\\\",\\\"visitUrl\\\":\\\"/profile/tmp/2020/01/15/dc06a01ceca0b6bcdf52aa911132aab6.DS_Store\\\"}2fd872b8933a4ea7bee38e1c7bd96feb{\\\"id\\\":\\\"6c558ad733a94ed7a6d21da23168cddf\\\",\\\"createTime\\\":\\\"2020-01-15 16:26:46\\\",\\\"createUserId\\\":1,\\\"updateTime\\\":null,\\\"updateUserId\\\":null,\\\"del\\\":0,\\\"remark\\\":null,\\\"params\\\":null,\\\"ids\\\":null,\\\"name\\\":\\\"777290058110097_acp_sign.pfx\\\",\\\"realName\\\":\\\"49fa1cd9739512feacb441685f97c23e.pfx\\\",\\\"fileSize\\\":2898,\\\"extension\\\":\\\"pfx\\\",\\\"contentType\\\":\\\".pfx\\\",\\\"directory\\\":\\\"D:/ruoyi/uploadPath/tmp/2020/01/15/49fa1cd9739512feacb441685f97c23e.pfx\\\",\\\"visitUrl\\\":\\\"/profile/tmp/2020/01/15/49fa1cd9739512feacb441685f97c23e.pfx\\\"}2fd872b8933a4ea7bee38e1c7bd96feb{\\\"id\\\":\\\"fb75598992fd4c34b7d477d5289d497e\\\",\\\"createTime\\\":\\\"2020-01-15 16:26:46\\\",\\\"createUserId\\\":1,\\\"updateTime\\\":null,\\\"updateUserId\\\":null,\\\"del\\\":0,', 'null', 1, '\r\n### Error updating database.  Cause: java.sql.SQLException: Field \'id\' doesn\'t have a default value\r\n### The error may involve com.ruoyi.system.mapper.SysFileInfoMapper.insertList-Inline\r\n### The error occurred while setting parameters\r\n### SQL: INSERT INTO sys_file_info  ( create_time,create_user_id,update_time,update_user_id,del,remark,name,real_name,file_size,extension,content_type,directory,visit_url )  VALUES   ( ?,?,?,?,?,?,?,?,?,?,?,?,? ) , ( ?,?,?,?,?,?,?,?,?,?,?,?,? ) , ( ?,?,?,?,?,?,?,?,?,?,?,?,? ) , ( ?,?,?,?,?,?,?,?,?,?,?,?,? )\r\n### Cause: java.sql.SQLException: Field \'id\' doesn\'t have a default value\n; Field \'id\' doesn\'t have a default value; nested exception is java.sql.SQLException: Field \'id\' doesn\'t have a default value', '2020-01-15 16:27:08');
INSERT INTO `sys_oper_log` VALUES (189, '停车场测试', 1, 'com.ruoyi.etc.toll.controller.EtcTollTestController.addSave()', 'POST', 1, 'admin', '研发部门', '/etcToll/test/add', '127.0.0.1', '内网IP', '{\r\n  \"name\" : [ \"杨先生\" ],\r\n  \"phone\" : [ \"13404151911\" ],\r\n  \"email\" : [ \"1174716221@qq.com\" ],\r\n  \"age\" : [ \"11\" ],\r\n  \"sex\" : [ \"0\" ],\r\n  \"aboutFile\" : [ \"{\\\"id\\\":\\\"1700169c060541cebe29f1bc68e52866\\\",\\\"createTime\\\":\\\"2020-01-15 16:34:56\\\",\\\"createUserId\\\":1,\\\"updateTime\\\":null,\\\"updateUserId\\\":null,\\\"del\\\":0,\\\"remark\\\":null,\\\"params\\\":null,\\\"ids\\\":null,\\\"name\\\":\\\"acp_test_middle.cer\\\",\\\"realName\\\":\\\"581b7e36c443ce099ba178f4dc6ba623.cer\\\",\\\"fileSize\\\":1402,\\\"extension\\\":\\\"cer\\\",\\\"contentType\\\":\\\".cer\\\",\\\"directory\\\":\\\"D:/ruoyi/uploadPath/tmp/2020/01/15/581b7e36c443ce099ba178f4dc6ba623.cer\\\",\\\"visitUrl\\\":\\\"/profile/tmp/2020/01/15/581b7e36c443ce099ba178f4dc6ba623.cer\\\"}2fd872b8933a4ea7bee38e1c7bd96feb{\\\"id\\\":\\\"bfbb4937e86d409299f0eff0f911c9a7\\\",\\\"createTime\\\":\\\"2020-01-15 16:34:56\\\",\\\"createUserId\\\":1,\\\"updateTime\\\":null,\\\"updateUserId\\\":null,\\\"del\\\":0,\\\"remark\\\":null,\\\"params\\\":null,\\\"ids\\\":null,\\\"name\\\":\\\"acp_test_root.cer\\\",\\\"realName\\\":\\\"45b252fca8160dd764046120e7335168.cer\\\",\\\"fileSize\\\":1324,\\\"extension\\\":\\\"cer\\\",\\\"contentType\\\":\\\".cer\\\",\\\"directory\\\":\\\"D:/ruoyi/uploadPath/tmp/2020/01/15/45b252fca8160dd764046120e7335168.cer\\\",\\\"visitUrl\\\":\\\"/profile/tmp/2020/01/15/45b252fca8160dd764046120e7335168.cer\\\"}2fd872b8933a4ea7bee38e1c7bd96feb{\\\"id\\\":\\\"19f086bb5e874a889ad77109381ce840\\\",\\\"createTime\\\":\\\"2020-01-15 16:34:56\\\",\\\"createUserId\\\":1,\\\"updateTime\\\":null,\\\"updateUserId\\\":null,\\\"del\\\":0,\\\"remark\\\":null,\\\"params\\\":null,\\\"ids\\\":null,\\\"name\\\":\\\"acp_test_enc.cer\\\",\\\"realName\\\":\\\"39e4d2b1fdb87d69a96fd35843b2ea8f.cer\\\",\\\"fileSize\\\":1564,\\\"extension\\\":\\\"cer\\\",\\\"contentType\\\":\\\".cer\\\",\\\"directory\\\":\\\"D:/ruoyi/uploadPath/tmp/2020/01/15/39e4d2b1fdb87d69a96fd35843b2ea8f.cer\\\",\\\"visitUrl\\\":\\\"/profile/tmp/2020/01/15/39e4d2b1fdb87d69a96fd35843b2ea8f.cer\\\"}2fd872b8933a4ea7bee38e1c7bd96feb\" ]\r\n}', 'null', 1, '\r\n### Error updating database.  Cause: java.sql.SQLException: Column count doesn\'t match value count at row 1\r\n### The error may involve defaultParameterMap\r\n### The error occurred while setting parameters\r\n### SQL: insert into sys_file_info (id,create_time,create_user_id,update_time,update_user_id,del,remark,name,real_name,file_size,extension,content_type,directory,visit_url )         values                        (                 ?,                 ?,                 ?,                 ?,                 ?,                 ?,                 ?,                 ?,                 ?,                 ?,                 ?,                 ?,                 ?             )          ,              (                 ?,                 ?,                 ?,                 ?,                 ?,                 ?,                 ?,                 ?,                 ?,                 ?,                 ?,                 ?,                 ?             )          ,              (                 ?,                 ?,                 ?,                 ?,                 ?,                 ?,                 ?,                 ?,                 ?,                 ?,                 ?,                 ?,                 ?             )\r\n### Cause: java.sql.SQLException: Column count doesn\'t match value count at row 1\n; bad SQL grammar []; nested exception is java.sql.SQLException: Column count doesn\'t match value count at row 1', '2020-01-15 16:35:11');
INSERT INTO `sys_oper_log` VALUES (190, '停车场测试', 1, 'com.ruoyi.etc.toll.controller.EtcTollTestController.addSave()', 'POST', 1, 'admin', '研发部门', '/etcToll/test/add', '127.0.0.1', '内网IP', '{\r\n  \"name\" : [ \"杨先生\" ],\r\n  \"phone\" : [ \"13404151911\" ],\r\n  \"email\" : [ \"1174716220@qq.com\" ],\r\n  \"age\" : [ \"11\" ],\r\n  \"sex\" : [ \"0\" ],\r\n  \"aboutFile\" : [ \"{\\\"id\\\":\\\"4757df03c30244199255d5d24e318d80\\\",\\\"createTime\\\":\\\"2020-01-15 16:36:43\\\",\\\"createUserId\\\":1,\\\"updateTime\\\":null,\\\"updateUserId\\\":null,\\\"del\\\":0,\\\"remark\\\":null,\\\"params\\\":null,\\\"ids\\\":null,\\\"name\\\":\\\"acp_sdk_test.properties\\\",\\\"realName\\\":\\\"3833c19f146102569ae76976a7e78e6d.properties\\\",\\\"fileSize\\\":4045,\\\"extension\\\":\\\"properties\\\",\\\"contentType\\\":\\\".properties\\\",\\\"directory\\\":\\\"D:/ruoyi/uploadPath/tmp/2020/01/15/3833c19f146102569ae76976a7e78e6d.properties\\\",\\\"visitUrl\\\":\\\"/profile/tmp/2020/01/15/3833c19f146102569ae76976a7e78e6d.properties\\\"}2fd872b8933a4ea7bee38e1c7bd96feb{\\\"id\\\":\\\"ff4b209511e942be9d7adf83e9b5b58e\\\",\\\"createTime\\\":\\\"2020-01-15 16:36:43\\\",\\\"createUserId\\\":1,\\\"updateTime\\\":null,\\\"updateUserId\\\":null,\\\"del\\\":0,\\\"remark\\\":null,\\\"params\\\":null,\\\"ids\\\":null,\\\"name\\\":\\\"777290058110097_acp_sign.pfx\\\",\\\"realName\\\":\\\"c735d4f925741c891c73c1522d1aa6ce.pfx\\\",\\\"fileSize\\\":2898,\\\"extension\\\":\\\"pfx\\\",\\\"contentType\\\":\\\".pfx\\\",\\\"directory\\\":\\\"D:/ruoyi/uploadPath/tmp/2020/01/15/c735d4f925741c891c73c1522d1aa6ce.pfx\\\",\\\"visitUrl\\\":\\\"/profile/tmp/2020/01/15/c735d4f925741c891c73c1522d1aa6ce.pfx\\\"}2fd872b8933a4ea7bee38e1c7bd96feb{\\\"id\\\":\\\"34c5b111211e42c88d9c7ca839e2dd27\\\",\\\"createTime\\\":\\\"2020-01-15 16:36:43\\\",\\\"createUserId\\\":1,\\\"updateTime\\\":null,\\\"updateUserId\\\":null,\\\"del\\\":0,\\\"remark\\\":null,\\\"params\\\":null,\\\"ids\\\":null,\\\"name\\\":\\\"777290058175356_acp_sign.pfx\\\",\\\"realName\\\":\\\"38179eec99c4623d47bcebff033c325e.pfx\\\",\\\"fileSize\\\":5026,\\\"extension\\\":\\\"pfx\\\",\\\"contentType\\\":\\\".pfx\\\",\\\"directory\\\":\\\"D:/ruoyi/uploadPath/tmp/2020/01/15/38179eec99c4623d47bcebff033c325e.pfx\\\",\\\"visitUrl\\\":\\\"/profile/tmp/2020/01/15/38179eec99c4623d47bcebff033c325e.pfx\\\"}2fd872b8933a4ea7bee38e1c7bd96feb{\\\"id\\\":\\\"f8590edb4c8e4d67bc5729b8d8194977\\\",\\\"createTime\\\":\\\"2020-01-15 16:36:43\\\",\\\"createUserId\\\":1,\\\"updateTime\\\":null,\\\"update', '{\r\n  \"msg\" : \"操作成功\",\r\n  \"code\" : 0\r\n}', 0, NULL, '2020-01-15 16:37:01');
INSERT INTO `sys_oper_log` VALUES (191, '停车场测试', 2, 'com.ruoyi.etc.toll.controller.EtcTollTestController.editSave()', 'POST', 1, 'admin', '研发部门', '/etcToll/test/edit', '127.0.0.1', '内网IP', '{\r\n  \"id\" : [ \"8aa02789725e44d4ae81ec21969728c6\" ],\r\n  \"name\" : [ \"杨先生\" ],\r\n  \"phone\" : [ \"13404151911\" ],\r\n  \"email\" : [ \"1174716220@qq.com\" ],\r\n  \"age\" : [ \"11\" ],\r\n  \"sex\" : [ \"0\" ],\r\n  \"aboutFile\" : [ \"{\\\"id\\\":\\\"12d10f28cd374f14a27c98f5a7d5cdde\\\",\\\"createTime\\\":\\\"2020-01-15 16:45:35\\\",\\\"createUserId\\\":1,\\\"updateTime\\\":null,\\\"updateUserId\\\":null,\\\"del\\\":0,\\\"remark\\\":null,\\\"params\\\":null,\\\"ids\\\":null,\\\"name\\\":\\\"acp_test_root.cer\\\",\\\"realName\\\":\\\"0b4599204a32757213df90f007ab3063.cer\\\",\\\"fileSize\\\":1324,\\\"extension\\\":\\\"cer\\\",\\\"contentType\\\":\\\".cer\\\",\\\"directory\\\":\\\"D:/ruoyi/uploadPath/tmp/2020/01/15/0b4599204a32757213df90f007ab3063.cer\\\",\\\"visitUrl\\\":\\\"/profile/tmp/2020/01/15/0b4599204a32757213df90f007ab3063.cer\\\"}2fd872b8933a4ea7bee38e1c7bd96feb4757df03c30244199255d5d24e318d80,ff4b209511e942be9d7adf83e9b5b58e,34c5b111211e42c88d9c7ca839e2dd27,f8590edb4c8e4d67bc5729b8d8194977\" ]\r\n}', 'null', 1, '\r\n### Error querying database.  Cause: java.sql.SQLSyntaxErrorException: Unknown column \'4757df03c30244199255d5d24e318d80\' in \'where clause\'\r\n### The error may exist in com/ruoyi/system/mapper/SysFileInfoMapper.java (best guess)\r\n### The error may involve com.ruoyi.system.mapper.SysFileInfoMapper.selectByIds-Inline\r\n### The error occurred while setting parameters\r\n### SQL: SELECT id,create_time,create_user_id,update_time,update_user_id,del,remark,name,real_name,file_size,extension,content_type,directory,visit_url  FROM sys_file_info  where id in (4757df03c30244199255d5d24e318d80,ff4b209511e942be9d7adf83e9b5b58e,34c5b111211e42c88d9c7ca839e2dd27,f8590edb4c8e4d67bc5729b8d8194977)\r\n### Cause: java.sql.SQLSyntaxErrorException: Unknown column \'4757df03c30244199255d5d24e318d80\' in \'where clause\'\n; bad SQL grammar []; nested exception is java.sql.SQLSyntaxErrorException: Unknown column \'4757df03c30244199255d5d24e318d80\' in \'where clause\'', '2020-01-15 16:45:50');
INSERT INTO `sys_oper_log` VALUES (192, '停车场测试', 2, 'com.ruoyi.etc.toll.controller.EtcTollTestController.editSave()', 'POST', 1, 'admin', '研发部门', '/etcToll/test/edit', '127.0.0.1', '内网IP', '{\r\n  \"id\" : [ \"8aa02789725e44d4ae81ec21969728c6\" ],\r\n  \"name\" : [ \"杨先生\" ],\r\n  \"phone\" : [ \"13404151911\" ],\r\n  \"email\" : [ \"1174716220@qq.com\" ],\r\n  \"age\" : [ \"11\" ],\r\n  \"sex\" : [ \"0\" ],\r\n  \"aboutFile\" : [ \"{\\\"id\\\":\\\"12d10f28cd374f14a27c98f5a7d5cdde\\\",\\\"createTime\\\":\\\"2020-01-15 16:45:35\\\",\\\"createUserId\\\":1,\\\"updateTime\\\":null,\\\"updateUserId\\\":null,\\\"del\\\":0,\\\"remark\\\":null,\\\"params\\\":null,\\\"ids\\\":null,\\\"name\\\":\\\"acp_test_root.cer\\\",\\\"realName\\\":\\\"0b4599204a32757213df90f007ab3063.cer\\\",\\\"fileSize\\\":1324,\\\"extension\\\":\\\"cer\\\",\\\"contentType\\\":\\\".cer\\\",\\\"directory\\\":\\\"D:/ruoyi/uploadPath/tmp/2020/01/15/0b4599204a32757213df90f007ab3063.cer\\\",\\\"visitUrl\\\":\\\"/profile/tmp/2020/01/15/0b4599204a32757213df90f007ab3063.cer\\\"}2fd872b8933a4ea7bee38e1c7bd96feb4757df03c30244199255d5d24e318d80,ff4b209511e942be9d7adf83e9b5b58e,34c5b111211e42c88d9c7ca839e2dd27,f8590edb4c8e4d67bc5729b8d8194977\" ]\r\n}', 'null', 1, '\r\n### Error querying database.  Cause: java.sql.SQLSyntaxErrorException: Unknown column \'4757df03c30244199255d5d24e318d80\' in \'where clause\'\r\n### The error may exist in com/ruoyi/system/mapper/SysFileInfoMapper.java (best guess)\r\n### The error may involve com.ruoyi.system.mapper.SysFileInfoMapper.selectByIds-Inline\r\n### The error occurred while setting parameters\r\n### SQL: SELECT id,create_time,create_user_id,update_time,update_user_id,del,remark,name,real_name,file_size,extension,content_type,directory,visit_url  FROM sys_file_info  where id in (4757df03c30244199255d5d24e318d80,ff4b209511e942be9d7adf83e9b5b58e,34c5b111211e42c88d9c7ca839e2dd27,f8590edb4c8e4d67bc5729b8d8194977)\r\n### Cause: java.sql.SQLSyntaxErrorException: Unknown column \'4757df03c30244199255d5d24e318d80\' in \'where clause\'\n; bad SQL grammar []; nested exception is java.sql.SQLSyntaxErrorException: Unknown column \'4757df03c30244199255d5d24e318d80\' in \'where clause\'', '2020-01-15 16:46:19');
INSERT INTO `sys_oper_log` VALUES (193, '停车场测试', 2, 'com.ruoyi.etc.toll.controller.EtcTollTestController.editSave()', 'POST', 1, 'admin', '研发部门', '/etcToll/test/edit', '127.0.0.1', '内网IP', '{\r\n  \"id\" : [ \"8aa02789725e44d4ae81ec21969728c6\" ],\r\n  \"name\" : [ \"杨先生\" ],\r\n  \"phone\" : [ \"13404151911\" ],\r\n  \"email\" : [ \"1174716220@qq.com\" ],\r\n  \"age\" : [ \"11\" ],\r\n  \"sex\" : [ \"0\" ],\r\n  \"aboutFile\" : [ \"{\\\"id\\\":\\\"ea4fa740c763417682a7098d90e6b8d6\\\",\\\"createTime\\\":\\\"2020-01-15 16:47:01\\\",\\\"createUserId\\\":1,\\\"updateTime\\\":null,\\\"updateUserId\\\":null,\\\"del\\\":0,\\\"remark\\\":null,\\\"params\\\":null,\\\"ids\\\":null,\\\"name\\\":\\\"rsa.zip\\\",\\\"realName\\\":\\\"5b44cd5624ea2046dd67e6cfab392548.zip\\\",\\\"fileSize\\\":2608,\\\"extension\\\":\\\"zip\\\",\\\"contentType\\\":\\\".zip\\\",\\\"directory\\\":\\\"D:/ruoyi/uploadPath/tmp/2020/01/15/5b44cd5624ea2046dd67e6cfab392548.zip\\\",\\\"visitUrl\\\":\\\"/profile/tmp/2020/01/15/5b44cd5624ea2046dd67e6cfab392548.zip\\\"}2fd872b8933a4ea7bee38e1c7bd96feb4757df03c30244199255d5d24e318d80,ff4b209511e942be9d7adf83e9b5b58e,34c5b111211e42c88d9c7ca839e2dd27,f8590edb4c8e4d67bc5729b8d8194977\" ]\r\n}', 'null', 1, '\r\n### Error updating database.  Cause: com.mysql.cj.jdbc.exceptions.MysqlDataTruncation: Data truncation: Data too long for column \'about_file\' at row 1\r\n### The error may involve com.ruoyi.etc.toll.mapper.EtcTollTestMapper.updateByPrimaryKeySelective-Inline\r\n### The error occurred while setting parameters\r\n### SQL: UPDATE etc_toll_test  SET update_time = ?,update_user_id = ?,name = ?,phone = ?,email = ?,age = ?,sex = ?,about_file = ? WHERE  id = ?\r\n### Cause: com.mysql.cj.jdbc.exceptions.MysqlDataTruncation: Data truncation: Data too long for column \'about_file\' at row 1\n; Data truncation: Data too long for column \'about_file\' at row 1; nested exception is com.mysql.cj.jdbc.exceptions.MysqlDataTruncation: Data truncation: Data too long for column \'about_file\' at row 1', '2020-01-15 17:02:56');
INSERT INTO `sys_oper_log` VALUES (194, '停车场测试', 1, 'com.ruoyi.etc.toll.controller.EtcTollTestController.addSave()', 'POST', 1, 'admin', '研发部门', '/etcToll/test/add', '127.0.0.1', '内网IP', '{\r\n  \"name\" : [ \"杨先生\" ],\r\n  \"phone\" : [ \"13404151911\" ],\r\n  \"email\" : [ \"1174716220@qq.com\" ],\r\n  \"age\" : [ \"11\" ],\r\n  \"sex\" : [ \"0\" ],\r\n  \"aboutFile\" : [ \"{\\\"id\\\":\\\"7b1b8a04f8a94ce88c71765175a1a684\\\",\\\"createTime\\\":\\\"2020-01-15 17:06:18\\\",\\\"createUserId\\\":1,\\\"updateTime\\\":null,\\\"updateUserId\\\":null,\\\"del\\\":0,\\\"remark\\\":null,\\\"params\\\":null,\\\"ids\\\":null,\\\"name\\\":\\\"acp_test_middle.cer\\\",\\\"realName\\\":\\\"144a5cfa17242f3586ca830e3f747161.cer\\\",\\\"fileSize\\\":1402,\\\"extension\\\":\\\"cer\\\",\\\"contentType\\\":\\\".cer\\\",\\\"directory\\\":\\\"D:/ruoyi/uploadPath/tmp/2020/01/15/144a5cfa17242f3586ca830e3f747161.cer\\\",\\\"visitUrl\\\":\\\"/profile/tmp/2020/01/15/144a5cfa17242f3586ca830e3f747161.cer\\\"}2fd872b8933a4ea7bee38e1c7bd96feb{\\\"id\\\":\\\"4d827f8240f148e8b71709cfa36a325e\\\",\\\"createTime\\\":\\\"2020-01-15 17:06:18\\\",\\\"createUserId\\\":1,\\\"updateTime\\\":null,\\\"updateUserId\\\":null,\\\"del\\\":0,\\\"remark\\\":null,\\\"params\\\":null,\\\"ids\\\":null,\\\"name\\\":\\\"acp_test_root.cer\\\",\\\"realName\\\":\\\"c73aab9d9536c84c16f83a12facd19b2.cer\\\",\\\"fileSize\\\":1324,\\\"extension\\\":\\\"cer\\\",\\\"contentType\\\":\\\".cer\\\",\\\"directory\\\":\\\"D:/ruoyi/uploadPath/tmp/2020/01/15/c73aab9d9536c84c16f83a12facd19b2.cer\\\",\\\"visitUrl\\\":\\\"/profile/tmp/2020/01/15/c73aab9d9536c84c16f83a12facd19b2.cer\\\"}2fd872b8933a4ea7bee38e1c7bd96feb{\\\"id\\\":\\\"4c1bec4ec3e840c0bd44427f5a8e0a42\\\",\\\"createTime\\\":\\\"2020-01-15 17:06:18\\\",\\\"createUserId\\\":1,\\\"updateTime\\\":null,\\\"updateUserId\\\":null,\\\"del\\\":0,\\\"remark\\\":null,\\\"params\\\":null,\\\"ids\\\":null,\\\"name\\\":\\\"acp_sdk_test.properties\\\",\\\"realName\\\":\\\"fb4bc338e92cd306a65e614d4f49da1b.properties\\\",\\\"fileSize\\\":4045,\\\"extension\\\":\\\"properties\\\",\\\"contentType\\\":\\\".properties\\\",\\\"directory\\\":\\\"D:/ruoyi/uploadPath/tmp/2020/01/15/fb4bc338e92cd306a65e614d4f49da1b.properties\\\",\\\"visitUrl\\\":\\\"/profile/tmp/2020/01/15/fb4bc338e92cd306a65e614d4f49da1b.properties\\\"}2fd872b8933a4ea7bee38e1c7bd96feb{\\\"id\\\":\\\"508a53dfbbf447de9d43ffc0689f92ef\\\",\\\"createTime\\\":\\\"2020-01-15 17:06:18\\\",\\\"createUserId\\\":1,\\\"updateTime\\\":null,\\\"updateUserId\\\":null,\\\"del\\', '{\r\n  \"msg\" : \"操作成功\",\r\n  \"code\" : 0\r\n}', 0, NULL, '2020-01-15 17:06:22');
INSERT INTO `sys_oper_log` VALUES (195, '停车场测试', 2, 'com.ruoyi.etc.toll.controller.EtcTollTestController.editSave()', 'POST', 1, 'admin', '研发部门', '/etcToll/test/edit', '127.0.0.1', '内网IP', '{\r\n  \"id\" : [ \"5ff80e6819d84d608735b91d3786adaa\" ],\r\n  \"name\" : [ \"杨先生\" ],\r\n  \"phone\" : [ \"13404151911\" ],\r\n  \"email\" : [ \"1174716220@qq.com\" ],\r\n  \"age\" : [ \"11\" ],\r\n  \"sex\" : [ \"0\" ],\r\n  \"aboutFile\" : [ \"{\\\"id\\\":\\\"1e97fbf0be5d48b38f03a9c2cd4a43f8\\\",\\\"createTime\\\":\\\"2020-01-15 17:06:30\\\",\\\"createUserId\\\":1,\\\"updateTime\\\":null,\\\"updateUserId\\\":null,\\\"del\\\":0,\\\"remark\\\":null,\\\"params\\\":null,\\\"ids\\\":null,\\\"name\\\":\\\"acp_test_root.cer\\\",\\\"realName\\\":\\\"4af2f16017a17dfa5d180f6f36dcd150.cer\\\",\\\"fileSize\\\":1324,\\\"extension\\\":\\\"cer\\\",\\\"contentType\\\":\\\".cer\\\",\\\"directory\\\":\\\"D:/ruoyi/uploadPath/tmp/2020/01/15/4af2f16017a17dfa5d180f6f36dcd150.cer\\\",\\\"visitUrl\\\":\\\"/profile/tmp/2020/01/15/4af2f16017a17dfa5d180f6f36dcd150.cer\\\"}2fd872b8933a4ea7bee38e1c7bd96feb{\\\"id\\\":\\\"84dbb6c95e4d4bb998a9a081afd952dd\\\",\\\"createTime\\\":\\\"2020-01-15 17:06:30\\\",\\\"createUserId\\\":1,\\\"updateTime\\\":null,\\\"updateUserId\\\":null,\\\"del\\\":0,\\\"remark\\\":null,\\\"params\\\":null,\\\"ids\\\":null,\\\"name\\\":\\\"acp_test_middle.cer\\\",\\\"realName\\\":\\\"cd8df27c2245cc0a37a021e63602a037.cer\\\",\\\"fileSize\\\":1402,\\\"extension\\\":\\\"cer\\\",\\\"contentType\\\":\\\".cer\\\",\\\"directory\\\":\\\"D:/ruoyi/uploadPath/tmp/2020/01/15/cd8df27c2245cc0a37a021e63602a037.cer\\\",\\\"visitUrl\\\":\\\"/profile/tmp/2020/01/15/cd8df27c2245cc0a37a021e63602a037.cer\\\"}2fd872b8933a4ea7bee38e1c7bd96feb7b1b8a04f8a94ce88c71765175a1a684,4d827f8240f148e8b71709cfa36a325e,4c1bec4ec3e840c0bd44427f5a8e0a42,508a53dfbbf447de9d43ffc0689f92ef\" ]\r\n}', 'null', 1, '\r\n### Error updating database.  Cause: java.sql.SQLIntegrityConstraintViolationException: Column \'real_name\' cannot be null\r\n### The error may involve defaultParameterMap\r\n### The error occurred while setting parameters\r\n### SQL: insert into sys_file_info         (id,create_time,create_user_id,update_time,update_user_id,del,remark,name,real_name,file_size,extension,content_type,directory,visit_url         )         values                        (             ?,             ?,             ?,             ?,             ?,             ?,             ?,             ?,             ?,             ?,             ?,             ?,             ?,             ?             )          ,              (             ?,             ?,             ?,             ?,             ?,             ?,             ?,             ?,             ?,             ?,             ?,             ?,             ?,             ?             )          ,              (             ?,             ?,             ?,             ?,             ?,             ?,             ?,             ?,             ?,             ?,             ?,             ?,             ?,             ?             )          ,              (             ?,             ?,             ?,             ?,             ?,             ?,             ?,             ?,             ?,             ?,             ?,             ?,             ?,             ?             )          ,              (             ?,             ?,             ?,             ?,             ?,             ?,             ?,             ?,             ?,             ?,             ?,             ?,             ?,             ?             )          ,              (             ?,             ?,             ?,             ?,             ?,             ?,             ?,             ?,             ?,             ?,             ?,             ?,             ?,             ?             )\r\n### Cause: java.sql.SQLIntegrityConstraintViolationException: Column \'real_name\'', '2020-01-15 17:07:13');
INSERT INTO `sys_oper_log` VALUES (196, '停车场测试', 2, 'com.ruoyi.etc.toll.controller.EtcTollTestController.editSave()', 'POST', 1, 'admin', '研发部门', '/etcToll/test/edit', '127.0.0.1', '内网IP', '{\r\n  \"id\" : [ \"5ff80e6819d84d608735b91d3786adaa\" ],\r\n  \"name\" : [ \"杨先生\" ],\r\n  \"phone\" : [ \"13404151911\" ],\r\n  \"email\" : [ \"1174716220@qq.com\" ],\r\n  \"age\" : [ \"11\" ],\r\n  \"sex\" : [ \"0\" ],\r\n  \"aboutFile\" : [ \"{\\\"id\\\":\\\"1e97fbf0be5d48b38f03a9c2cd4a43f8\\\",\\\"createTime\\\":\\\"2020-01-15 17:06:30\\\",\\\"createUserId\\\":1,\\\"updateTime\\\":null,\\\"updateUserId\\\":null,\\\"del\\\":0,\\\"remark\\\":null,\\\"params\\\":null,\\\"ids\\\":null,\\\"name\\\":\\\"acp_test_root.cer\\\",\\\"realName\\\":\\\"4af2f16017a17dfa5d180f6f36dcd150.cer\\\",\\\"fileSize\\\":1324,\\\"extension\\\":\\\"cer\\\",\\\"contentType\\\":\\\".cer\\\",\\\"directory\\\":\\\"D:/ruoyi/uploadPath/tmp/2020/01/15/4af2f16017a17dfa5d180f6f36dcd150.cer\\\",\\\"visitUrl\\\":\\\"/profile/tmp/2020/01/15/4af2f16017a17dfa5d180f6f36dcd150.cer\\\"}2fd872b8933a4ea7bee38e1c7bd96feb{\\\"id\\\":\\\"84dbb6c95e4d4bb998a9a081afd952dd\\\",\\\"createTime\\\":\\\"2020-01-15 17:06:30\\\",\\\"createUserId\\\":1,\\\"updateTime\\\":null,\\\"updateUserId\\\":null,\\\"del\\\":0,\\\"remark\\\":null,\\\"params\\\":null,\\\"ids\\\":null,\\\"name\\\":\\\"acp_test_middle.cer\\\",\\\"realName\\\":\\\"cd8df27c2245cc0a37a021e63602a037.cer\\\",\\\"fileSize\\\":1402,\\\"extension\\\":\\\"cer\\\",\\\"contentType\\\":\\\".cer\\\",\\\"directory\\\":\\\"D:/ruoyi/uploadPath/tmp/2020/01/15/cd8df27c2245cc0a37a021e63602a037.cer\\\",\\\"visitUrl\\\":\\\"/profile/tmp/2020/01/15/cd8df27c2245cc0a37a021e63602a037.cer\\\"}2fd872b8933a4ea7bee38e1c7bd96feb7b1b8a04f8a94ce88c71765175a1a684,4d827f8240f148e8b71709cfa36a325e,4c1bec4ec3e840c0bd44427f5a8e0a42,508a53dfbbf447de9d43ffc0689f92ef\" ]\r\n}', 'null', 1, '\r\n### Error updating database.  Cause: java.sql.SQLIntegrityConstraintViolationException: Column \'real_name\' cannot be null\r\n### The error may involve defaultParameterMap\r\n### The error occurred while setting parameters\r\n### SQL: insert into sys_file_info         (id,create_time,create_user_id,update_time,update_user_id,del,remark,name,real_name,file_size,extension,content_type,directory,visit_url         )         values                        (             ?,             ?,             ?,             ?,             ?,             ?,             ?,             ?,             ?,             ?,             ?,             ?,             ?,             ?             )          ,              (             ?,             ?,             ?,             ?,             ?,             ?,             ?,             ?,             ?,             ?,             ?,             ?,             ?,             ?             )          ,              (             ?,             ?,             ?,             ?,             ?,             ?,             ?,             ?,             ?,             ?,             ?,             ?,             ?,             ?             )          ,              (             ?,             ?,             ?,             ?,             ?,             ?,             ?,             ?,             ?,             ?,             ?,             ?,             ?,             ?             )          ,              (             ?,             ?,             ?,             ?,             ?,             ?,             ?,             ?,             ?,             ?,             ?,             ?,             ?,             ?             )          ,              (             ?,             ?,             ?,             ?,             ?,             ?,             ?,             ?,             ?,             ?,             ?,             ?,             ?,             ?             )\r\n### Cause: java.sql.SQLIntegrityConstraintViolationException: Column \'real_name\'', '2020-01-15 17:08:17');
INSERT INTO `sys_oper_log` VALUES (197, '停车场测试', 2, 'com.ruoyi.etc.toll.controller.EtcTollTestController.editSave()', 'POST', 1, 'admin', '研发部门', '/etcToll/test/edit', '127.0.0.1', '内网IP', '{\r\n  \"id\" : [ \"5ff80e6819d84d608735b91d3786adaa\" ],\r\n  \"name\" : [ \"杨先生\" ],\r\n  \"phone\" : [ \"13404151911\" ],\r\n  \"email\" : [ \"1174716220@qq.com\" ],\r\n  \"age\" : [ \"11\" ],\r\n  \"sex\" : [ \"0\" ],\r\n  \"aboutFile\" : [ \"{\\\"id\\\":\\\"1e97fbf0be5d48b38f03a9c2cd4a43f8\\\",\\\"createTime\\\":\\\"2020-01-15 17:06:30\\\",\\\"createUserId\\\":1,\\\"updateTime\\\":null,\\\"updateUserId\\\":null,\\\"del\\\":0,\\\"remark\\\":null,\\\"params\\\":null,\\\"ids\\\":null,\\\"name\\\":\\\"acp_test_root.cer\\\",\\\"realName\\\":\\\"4af2f16017a17dfa5d180f6f36dcd150.cer\\\",\\\"fileSize\\\":1324,\\\"extension\\\":\\\"cer\\\",\\\"contentType\\\":\\\".cer\\\",\\\"directory\\\":\\\"D:/ruoyi/uploadPath/tmp/2020/01/15/4af2f16017a17dfa5d180f6f36dcd150.cer\\\",\\\"visitUrl\\\":\\\"/profile/tmp/2020/01/15/4af2f16017a17dfa5d180f6f36dcd150.cer\\\"}2fd872b8933a4ea7bee38e1c7bd96feb{\\\"id\\\":\\\"84dbb6c95e4d4bb998a9a081afd952dd\\\",\\\"createTime\\\":\\\"2020-01-15 17:06:30\\\",\\\"createUserId\\\":1,\\\"updateTime\\\":null,\\\"updateUserId\\\":null,\\\"del\\\":0,\\\"remark\\\":null,\\\"params\\\":null,\\\"ids\\\":null,\\\"name\\\":\\\"acp_test_middle.cer\\\",\\\"realName\\\":\\\"cd8df27c2245cc0a37a021e63602a037.cer\\\",\\\"fileSize\\\":1402,\\\"extension\\\":\\\"cer\\\",\\\"contentType\\\":\\\".cer\\\",\\\"directory\\\":\\\"D:/ruoyi/uploadPath/tmp/2020/01/15/cd8df27c2245cc0a37a021e63602a037.cer\\\",\\\"visitUrl\\\":\\\"/profile/tmp/2020/01/15/cd8df27c2245cc0a37a021e63602a037.cer\\\"}2fd872b8933a4ea7bee38e1c7bd96feb7b1b8a04f8a94ce88c71765175a1a684,4d827f8240f148e8b71709cfa36a325e,4c1bec4ec3e840c0bd44427f5a8e0a42,508a53dfbbf447de9d43ffc0689f92ef\" ]\r\n}', 'null', 1, '\r\n### Error updating database.  Cause: java.sql.SQLIntegrityConstraintViolationException: Column \'real_name\' cannot be null\r\n### The error may involve defaultParameterMap\r\n### The error occurred while setting parameters\r\n### SQL: insert into sys_file_info         (id,create_time,create_user_id,update_time,update_user_id,del,remark,name,real_name,file_size,extension,content_type,directory,visit_url         )         values                        (             ?,             ?,             ?,             ?,             ?,             ?,             ?,             ?,             ?,             ?,             ?,             ?,             ?,             ?             )          ,              (             ?,             ?,             ?,             ?,             ?,             ?,             ?,             ?,             ?,             ?,             ?,             ?,             ?,             ?             )          ,              (             ?,             ?,             ?,             ?,             ?,             ?,             ?,             ?,             ?,             ?,             ?,             ?,             ?,             ?             )          ,              (             ?,             ?,             ?,             ?,             ?,             ?,             ?,             ?,             ?,             ?,             ?,             ?,             ?,             ?             )          ,              (             ?,             ?,             ?,             ?,             ?,             ?,             ?,             ?,             ?,             ?,             ?,             ?,             ?,             ?             )          ,              (             ?,             ?,             ?,             ?,             ?,             ?,             ?,             ?,             ?,             ?,             ?,             ?,             ?,             ?             )\r\n### Cause: java.sql.SQLIntegrityConstraintViolationException: Column \'real_name\'', '2020-01-15 17:12:09');
INSERT INTO `sys_oper_log` VALUES (198, '停车场测试', 2, 'com.ruoyi.etc.toll.controller.EtcTollTestController.editSave()', 'POST', 1, 'admin', '研发部门', '/etcToll/test/edit', '127.0.0.1', '内网IP', '{\r\n  \"id\" : [ \"5ff80e6819d84d608735b91d3786adaa\" ],\r\n  \"name\" : [ \"杨先生\" ],\r\n  \"phone\" : [ \"13404151911\" ],\r\n  \"email\" : [ \"1174716220@qq.com\" ],\r\n  \"age\" : [ \"11\" ],\r\n  \"sex\" : [ \"0\" ],\r\n  \"aboutFile\" : [ \"{\\\"id\\\":\\\"c62ff40a40d6463c82f52a59290448ec\\\",\\\"createTime\\\":\\\"2020-01-15 17:12:49\\\",\\\"createUserId\\\":1,\\\"updateTime\\\":null,\\\"updateUserId\\\":null,\\\"del\\\":0,\\\"remark\\\":null,\\\"params\\\":null,\\\"ids\\\":null,\\\"name\\\":\\\"acp_test_middle.cer\\\",\\\"realName\\\":\\\"1d6a31145ccb08fe10c1368b49588410.cer\\\",\\\"fileSize\\\":1402,\\\"extension\\\":\\\"cer\\\",\\\"contentType\\\":\\\".cer\\\",\\\"directory\\\":\\\"D:/ruoyi/uploadPath/tmp/2020/01/15/1d6a31145ccb08fe10c1368b49588410.cer\\\",\\\"visitUrl\\\":\\\"/profile/tmp/2020/01/15/1d6a31145ccb08fe10c1368b49588410.cer\\\"}2fd872b8933a4ea7bee38e1c7bd96feb{\\\"id\\\":\\\"bcd1010996e3461cae1806015339d90b\\\",\\\"createTime\\\":\\\"2020-01-15 17:12:49\\\",\\\"createUserId\\\":1,\\\"updateTime\\\":null,\\\"updateUserId\\\":null,\\\"del\\\":0,\\\"remark\\\":null,\\\"params\\\":null,\\\"ids\\\":null,\\\"name\\\":\\\"acp_test_enc.cer\\\",\\\"realName\\\":\\\"97bda3cc2dca2c58f633c897c42f15ae.cer\\\",\\\"fileSize\\\":1564,\\\"extension\\\":\\\"cer\\\",\\\"contentType\\\":\\\".cer\\\",\\\"directory\\\":\\\"D:/ruoyi/uploadPath/tmp/2020/01/15/97bda3cc2dca2c58f633c897c42f15ae.cer\\\",\\\"visitUrl\\\":\\\"/profile/tmp/2020/01/15/97bda3cc2dca2c58f633c897c42f15ae.cer\\\"}2fd872b8933a4ea7bee38e1c7bd96feb7b1b8a04f8a94ce88c71765175a1a684,4d827f8240f148e8b71709cfa36a325e,4c1bec4ec3e840c0bd44427f5a8e0a42,508a53dfbbf447de9d43ffc0689f92ef\" ]\r\n}', 'null', 1, '\r\n### Error updating database.  Cause: java.sql.SQLIntegrityConstraintViolationException: Column \'visit_url\' cannot be null\r\n### The error may involve defaultParameterMap\r\n### The error occurred while setting parameters\r\n### SQL: insert into sys_file_info         (id,create_time,create_user_id,update_time,update_user_id,del,remark,name,real_name,file_size,extension,content_type,directory,visit_url         )         values                        (             ?,             ?,             ?,             ?,             ?,             ?,             ?,             ?,             ?,             ?,             ?,             ?,             ?,             ?             )          ,              (             ?,             ?,             ?,             ?,             ?,             ?,             ?,             ?,             ?,             ?,             ?,             ?,             ?,             ?             )          ,              (             ?,             ?,             ?,             ?,             ?,             ?,             ?,             ?,             ?,             ?,             ?,             ?,             ?,             ?             )          ,              (             ?,             ?,             ?,             ?,             ?,             ?,             ?,             ?,             ?,             ?,             ?,             ?,             ?,             ?             )          ,              (             ?,             ?,             ?,             ?,             ?,             ?,             ?,             ?,             ?,             ?,             ?,             ?,             ?,             ?             )          ,              (             ?,             ?,             ?,             ?,             ?,             ?,             ?,             ?,             ?,             ?,             ?,             ?,             ?,             ?             )\r\n### Cause: java.sql.SQLIntegrityConstraintViolationException: Column \'visit_url\'', '2020-01-15 17:13:07');
INSERT INTO `sys_oper_log` VALUES (199, '停车场测试', 2, 'com.ruoyi.etc.toll.controller.EtcTollTestController.editSave()', 'POST', 1, 'admin', '研发部门', '/etcToll/test/edit', '127.0.0.1', '内网IP', '{\r\n  \"id\" : [ \"5ff80e6819d84d608735b91d3786adaa\" ],\r\n  \"name\" : [ \"杨先生\" ],\r\n  \"phone\" : [ \"13404151911\" ],\r\n  \"email\" : [ \"1174716220@qq.com\" ],\r\n  \"age\" : [ \"11\" ],\r\n  \"sex\" : [ \"0\" ],\r\n  \"aboutFile\" : [ \"{\\\"id\\\":\\\"e2639a60acac4bb587eade94556a73f8\\\",\\\"createTime\\\":\\\"2020-01-15 17:15:57\\\",\\\"createUserId\\\":1,\\\"updateTime\\\":null,\\\"updateUserId\\\":null,\\\"del\\\":0,\\\"remark\\\":null,\\\"params\\\":null,\\\"ids\\\":null,\\\"name\\\":\\\"acp_test_enc.cer\\\",\\\"realName\\\":\\\"9ba3c9bc1766ae5be7dc1ea9c0399dec.cer\\\",\\\"fileSize\\\":1564,\\\"extension\\\":\\\"cer\\\",\\\"contentType\\\":\\\".cer\\\",\\\"directory\\\":\\\"D:/ruoyi/uploadPath/tmp/2020/01/15/9ba3c9bc1766ae5be7dc1ea9c0399dec.cer\\\",\\\"visitUrl\\\":\\\"/profile/tmp/2020/01/15/9ba3c9bc1766ae5be7dc1ea9c0399dec.cer\\\"}2fd872b8933a4ea7bee38e1c7bd96feb{\\\"id\\\":\\\"cfdbe1ebfb6e4987bc2bf02d472536cc\\\",\\\"createTime\\\":\\\"2020-01-15 17:15:57\\\",\\\"createUserId\\\":1,\\\"updateTime\\\":null,\\\"updateUserId\\\":null,\\\"del\\\":0,\\\"remark\\\":null,\\\"params\\\":null,\\\"ids\\\":null,\\\"name\\\":\\\"acp_test_middle.cer\\\",\\\"realName\\\":\\\"8ac7c389b76d62389699b77341b40a47.cer\\\",\\\"fileSize\\\":1402,\\\"extension\\\":\\\"cer\\\",\\\"contentType\\\":\\\".cer\\\",\\\"directory\\\":\\\"D:/ruoyi/uploadPath/tmp/2020/01/15/8ac7c389b76d62389699b77341b40a47.cer\\\",\\\"visitUrl\\\":\\\"/profile/tmp/2020/01/15/8ac7c389b76d62389699b77341b40a47.cer\\\"}2fd872b8933a4ea7bee38e1c7bd96feb7b1b8a04f8a94ce88c71765175a1a684,4d827f8240f148e8b71709cfa36a325e,4c1bec4ec3e840c0bd44427f5a8e0a42,508a53dfbbf447de9d43ffc0689f92ef\" ]\r\n}', 'null', 1, '\r\n### Error updating database.  Cause: java.sql.SQLIntegrityConstraintViolationException: Duplicate entry \'4c1bec4ec3e840c0bd44427f5a8e0a42\' for key \'PRIMARY\'\r\n### The error may involve defaultParameterMap\r\n### The error occurred while setting parameters\r\n### SQL: insert into sys_file_info         (id,create_time,create_user_id,update_time,update_user_id,del,remark,name,real_name,file_size,extension,content_type,directory,visit_url         )         values                        (             ?,             ?,             ?,             ?,             ?,             ?,             ?,             ?,             ?,             ?,             ?,             ?,             ?,             ?             )          ,              (             ?,             ?,             ?,             ?,             ?,             ?,             ?,             ?,             ?,             ?,             ?,             ?,             ?,             ?             )          ,              (             ?,             ?,             ?,             ?,             ?,             ?,             ?,             ?,             ?,             ?,             ?,             ?,             ?,             ?             )          ,              (             ?,             ?,             ?,             ?,             ?,             ?,             ?,             ?,             ?,             ?,             ?,             ?,             ?,             ?             )          ,              (             ?,             ?,             ?,             ?,             ?,             ?,             ?,             ?,             ?,             ?,             ?,             ?,             ?,             ?             )          ,              (             ?,             ?,             ?,             ?,             ?,             ?,             ?,             ?,             ?,             ?,             ?,             ?,             ?,             ?             )\r\n### Cause: java.sql.SQLIntegrityConstraintVio', '2020-01-15 17:16:04');
INSERT INTO `sys_oper_log` VALUES (200, '停车场测试', 2, 'com.ruoyi.etc.toll.controller.EtcTollTestController.editSave()', 'POST', 1, 'admin', '研发部门', '/etcToll/test/edit', '127.0.0.1', '内网IP', '{\r\n  \"id\" : [ \"5ff80e6819d84d608735b91d3786adaa\" ],\r\n  \"name\" : [ \"杨先生\" ],\r\n  \"phone\" : [ \"13404151911\" ],\r\n  \"email\" : [ \"1174716220@qq.com\" ],\r\n  \"age\" : [ \"11\" ],\r\n  \"sex\" : [ \"0\" ],\r\n  \"aboutFile\" : [ \"{\\\"id\\\":\\\"e043f43589b34e63a271edc87d6e6597\\\",\\\"createTime\\\":\\\"2020-01-15 17:19:34\\\",\\\"createUserId\\\":1,\\\"updateTime\\\":null,\\\"updateUserId\\\":null,\\\"del\\\":0,\\\"remark\\\":null,\\\"params\\\":null,\\\"ids\\\":null,\\\"name\\\":\\\"777290058175949_acp_sign.pfx\\\",\\\"realName\\\":\\\"e3122754d757c6818a4f8e5673f43924.pfx\\\",\\\"fileSize\\\":5026,\\\"extension\\\":\\\"pfx\\\",\\\"contentType\\\":\\\".pfx\\\",\\\"directory\\\":\\\"D:/ruoyi/uploadPath/tmp/2020/01/15/e3122754d757c6818a4f8e5673f43924.pfx\\\",\\\"visitUrl\\\":\\\"/profile/tmp/2020/01/15/e3122754d757c6818a4f8e5673f43924.pfx\\\"}2fd872b8933a4ea7bee38e1c7bd96feb{\\\"id\\\":\\\"de40803f5b2740daa472c790ac435672\\\",\\\"createTime\\\":\\\"2020-01-15 17:19:34\\\",\\\"createUserId\\\":1,\\\"updateTime\\\":null,\\\"updateUserId\\\":null,\\\"del\\\":0,\\\"remark\\\":null,\\\"params\\\":null,\\\"ids\\\":null,\\\"name\\\":\\\"777290058175356_acp_sign.pfx\\\",\\\"realName\\\":\\\"5493354fc47473b492a0becfdc451a9a.pfx\\\",\\\"fileSize\\\":5026,\\\"extension\\\":\\\"pfx\\\",\\\"contentType\\\":\\\".pfx\\\",\\\"directory\\\":\\\"D:/ruoyi/uploadPath/tmp/2020/01/15/5493354fc47473b492a0becfdc451a9a.pfx\\\",\\\"visitUrl\\\":\\\"/profile/tmp/2020/01/15/5493354fc47473b492a0becfdc451a9a.pfx\\\"}2fd872b8933a4ea7bee38e1c7bd96feb{\\\"id\\\":\\\"6d1ff6065d12495183b9fd882c8dd82f\\\",\\\"createTime\\\":\\\"2020-01-15 17:19:34\\\",\\\"createUserId\\\":1,\\\"updateTime\\\":null,\\\"updateUserId\\\":null,\\\"del\\\":0,\\\"remark\\\":null,\\\"params\\\":null,\\\"ids\\\":null,\\\"name\\\":\\\"acp_sdk_test.properties\\\",\\\"realName\\\":\\\"58ec2e72b2c4e03427234c7bf64620b9.properties\\\",\\\"fileSize\\\":4045,\\\"extension\\\":\\\"properties\\\",\\\"contentType\\\":\\\".properties\\\",\\\"directory\\\":\\\"D:/ruoyi/uploadPath/tmp/2020/01/15/58ec2e72b2c4e03427234c7bf64620b9.properties\\\",\\\"visitUrl\\\":\\\"/profile/tmp/2020/01/15/58ec2e72b2c4e03427234c7bf64620b9.properties\\\"}2fd872b8933a4ea7bee38e1c7bd96feb7b1b8a04f8a94ce88c71765175a1a684,4d827f8240f148e8b71709cfa36a325e,4c1bec4ec3e840c', '{\r\n  \"msg\" : \"操作成功\",\r\n  \"code\" : 0\r\n}', 0, NULL, '2020-01-15 17:20:11');
INSERT INTO `sys_oper_log` VALUES (201, '停车场测试', 2, 'com.ruoyi.etc.toll.controller.EtcTollTestController.editSave()', 'POST', 1, 'admin', '研发部门', '/etcToll/test/edit', '127.0.0.1', '内网IP', '{\r\n  \"id\" : [ \"5ff80e6819d84d608735b91d3786adaa\" ],\r\n  \"name\" : [ \"杨先生\" ],\r\n  \"phone\" : [ \"13404151911\" ],\r\n  \"email\" : [ \"1174716220@qq.com\" ],\r\n  \"age\" : [ \"11\" ],\r\n  \"sex\" : [ \"0\" ],\r\n  \"aboutFile\" : [ \"{\\\"id\\\":\\\"16111ea6c78d4845989cd3cbf3f896e1\\\",\\\"createTime\\\":\\\"2020-01-16 09:57:32\\\",\\\"createUserId\\\":1,\\\"updateTime\\\":null,\\\"updateUserId\\\":null,\\\"del\\\":0,\\\"remark\\\":null,\\\"params\\\":null,\\\"ids\\\":null,\\\"name\\\":\\\"777290058175949_acp_sign.pfx\\\",\\\"realName\\\":\\\"3a170aa18a277aea24a65d8268ccba7b.pfx\\\",\\\"fileSize\\\":5026,\\\"extension\\\":\\\"pfx\\\",\\\"contentType\\\":\\\".pfx\\\",\\\"directory\\\":\\\"D:/ruoyi/uploadPath/tmp/2020/01/16/3a170aa18a277aea24a65d8268ccba7b.pfx\\\",\\\"visitUrl\\\":\\\"/profile/tmp/2020/01/16/3a170aa18a277aea24a65d8268ccba7b.pfx\\\"}2fd872b8933a4ea7bee38e1c7bd96febe043f43589b34e63a271edc87d6e6597,de40803f5b2740daa472c790ac435672,6d1ff6065d12495183b9fd882c8dd82f,97d83642944f4837ab577a596f33e1fe,461463d818af44fda4b0d9e3433d38ad,358b7b0db56e48ac908ba764f3b4d095,cf8164d4e1884a368b6798df9b7a0393\" ]\r\n}', '{\r\n  \"msg\" : \"操作成功\",\r\n  \"code\" : 0\r\n}', 0, NULL, '2020-01-16 09:57:48');
INSERT INTO `sys_oper_log` VALUES (202, '停车场测试', 3, 'com.ruoyi.etc.toll.controller.EtcTollTestController.remove()', 'POST', 1, 'admin', '研发部门', '/etcToll/test/remove', '127.0.0.1', '内网IP', '{\r\n  \"ids\" : [ \"5ff80e6819d84d608735b91d3786adaa\" ]\r\n}', '{\r\n  \"msg\" : \"操作成功\",\r\n  \"code\" : 0\r\n}', 0, NULL, '2020-01-16 10:06:11');
INSERT INTO `sys_oper_log` VALUES (203, '停车场测试', 1, 'com.ruoyi.etc.toll.controller.EtcTollTestController.addSave()', 'POST', 1, 'admin', '研发部门', '/etcToll/test/add', '127.0.0.1', '内网IP', '{\r\n  \"name\" : [ \"杨先生\" ],\r\n  \"phone\" : [ \"13404151911\" ],\r\n  \"email\" : [ \"1174716221@qq.com\" ],\r\n  \"age\" : [ \"11\" ],\r\n  \"sex\" : [ \"0\" ],\r\n  \"aboutFile\" : [ \"{\\\"id\\\":\\\"236bef38f4024b52bfebac80f31b27b0\\\",\\\"createTime\\\":\\\"2020-01-16 10:06:20\\\",\\\"createUserId\\\":1,\\\"updateTime\\\":null,\\\"updateUserId\\\":null,\\\"del\\\":0,\\\"remark\\\":null,\\\"params\\\":null,\\\"ids\\\":null,\\\"name\\\":\\\"777290058110097_acp_sign.pfx\\\",\\\"realName\\\":\\\"c25d9a416408c95db45f0fa3ade82b3b.pfx\\\",\\\"fileSize\\\":2898,\\\"extension\\\":\\\"pfx\\\",\\\"contentType\\\":\\\".pfx\\\",\\\"directory\\\":\\\"D:/ruoyi/uploadPath/tmp/2020/01/16/c25d9a416408c95db45f0fa3ade82b3b.pfx\\\",\\\"visitUrl\\\":\\\"/profile/tmp/2020/01/16/c25d9a416408c95db45f0fa3ade82b3b.pfx\\\"}2fd872b8933a4ea7bee38e1c7bd96feb{\\\"id\\\":\\\"fa8fe2be4c0b420fa27aa298612cd74e\\\",\\\"createTime\\\":\\\"2020-01-16 10:06:20\\\",\\\"createUserId\\\":1,\\\"updateTime\\\":null,\\\"updateUserId\\\":null,\\\"del\\\":0,\\\"remark\\\":null,\\\"params\\\":null,\\\"ids\\\":null,\\\"name\\\":\\\"acp_sdk_test.properties\\\",\\\"realName\\\":\\\"ee1b2b9ab784a19a299c17fba2d520ea.properties\\\",\\\"fileSize\\\":4045,\\\"extension\\\":\\\"properties\\\",\\\"contentType\\\":\\\".properties\\\",\\\"directory\\\":\\\"D:/ruoyi/uploadPath/tmp/2020/01/16/ee1b2b9ab784a19a299c17fba2d520ea.properties\\\",\\\"visitUrl\\\":\\\"/profile/tmp/2020/01/16/ee1b2b9ab784a19a299c17fba2d520ea.properties\\\"}2fd872b8933a4ea7bee38e1c7bd96feb{\\\"id\\\":\\\"6e338fce4963450f8b5316239c0bcfd9\\\",\\\"createTime\\\":\\\"2020-01-16 10:06:20\\\",\\\"createUserId\\\":1,\\\"updateTime\\\":null,\\\"updateUserId\\\":null,\\\"del\\\":0,\\\"remark\\\":null,\\\"params\\\":null,\\\"ids\\\":null,\\\"name\\\":\\\"777290058175949_acp_sign.pfx\\\",\\\"realName\\\":\\\"cce5700516d2dd49d117c938b72553f6.pfx\\\",\\\"fileSize\\\":5026,\\\"extension\\\":\\\"pfx\\\",\\\"contentType\\\":\\\".pfx\\\",\\\"directory\\\":\\\"D:/ruoyi/uploadPath/tmp/2020/01/16/cce5700516d2dd49d117c938b72553f6.pfx\\\",\\\"visitUrl\\\":\\\"/profile/tmp/2020/01/16/cce5700516d2dd49d117c938b72553f6.pfx\\\"}2fd872b8933a4ea7bee38e1c7bd96feb{\\\"id\\\":\\\"520bb3e11541472d99a2cf95a6991a63\\\",\\\"createTime\\\":\\\"2020-01-16 10:06:20\\\",\\\"createUserId\\\":1,\\\"updateTime\\\":null,\\\"update', '{\r\n  \"msg\" : \"操作成功\",\r\n  \"code\" : 0\r\n}', 0, NULL, '2020-01-16 10:06:48');
INSERT INTO `sys_oper_log` VALUES (204, '停车场测试', 2, 'com.ruoyi.etc.toll.controller.EtcTollTestController.editSave()', 'POST', 1, 'admin', '研发部门', '/etcToll/test/edit', '127.0.0.1', '内网IP', '{\r\n  \"id\" : [ \"4c0aff52242c4ffc9ee7b86efc77d27f\" ],\r\n  \"name\" : [ \"杨先生\" ],\r\n  \"phone\" : [ \"13404151911\" ],\r\n  \"email\" : [ \"1174716221@qq.com\" ],\r\n  \"age\" : [ \"11\" ],\r\n  \"sex\" : [ \"0\" ],\r\n  \"aboutFile\" : [ \"{\\\"id\\\":\\\"a9515b4af0384776becd6d2e5a4f7158\\\",\\\"createTime\\\":\\\"2020-01-16 10:08:09\\\",\\\"createUserId\\\":1,\\\"updateTime\\\":null,\\\"updateUserId\\\":null,\\\"del\\\":0,\\\"remark\\\":null,\\\"params\\\":null,\\\"ids\\\":null,\\\"name\\\":\\\"acp_test_middle.cer\\\",\\\"realName\\\":\\\"2bf2128a5c5156582353a4c16352a3a3.cer\\\",\\\"fileSize\\\":1402,\\\"extension\\\":\\\"cer\\\",\\\"contentType\\\":\\\".cer\\\",\\\"directory\\\":\\\"D:/ruoyi/uploadPath/tmp/2020/01/16/2bf2128a5c5156582353a4c16352a3a3.cer\\\",\\\"visitUrl\\\":\\\"/profile/tmp/2020/01/16/2bf2128a5c5156582353a4c16352a3a3.cer\\\"}2fd872b8933a4ea7bee38e1c7bd96feb{\\\"id\\\":\\\"248a3506c7cd470899653ba1d3dce0df\\\",\\\"createTime\\\":\\\"2020-01-16 10:08:09\\\",\\\"createUserId\\\":1,\\\"updateTime\\\":null,\\\"updateUserId\\\":null,\\\"del\\\":0,\\\"remark\\\":null,\\\"params\\\":null,\\\"ids\\\":null,\\\"name\\\":\\\"acp_test_root.cer\\\",\\\"realName\\\":\\\"ed8d36d0a7f180ef572da0e9c6539d22.cer\\\",\\\"fileSize\\\":1324,\\\"extension\\\":\\\"cer\\\",\\\"contentType\\\":\\\".cer\\\",\\\"directory\\\":\\\"D:/ruoyi/uploadPath/tmp/2020/01/16/ed8d36d0a7f180ef572da0e9c6539d22.cer\\\",\\\"visitUrl\\\":\\\"/profile/tmp/2020/01/16/ed8d36d0a7f180ef572da0e9c6539d22.cer\\\"}2fd872b8933a4ea7bee38e1c7bd96feb236bef38f4024b52bfebac80f31b27b0,fa8fe2be4c0b420fa27aa298612cd74e,6e338fce4963450f8b5316239c0bcfd9,520bb3e11541472d99a2cf95a6991a63\" ]\r\n}', '{\r\n  \"msg\" : \"操作成功\",\r\n  \"code\" : 0\r\n}', 0, NULL, '2020-01-16 10:08:48');
INSERT INTO `sys_oper_log` VALUES (205, '停车场测试', 3, 'com.ruoyi.etc.toll.controller.EtcTollTestController.remove()', 'POST', 1, 'admin', '研发部门', '/etcToll/test/remove', '127.0.0.1', '内网IP', '{\r\n  \"ids\" : [ \"4c0aff52242c4ffc9ee7b86efc77d27f\" ]\r\n}', '{\r\n  \"msg\" : \"操作成功\",\r\n  \"code\" : 0\r\n}', 0, NULL, '2020-01-16 10:09:22');
INSERT INTO `sys_oper_log` VALUES (206, '停车场测试', 1, 'com.ruoyi.etc.toll.controller.EtcTollTestController.addSave()', 'POST', 1, 'admin', '研发部门', '/etcToll/test/add', '127.0.0.1', '内网IP', '{\r\n  \"name\" : [ \"杨先生\" ],\r\n  \"phone\" : [ \"13404151911\" ],\r\n  \"email\" : [ \"1174716220@qq.com\" ],\r\n  \"age\" : [ \"11\" ],\r\n  \"sex\" : [ \"0\" ],\r\n  \"aboutFile\" : [ \"{\\\"id\\\":\\\"df7e4979bf6642bcbf5a3d75667fccb3\\\",\\\"createTime\\\":\\\"2020-01-16 10:09:29\\\",\\\"createUserId\\\":1,\\\"updateTime\\\":null,\\\"updateUserId\\\":null,\\\"del\\\":0,\\\"remark\\\":null,\\\"params\\\":null,\\\"ids\\\":null,\\\"name\\\":\\\"acp_sdk_test.properties\\\",\\\"realName\\\":\\\"95a4d74c5730cdc4721e8ba00590813a.properties\\\",\\\"fileSize\\\":4045,\\\"extension\\\":\\\"properties\\\",\\\"contentType\\\":\\\".properties\\\",\\\"directory\\\":\\\"D:/ruoyi/uploadPath/tmp/2020/01/16/95a4d74c5730cdc4721e8ba00590813a.properties\\\",\\\"visitUrl\\\":\\\"/profile/tmp/2020/01/16/95a4d74c5730cdc4721e8ba00590813a.properties\\\"}2fd872b8933a4ea7bee38e1c7bd96feb{\\\"id\\\":\\\"2c3b7bdc2828424fbe4cfe84599ee9c3\\\",\\\"createTime\\\":\\\"2020-01-16 10:09:29\\\",\\\"createUserId\\\":1,\\\"updateTime\\\":null,\\\"updateUserId\\\":null,\\\"del\\\":0,\\\"remark\\\":null,\\\"params\\\":null,\\\"ids\\\":null,\\\"name\\\":\\\"777290058175949_acp_sign.pfx\\\",\\\"realName\\\":\\\"a41c68c561bf5855b8a99f528c56179f.pfx\\\",\\\"fileSize\\\":5026,\\\"extension\\\":\\\"pfx\\\",\\\"contentType\\\":\\\".pfx\\\",\\\"directory\\\":\\\"D:/ruoyi/uploadPath/tmp/2020/01/16/a41c68c561bf5855b8a99f528c56179f.pfx\\\",\\\"visitUrl\\\":\\\"/profile/tmp/2020/01/16/a41c68c561bf5855b8a99f528c56179f.pfx\\\"}2fd872b8933a4ea7bee38e1c7bd96feb{\\\"id\\\":\\\"c7bd6ce63866476cb97e417dd7612d01\\\",\\\"createTime\\\":\\\"2020-01-16 10:09:29\\\",\\\"createUserId\\\":1,\\\"updateTime\\\":null,\\\"updateUserId\\\":null,\\\"del\\\":0,\\\"remark\\\":null,\\\"params\\\":null,\\\"ids\\\":null,\\\"name\\\":\\\"acp_test_middle.cer\\\",\\\"realName\\\":\\\"3f9399b70497088ed851724c80306ef9.cer\\\",\\\"fileSize\\\":1402,\\\"extension\\\":\\\"cer\\\",\\\"contentType\\\":\\\".cer\\\",\\\"directory\\\":\\\"D:/ruoyi/uploadPath/tmp/2020/01/16/3f9399b70497088ed851724c80306ef9.cer\\\",\\\"visitUrl\\\":\\\"/profile/tmp/2020/01/16/3f9399b70497088ed851724c80306ef9.cer\\\"}2fd872b8933a4ea7bee38e1c7bd96feb{\\\"id\\\":\\\"3511d566a03040e2ac4d7f46f4764b6a\\\",\\\"createTime\\\":\\\"2020-01-16 10:09:29\\\",\\\"createUserId\\\":1,\\\"updateTime\\\":null,\\\"updateUserId\\\":', '{\r\n  \"msg\" : \"操作成功\",\r\n  \"code\" : 0\r\n}', 0, NULL, '2020-01-16 10:09:36');
INSERT INTO `sys_oper_log` VALUES (207, '停车场测试', 2, 'com.ruoyi.etc.toll.controller.EtcTollTestController.editSave()', 'POST', 1, 'admin', '研发部门', '/etcToll/test/edit', '127.0.0.1', '内网IP', '{\r\n  \"id\" : [ \"cc9d8be098ba46c28d6d312a8bc6ef4c\" ],\r\n  \"name\" : [ \"杨先生\" ],\r\n  \"phone\" : [ \"13404151911\" ],\r\n  \"email\" : [ \"1174716220@qq.com\" ],\r\n  \"age\" : [ \"11\" ],\r\n  \"sex\" : [ \"0\" ],\r\n  \"aboutFile\" : [ \"{\\\"id\\\":\\\"a8f6cfc1b96d4bb28c8c9170848756aa\\\",\\\"createTime\\\":\\\"2020-01-16 10:10:04\\\",\\\"createUserId\\\":1,\\\"updateTime\\\":null,\\\"updateUserId\\\":null,\\\"del\\\":0,\\\"remark\\\":null,\\\"params\\\":null,\\\"ids\\\":null,\\\"name\\\":\\\"acp_sdk_test.properties\\\",\\\"realName\\\":\\\"62ceb15cab86fbc6dd623de3a9ec84c7.properties\\\",\\\"fileSize\\\":4045,\\\"extension\\\":\\\"properties\\\",\\\"contentType\\\":\\\".properties\\\",\\\"directory\\\":\\\"D:/ruoyi/uploadPath/tmp/2020/01/16/62ceb15cab86fbc6dd623de3a9ec84c7.properties\\\",\\\"visitUrl\\\":\\\"/profile/tmp/2020/01/16/62ceb15cab86fbc6dd623de3a9ec84c7.properties\\\"}2fd872b8933a4ea7bee38e1c7bd96febdf7e4979bf6642bcbf5a3d75667fccb3,2c3b7bdc2828424fbe4cfe84599ee9c3,c7bd6ce63866476cb97e417dd7612d01,3511d566a03040e2ac4d7f46f4764b6a\" ]\r\n}', '{\r\n  \"msg\" : \"操作成功\",\r\n  \"code\" : 0\r\n}', 0, NULL, '2020-01-16 10:12:07');
INSERT INTO `sys_oper_log` VALUES (208, '停车场测试', 1, 'com.ruoyi.etc.toll.controller.EtcTollTestController.addSave()', 'POST', 1, 'admin', '研发部门', '/etcToll/test/add', '127.0.0.1', '内网IP', '{\r\n  \"name\" : [ \"微信\" ],\r\n  \"phone\" : [ \"13404151911\" ],\r\n  \"email\" : [ \"1174716221@qq.com\" ],\r\n  \"age\" : [ \"11\" ],\r\n  \"sex\" : [ \"0\" ],\r\n  \"aboutFile\" : [ \"{\\\"id\\\":\\\"707f5296e8e64dd992c80c3e17bb7931\\\",\\\"createTime\\\":\\\"2020-01-16 10:13:01\\\",\\\"createUserId\\\":1,\\\"updateTime\\\":null,\\\"updateUserId\\\":null,\\\"del\\\":0,\\\"remark\\\":null,\\\"params\\\":null,\\\"ids\\\":null,\\\"name\\\":\\\"777290058175356_acp_sign.pfx\\\",\\\"realName\\\":\\\"5dbe4f2296f3b3f035d81cc6fd77397a.pfx\\\",\\\"fileSize\\\":5026,\\\"extension\\\":\\\"pfx\\\",\\\"contentType\\\":\\\".pfx\\\",\\\"directory\\\":\\\"D:/ruoyi/uploadPath/tmp/2020/01/16/5dbe4f2296f3b3f035d81cc6fd77397a.pfx\\\",\\\"visitUrl\\\":\\\"/profile/tmp/2020/01/16/5dbe4f2296f3b3f035d81cc6fd77397a.pfx\\\"}2fd872b8933a4ea7bee38e1c7bd96feb{\\\"id\\\":\\\"134cb7ba234149afa1398ee4d2c755b6\\\",\\\"createTime\\\":\\\"2020-01-16 10:13:01\\\",\\\"createUserId\\\":1,\\\"updateTime\\\":null,\\\"updateUserId\\\":null,\\\"del\\\":0,\\\"remark\\\":null,\\\"params\\\":null,\\\"ids\\\":null,\\\"name\\\":\\\"777290058175949_acp_sign.pfx\\\",\\\"realName\\\":\\\"5b246aad931d6fcbf44719ac0ad90000.pfx\\\",\\\"fileSize\\\":5026,\\\"extension\\\":\\\"pfx\\\",\\\"contentType\\\":\\\".pfx\\\",\\\"directory\\\":\\\"D:/ruoyi/uploadPath/tmp/2020/01/16/5b246aad931d6fcbf44719ac0ad90000.pfx\\\",\\\"visitUrl\\\":\\\"/profile/tmp/2020/01/16/5b246aad931d6fcbf44719ac0ad90000.pfx\\\"}2fd872b8933a4ea7bee38e1c7bd96feb{\\\"id\\\":\\\"687d07f831164b06b17d0808b5ce00fc\\\",\\\"createTime\\\":\\\"2020-01-16 10:13:01\\\",\\\"createUserId\\\":1,\\\"updateTime\\\":null,\\\"updateUserId\\\":null,\\\"del\\\":0,\\\"remark\\\":null,\\\"params\\\":null,\\\"ids\\\":null,\\\"name\\\":\\\"777290058110097_acp_sign.pfx\\\",\\\"realName\\\":\\\"19e445a0218a2c14009f35ee6e924bea.pfx\\\",\\\"fileSize\\\":2898,\\\"extension\\\":\\\"pfx\\\",\\\"contentType\\\":\\\".pfx\\\",\\\"directory\\\":\\\"D:/ruoyi/uploadPath/tmp/2020/01/16/19e445a0218a2c14009f35ee6e924bea.pfx\\\",\\\"visitUrl\\\":\\\"/profile/tmp/2020/01/16/19e445a0218a2c14009f35ee6e924bea.pfx\\\"}2fd872b8933a4ea7bee38e1c7bd96feb{\\\"id\\\":\\\"41018e58a06948f5aeac2d6632c2c0d0\\\",\\\"createTime\\\":\\\"2020-01-16 10:13:01\\\",\\\"createUserId\\\":1,\\\"updateTime\\\":null,\\\"updateUserId\\\":null,\\\"del\\\":0,\\\"remar', '{\r\n  \"msg\" : \"操作成功\",\r\n  \"code\" : 0\r\n}', 0, NULL, '2020-01-16 10:13:03');
INSERT INTO `sys_oper_log` VALUES (209, '停车场测试', 2, 'com.ruoyi.etc.toll.controller.EtcTollTestController.editSave()', 'POST', 1, 'admin', '研发部门', '/etcToll/test/edit', '127.0.0.1', '内网IP', '{\r\n  \"id\" : [ \"9a414fb2a98b49658baf26ac489f456b\" ],\r\n  \"name\" : [ \"微信\" ],\r\n  \"phone\" : [ \"13404151911\" ],\r\n  \"email\" : [ \"1174716221@qq.com\" ],\r\n  \"age\" : [ \"11\" ],\r\n  \"sex\" : [ \"0\" ],\r\n  \"aboutFile\" : [ \"{\\\"id\\\":\\\"b5fd691b76a645659e02db64e12c1a6f\\\",\\\"createTime\\\":\\\"2020-01-16 10:13:11\\\",\\\"createUserId\\\":1,\\\"updateTime\\\":null,\\\"updateUserId\\\":null,\\\"del\\\":0,\\\"remark\\\":null,\\\"params\\\":null,\\\"ids\\\":null,\\\"name\\\":\\\"777290058175356_acp_sign.pfx\\\",\\\"realName\\\":\\\"f4d3bf5d4d2b8ef3f0adbe0ef431c9c9.pfx\\\",\\\"fileSize\\\":5026,\\\"extension\\\":\\\"pfx\\\",\\\"contentType\\\":\\\".pfx\\\",\\\"directory\\\":\\\"D:/ruoyi/uploadPath/tmp/2020/01/16/f4d3bf5d4d2b8ef3f0adbe0ef431c9c9.pfx\\\",\\\"visitUrl\\\":\\\"/profile/tmp/2020/01/16/f4d3bf5d4d2b8ef3f0adbe0ef431c9c9.pfx\\\"}2fd872b8933a4ea7bee38e1c7bd96feb{\\\"id\\\":\\\"ac460706bab244808bb7e1eb1676c5fe\\\",\\\"createTime\\\":\\\"2020-01-16 10:13:11\\\",\\\"createUserId\\\":1,\\\"updateTime\\\":null,\\\"updateUserId\\\":null,\\\"del\\\":0,\\\"remark\\\":null,\\\"params\\\":null,\\\"ids\\\":null,\\\"name\\\":\\\"777290058110097_acp_sign.pfx\\\",\\\"realName\\\":\\\"fd54717a25e02b78f6854a7a16fb9167.pfx\\\",\\\"fileSize\\\":2898,\\\"extension\\\":\\\"pfx\\\",\\\"contentType\\\":\\\".pfx\\\",\\\"directory\\\":\\\"D:/ruoyi/uploadPath/tmp/2020/01/16/fd54717a25e02b78f6854a7a16fb9167.pfx\\\",\\\"visitUrl\\\":\\\"/profile/tmp/2020/01/16/fd54717a25e02b78f6854a7a16fb9167.pfx\\\"}2fd872b8933a4ea7bee38e1c7bd96feb707f5296e8e64dd992c80c3e17bb7931,134cb7ba234149afa1398ee4d2c755b6,687d07f831164b06b17d0808b5ce00fc,41018e58a06948f5aeac2d6632c2c0d0\" ]\r\n}', '{\r\n  \"msg\" : \"操作成功\",\r\n  \"code\" : 0\r\n}', 0, NULL, '2020-01-16 10:13:23');
INSERT INTO `sys_oper_log` VALUES (210, '停车场测试', 1, 'com.ruoyi.etc.toll.controller.EtcTollTestController.addSave()', 'POST', 1, 'admin', '研发部门', '/etcToll/test/add', '127.0.0.1', '内网IP', '{\r\n  \"name\" : [ \"ttt\" ],\r\n  \"phone\" : [ \"13404151911\" ],\r\n  \"email\" : [ \"1174716220@qq.com\" ],\r\n  \"age\" : [ \"11\" ],\r\n  \"sex\" : [ \"0\" ],\r\n  \"aboutFile\" : [ \"{\\\"id\\\":\\\"e3bcf2d68fca43fb97529d9ce818b709\\\",\\\"createTime\\\":\\\"2020-01-16 10:13:36\\\",\\\"createUserId\\\":1,\\\"updateTime\\\":null,\\\"updateUserId\\\":null,\\\"del\\\":0,\\\"remark\\\":null,\\\"params\\\":null,\\\"ids\\\":null,\\\"name\\\":\\\"777290058110097_acp_sign.pfx\\\",\\\"realName\\\":\\\"2742fad18c72253ae164b48bbd3adf04.pfx\\\",\\\"fileSize\\\":2898,\\\"extension\\\":\\\"pfx\\\",\\\"contentType\\\":\\\".pfx\\\",\\\"directory\\\":\\\"D:/ruoyi/uploadPath/tmp/2020/01/16/2742fad18c72253ae164b48bbd3adf04.pfx\\\",\\\"visitUrl\\\":\\\"/profile/tmp/2020/01/16/2742fad18c72253ae164b48bbd3adf04.pfx\\\"}2fd872b8933a4ea7bee38e1c7bd96feb{\\\"id\\\":\\\"ab27dc187bd04612a43ed74daaaaaeda\\\",\\\"createTime\\\":\\\"2020-01-16 10:13:36\\\",\\\"createUserId\\\":1,\\\"updateTime\\\":null,\\\"updateUserId\\\":null,\\\"del\\\":0,\\\"remark\\\":null,\\\"params\\\":null,\\\"ids\\\":null,\\\"name\\\":\\\"777290058175356_acp_sign.pfx\\\",\\\"realName\\\":\\\"4f0efcc24749fe028a17b81eef073ffb.pfx\\\",\\\"fileSize\\\":5026,\\\"extension\\\":\\\"pfx\\\",\\\"contentType\\\":\\\".pfx\\\",\\\"directory\\\":\\\"D:/ruoyi/uploadPath/tmp/2020/01/16/4f0efcc24749fe028a17b81eef073ffb.pfx\\\",\\\"visitUrl\\\":\\\"/profile/tmp/2020/01/16/4f0efcc24749fe028a17b81eef073ffb.pfx\\\"}2fd872b8933a4ea7bee38e1c7bd96feb{\\\"id\\\":\\\"07542952070844659dae3f860d305ab5\\\",\\\"createTime\\\":\\\"2020-01-16 10:13:36\\\",\\\"createUserId\\\":1,\\\"updateTime\\\":null,\\\"updateUserId\\\":null,\\\"del\\\":0,\\\"remark\\\":null,\\\"params\\\":null,\\\"ids\\\":null,\\\"name\\\":\\\".DS_Store\\\",\\\"realName\\\":\\\"a7349be343b68fa5f611a63b325aabe0.DS_Store\\\",\\\"fileSize\\\":8196,\\\"extension\\\":\\\"DS_Store\\\",\\\"contentType\\\":\\\".DS_Store\\\",\\\"directory\\\":\\\"D:/ruoyi/uploadPath/tmp/2020/01/16/a7349be343b68fa5f611a63b325aabe0.DS_Store\\\",\\\"visitUrl\\\":\\\"/profile/tmp/2020/01/16/a7349be343b68fa5f611a63b325aabe0.DS_Store\\\"}2fd872b8933a4ea7bee38e1c7bd96feb\" ]\r\n}', '{\r\n  \"msg\" : \"操作成功\",\r\n  \"code\" : 0\r\n}', 0, NULL, '2020-01-16 10:13:44');
INSERT INTO `sys_oper_log` VALUES (211, '停车场测试', 2, 'com.ruoyi.etc.toll.controller.EtcTollTestController.editSave()', 'POST', 1, 'admin', '研发部门', '/etcToll/test/edit', '127.0.0.1', '内网IP', '{\r\n  \"id\" : [ \"6bb8fd401248434caf37811d20595254\" ],\r\n  \"name\" : [ \"ttt\" ],\r\n  \"phone\" : [ \"13404151911\" ],\r\n  \"email\" : [ \"1174716220@qq.com\" ],\r\n  \"age\" : [ \"11\" ],\r\n  \"sex\" : [ \"0\" ],\r\n  \"aboutFile\" : [ \"{\\\"id\\\":\\\"150a73c816bc4e1c925b3b011cd28fb6\\\",\\\"createTime\\\":\\\"2020-01-16 10:13:53\\\",\\\"createUserId\\\":1,\\\"updateTime\\\":null,\\\"updateUserId\\\":null,\\\"del\\\":0,\\\"remark\\\":null,\\\"params\\\":null,\\\"ids\\\":null,\\\"name\\\":\\\"777290058110097_acp_sign.pfx\\\",\\\"realName\\\":\\\"b8a39cad483c55531d6ad7881e4f423b.pfx\\\",\\\"fileSize\\\":2898,\\\"extension\\\":\\\"pfx\\\",\\\"contentType\\\":\\\".pfx\\\",\\\"directory\\\":\\\"D:/ruoyi/uploadPath/tmp/2020/01/16/b8a39cad483c55531d6ad7881e4f423b.pfx\\\",\\\"visitUrl\\\":\\\"/profile/tmp/2020/01/16/b8a39cad483c55531d6ad7881e4f423b.pfx\\\"}2fd872b8933a4ea7bee38e1c7bd96feb{\\\"id\\\":\\\"a50b2b9690a94c33b894313d2cc8d10d\\\",\\\"createTime\\\":\\\"2020-01-16 10:13:53\\\",\\\"createUserId\\\":1,\\\"updateTime\\\":null,\\\"updateUserId\\\":null,\\\"del\\\":0,\\\"remark\\\":null,\\\"params\\\":null,\\\"ids\\\":null,\\\"name\\\":\\\"777290058175356_acp_sign.pfx\\\",\\\"realName\\\":\\\"2e0282a58b1620038bb702ebc0407bf5.pfx\\\",\\\"fileSize\\\":5026,\\\"extension\\\":\\\"pfx\\\",\\\"contentType\\\":\\\".pfx\\\",\\\"directory\\\":\\\"D:/ruoyi/uploadPath/tmp/2020/01/16/2e0282a58b1620038bb702ebc0407bf5.pfx\\\",\\\"visitUrl\\\":\\\"/profile/tmp/2020/01/16/2e0282a58b1620038bb702ebc0407bf5.pfx\\\"}2fd872b8933a4ea7bee38e1c7bd96febe3bcf2d68fca43fb97529d9ce818b709,ab27dc187bd04612a43ed74daaaaaeda,07542952070844659dae3f860d305ab5\" ]\r\n}', '{\r\n  \"msg\" : \"操作成功\",\r\n  \"code\" : 0\r\n}', 0, NULL, '2020-01-16 10:15:01');
INSERT INTO `sys_oper_log` VALUES (212, '停车场测试', 1, 'com.ruoyi.etc.toll.controller.EtcTollTestController.addSave()', 'POST', 1, 'admin', '研发部门', '/etcToll/test/add', '127.0.0.1', '内网IP', '{\r\n  \"name\" : [ \"杨先生\" ],\r\n  \"phone\" : [ \"13404151911\" ],\r\n  \"email\" : [ \"1174716221@qq.com\" ],\r\n  \"age\" : [ \"11\" ],\r\n  \"sex\" : [ \"0\" ],\r\n  \"aboutFile\" : [ \"{\\\"id\\\":\\\"da7e9464c1934c5e9f4f5e30dc751e6e\\\",\\\"createTime\\\":\\\"2020-01-16 10:16:29\\\",\\\"createUserId\\\":1,\\\"updateTime\\\":null,\\\"updateUserId\\\":null,\\\"del\\\":0,\\\"remark\\\":null,\\\"params\\\":null,\\\"ids\\\":null,\\\"name\\\":\\\"777290058175356_acp_sign.pfx\\\",\\\"realName\\\":\\\"0061818d79a5194b67a1288806faf01c.pfx\\\",\\\"fileSize\\\":5026,\\\"extension\\\":\\\"pfx\\\",\\\"contentType\\\":\\\".pfx\\\",\\\"directory\\\":\\\"D:/ruoyi/uploadPath/tmp/2020/01/16/0061818d79a5194b67a1288806faf01c.pfx\\\",\\\"visitUrl\\\":\\\"/profile/tmp/2020/01/16/0061818d79a5194b67a1288806faf01c.pfx\\\"}2fd872b8933a4ea7bee38e1c7bd96feb{\\\"id\\\":\\\"b74beb5bd0e7491ab5df64ce4479b5b4\\\",\\\"createTime\\\":\\\"2020-01-16 10:16:29\\\",\\\"createUserId\\\":1,\\\"updateTime\\\":null,\\\"updateUserId\\\":null,\\\"del\\\":0,\\\"remark\\\":null,\\\"params\\\":null,\\\"ids\\\":null,\\\"name\\\":\\\"777290058110097_acp_sign.pfx\\\",\\\"realName\\\":\\\"090234cb148b1811ec2745cfc9b4a881.pfx\\\",\\\"fileSize\\\":2898,\\\"extension\\\":\\\"pfx\\\",\\\"contentType\\\":\\\".pfx\\\",\\\"directory\\\":\\\"D:/ruoyi/uploadPath/tmp/2020/01/16/090234cb148b1811ec2745cfc9b4a881.pfx\\\",\\\"visitUrl\\\":\\\"/profile/tmp/2020/01/16/090234cb148b1811ec2745cfc9b4a881.pfx\\\"}2fd872b8933a4ea7bee38e1c7bd96feb{\\\"id\\\":\\\"575a780f049e4e9698f66766cef25200\\\",\\\"createTime\\\":\\\"2020-01-16 10:16:29\\\",\\\"createUserId\\\":1,\\\"updateTime\\\":null,\\\"updateUserId\\\":null,\\\"del\\\":0,\\\"remark\\\":null,\\\"params\\\":null,\\\"ids\\\":null,\\\"name\\\":\\\"acp_sdk_test.properties\\\",\\\"realName\\\":\\\"405dda4678ac2ef04762455d4415d7fa.properties\\\",\\\"fileSize\\\":4045,\\\"extension\\\":\\\"properties\\\",\\\"contentType\\\":\\\".properties\\\",\\\"directory\\\":\\\"D:/ruoyi/uploadPath/tmp/2020/01/16/405dda4678ac2ef04762455d4415d7fa.properties\\\",\\\"visitUrl\\\":\\\"/profile/tmp/2020/01/16/405dda4678ac2ef04762455d4415d7fa.properties\\\"}2fd872b8933a4ea7bee38e1c7bd96feb{\\\"id\\\":\\\"765031435d854969884f6b4f3b049b93\\\",\\\"createTime\\\":\\\"2020-01-16 10:16:29\\\",\\\"createUserId\\\":1,\\\"updateTime\\\":null,\\\"update', '{\r\n  \"msg\" : \"操作成功\",\r\n  \"code\" : 0\r\n}', 0, NULL, '2020-01-16 10:16:32');
INSERT INTO `sys_oper_log` VALUES (213, '停车场测试', 2, 'com.ruoyi.etc.toll.controller.EtcTollTestController.editSave()', 'POST', 1, 'admin', '研发部门', '/etcToll/test/edit', '127.0.0.1', '内网IP', '{\r\n  \"id\" : [ \"3d9845863c9c41d3838fe4e04f9637fc\" ],\r\n  \"name\" : [ \"杨先生\" ],\r\n  \"phone\" : [ \"13404151911\" ],\r\n  \"email\" : [ \"1174716221@qq.com\" ],\r\n  \"age\" : [ \"11\" ],\r\n  \"sex\" : [ \"0\" ],\r\n  \"aboutFile\" : [ \"{\\\"id\\\":\\\"055c154a5ac7462c91cb5adba31b3a78\\\",\\\"createTime\\\":\\\"2020-01-16 10:16:39\\\",\\\"createUserId\\\":1,\\\"updateTime\\\":null,\\\"updateUserId\\\":null,\\\"del\\\":0,\\\"remark\\\":null,\\\"params\\\":null,\\\"ids\\\":null,\\\"name\\\":\\\"acp_test_root.cer\\\",\\\"realName\\\":\\\"c4952b4507914d32a9a4212656a3b322.cer\\\",\\\"fileSize\\\":1324,\\\"extension\\\":\\\"cer\\\",\\\"contentType\\\":\\\".cer\\\",\\\"directory\\\":\\\"D:/ruoyi/uploadPath/tmp/2020/01/16/c4952b4507914d32a9a4212656a3b322.cer\\\",\\\"visitUrl\\\":\\\"/profile/tmp/2020/01/16/c4952b4507914d32a9a4212656a3b322.cer\\\"}2fd872b8933a4ea7bee38e1c7bd96feb{\\\"id\\\":\\\"16109e4f86204b229a38b9cf50ce6556\\\",\\\"createTime\\\":\\\"2020-01-16 10:16:39\\\",\\\"createUserId\\\":1,\\\"updateTime\\\":null,\\\"updateUserId\\\":null,\\\"del\\\":0,\\\"remark\\\":null,\\\"params\\\":null,\\\"ids\\\":null,\\\"name\\\":\\\"acp_test_middle.cer\\\",\\\"realName\\\":\\\"cdc1ebcf1e4efa21f076fc4ef5c40406.cer\\\",\\\"fileSize\\\":1402,\\\"extension\\\":\\\"cer\\\",\\\"contentType\\\":\\\".cer\\\",\\\"directory\\\":\\\"D:/ruoyi/uploadPath/tmp/2020/01/16/cdc1ebcf1e4efa21f076fc4ef5c40406.cer\\\",\\\"visitUrl\\\":\\\"/profile/tmp/2020/01/16/cdc1ebcf1e4efa21f076fc4ef5c40406.cer\\\"}2fd872b8933a4ea7bee38e1c7bd96febda7e9464c1934c5e9f4f5e30dc751e6e,b74beb5bd0e7491ab5df64ce4479b5b4,575a780f049e4e9698f66766cef25200,765031435d854969884f6b4f3b049b93\" ]\r\n}', '{\r\n  \"msg\" : \"操作成功\",\r\n  \"code\" : 0\r\n}', 0, NULL, '2020-01-16 10:17:19');
INSERT INTO `sys_oper_log` VALUES (214, '停车场测试', 3, 'com.ruoyi.etc.toll.controller.EtcTollTestController.remove()', 'POST', 1, 'admin', '研发部门', '/etcToll/test/remove', '127.0.0.1', '内网IP', '{\r\n  \"ids\" : [ \"3d9845863c9c41d3838fe4e04f9637fc\" ]\r\n}', '{\r\n  \"msg\" : \"操作成功\",\r\n  \"code\" : 0\r\n}', 0, NULL, '2020-01-16 10:18:09');
INSERT INTO `sys_oper_log` VALUES (215, '停车场测试', 1, 'com.ruoyi.etc.toll.controller.EtcTollTestController.addSave()', 'POST', 1, 'admin', '研发部门', '/etcToll/test/add', '127.0.0.1', '内网IP', '{\r\n  \"name\" : [ \"杨先生\" ],\r\n  \"phone\" : [ \"13404151911\" ],\r\n  \"email\" : [ \"1174716220@qq.com\" ],\r\n  \"age\" : [ \"11\" ],\r\n  \"sex\" : [ \"0\" ],\r\n  \"aboutFile\" : [ \"\" ]\r\n}', '{\r\n  \"msg\" : \"相关附件不能为空\",\r\n  \"code\" : 500\r\n}', 0, NULL, '2020-01-16 10:18:19');
INSERT INTO `sys_oper_log` VALUES (216, '停车场测试', 1, 'com.ruoyi.etc.toll.controller.EtcTollTestController.addSave()', 'POST', 1, 'admin', '研发部门', '/etcToll/test/add', '127.0.0.1', '内网IP', '{\r\n  \"name\" : [ \"杨先生\" ],\r\n  \"phone\" : [ \"13404151911\" ],\r\n  \"email\" : [ \"1174716220@qq.com\" ],\r\n  \"age\" : [ \"11\" ],\r\n  \"sex\" : [ \"0\" ],\r\n  \"aboutFile\" : [ \"{\\\"id\\\":\\\"1cc20aedacf54072852b33b5ea68e7de\\\",\\\"createTime\\\":\\\"2020-01-16 10:18:19\\\",\\\"createUserId\\\":1,\\\"updateTime\\\":null,\\\"updateUserId\\\":null,\\\"del\\\":0,\\\"remark\\\":null,\\\"params\\\":null,\\\"ids\\\":null,\\\"name\\\":\\\"acp_sdk_test.properties\\\",\\\"realName\\\":\\\"85708cc56968e5ab2aab4f69176195f8.properties\\\",\\\"fileSize\\\":4045,\\\"extension\\\":\\\"properties\\\",\\\"contentType\\\":\\\".properties\\\",\\\"directory\\\":\\\"D:/ruoyi/uploadPath/tmp/2020/01/16/85708cc56968e5ab2aab4f69176195f8.properties\\\",\\\"visitUrl\\\":\\\"/profile/tmp/2020/01/16/85708cc56968e5ab2aab4f69176195f8.properties\\\"}2fd872b8933a4ea7bee38e1c7bd96feb{\\\"id\\\":\\\"ebf3b0af4da8424e847e64f1bac3b592\\\",\\\"createTime\\\":\\\"2020-01-16 10:18:19\\\",\\\"createUserId\\\":1,\\\"updateTime\\\":null,\\\"updateUserId\\\":null,\\\"del\\\":0,\\\"remark\\\":null,\\\"params\\\":null,\\\"ids\\\":null,\\\"name\\\":\\\"777290058175356_acp_sign.pfx\\\",\\\"realName\\\":\\\"a6fea33e22a24ecc8a838be76093661a.pfx\\\",\\\"fileSize\\\":5026,\\\"extension\\\":\\\"pfx\\\",\\\"contentType\\\":\\\".pfx\\\",\\\"directory\\\":\\\"D:/ruoyi/uploadPath/tmp/2020/01/16/a6fea33e22a24ecc8a838be76093661a.pfx\\\",\\\"visitUrl\\\":\\\"/profile/tmp/2020/01/16/a6fea33e22a24ecc8a838be76093661a.pfx\\\"}2fd872b8933a4ea7bee38e1c7bd96feb{\\\"id\\\":\\\"6775ff8aa3be4b95a18996796737f06f\\\",\\\"createTime\\\":\\\"2020-01-16 10:18:19\\\",\\\"createUserId\\\":1,\\\"updateTime\\\":null,\\\"updateUserId\\\":null,\\\"del\\\":0,\\\"remark\\\":null,\\\"params\\\":null,\\\"ids\\\":null,\\\"name\\\":\\\"777290058110097_acp_sign.pfx\\\",\\\"realName\\\":\\\"8b67a0ca272087c91d95d404ccfa4381.pfx\\\",\\\"fileSize\\\":2898,\\\"extension\\\":\\\"pfx\\\",\\\"contentType\\\":\\\".pfx\\\",\\\"directory\\\":\\\"D:/ruoyi/uploadPath/tmp/2020/01/16/8b67a0ca272087c91d95d404ccfa4381.pfx\\\",\\\"visitUrl\\\":\\\"/profile/tmp/2020/01/16/8b67a0ca272087c91d95d404ccfa4381.pfx\\\"}2fd872b8933a4ea7bee38e1c7bd96feb{\\\"id\\\":\\\"0520c64a812a41268cfe099f1d0e0f26\\\",\\\"createTime\\\":\\\"2020-01-16 10:18:19\\\",\\\"createUserId\\\":1,\\\"updateTime\\\":null,\\\"update', '{\r\n  \"msg\" : \"操作成功\",\r\n  \"code\" : 0\r\n}', 0, NULL, '2020-01-16 10:18:22');
INSERT INTO `sys_oper_log` VALUES (217, '停车场测试', 2, 'com.ruoyi.etc.toll.controller.EtcTollTestController.editSave()', 'POST', 1, 'admin', '研发部门', '/etcToll/test/edit', '127.0.0.1', '内网IP', '{\r\n  \"id\" : [ \"a01e3ce4fb384929b620bfcbeba60bfb\" ],\r\n  \"name\" : [ \"杨先生\" ],\r\n  \"phone\" : [ \"13404151911\" ],\r\n  \"email\" : [ \"1174716220@qq.com\" ],\r\n  \"age\" : [ \"11\" ],\r\n  \"sex\" : [ \"0\" ],\r\n  \"aboutFile\" : [ \"{\\\"id\\\":\\\"be4964d995d141c39512e3bb5c3dcbca\\\",\\\"createTime\\\":\\\"2020-01-16 10:18:29\\\",\\\"createUserId\\\":1,\\\"updateTime\\\":null,\\\"updateUserId\\\":null,\\\"del\\\":0,\\\"remark\\\":null,\\\"params\\\":null,\\\"ids\\\":null,\\\"name\\\":\\\"777290058175356_acp_sign.pfx\\\",\\\"realName\\\":\\\"6a4c5420e1b41fbc2a6a0bcfcc32dc6d.pfx\\\",\\\"fileSize\\\":5026,\\\"extension\\\":\\\"pfx\\\",\\\"contentType\\\":\\\".pfx\\\",\\\"directory\\\":\\\"D:/ruoyi/uploadPath/tmp/2020/01/16/6a4c5420e1b41fbc2a6a0bcfcc32dc6d.pfx\\\",\\\"visitUrl\\\":\\\"/profile/tmp/2020/01/16/6a4c5420e1b41fbc2a6a0bcfcc32dc6d.pfx\\\"}2fd872b8933a4ea7bee38e1c7bd96feb{\\\"id\\\":\\\"be132a6515ad45b683f7721513d38a15\\\",\\\"createTime\\\":\\\"2020-01-16 10:18:29\\\",\\\"createUserId\\\":1,\\\"updateTime\\\":null,\\\"updateUserId\\\":null,\\\"del\\\":0,\\\"remark\\\":null,\\\"params\\\":null,\\\"ids\\\":null,\\\"name\\\":\\\"777290058110097_acp_sign.pfx\\\",\\\"realName\\\":\\\"c442eb765075ee0e351e35dbadb6dd70.pfx\\\",\\\"fileSize\\\":2898,\\\"extension\\\":\\\"pfx\\\",\\\"contentType\\\":\\\".pfx\\\",\\\"directory\\\":\\\"D:/ruoyi/uploadPath/tmp/2020/01/16/c442eb765075ee0e351e35dbadb6dd70.pfx\\\",\\\"visitUrl\\\":\\\"/profile/tmp/2020/01/16/c442eb765075ee0e351e35dbadb6dd70.pfx\\\"}2fd872b8933a4ea7bee38e1c7bd96feb1cc20aedacf54072852b33b5ea68e7de,ebf3b0af4da8424e847e64f1bac3b592,6775ff8aa3be4b95a18996796737f06f,0520c64a812a41268cfe099f1d0e0f26\" ]\r\n}', '{\r\n  \"msg\" : \"操作成功\",\r\n  \"code\" : 0\r\n}', 0, NULL, '2020-01-16 10:18:59');
INSERT INTO `sys_oper_log` VALUES (218, '停车场测试', 1, 'com.ruoyi.etc.toll.controller.EtcTollTestController.addSave()', 'POST', 1, 'admin', '研发部门', '/etcToll/test/add', '127.0.0.1', '内网IP', '{\r\n  \"name\" : [ \"杨先生\" ],\r\n  \"phone\" : [ \"13404151911\" ],\r\n  \"email\" : [ \"1174716221@qq.com\" ],\r\n  \"age\" : [ \"11\" ],\r\n  \"sex\" : [ \"1\" ],\r\n  \"aboutFile\" : [ \"{\\\"id\\\":\\\"371ab3db425d41ab9bbc993642fbc151\\\",\\\"createTime\\\":\\\"2020-01-16 10:21:33\\\",\\\"createUserId\\\":1,\\\"updateTime\\\":null,\\\"updateUserId\\\":null,\\\"del\\\":0,\\\"remark\\\":null,\\\"params\\\":null,\\\"ids\\\":null,\\\"name\\\":\\\"acp_sdk_test.properties\\\",\\\"realName\\\":\\\"180c46cd49d2475c86b89f76f937b6eb.properties\\\",\\\"fileSize\\\":4045,\\\"extension\\\":\\\"properties\\\",\\\"contentType\\\":\\\".properties\\\",\\\"directory\\\":\\\"D:/ruoyi/uploadPath/tmp/2020/01/16/180c46cd49d2475c86b89f76f937b6eb.properties\\\",\\\"visitUrl\\\":\\\"/profile/tmp/2020/01/16/180c46cd49d2475c86b89f76f937b6eb.properties\\\"}2fd872b8933a4ea7bee38e1c7bd96feb{\\\"id\\\":\\\"d7b40e0aa6fd4b17a81dd48b9a5cbeb8\\\",\\\"createTime\\\":\\\"2020-01-16 10:21:33\\\",\\\"createUserId\\\":1,\\\"updateTime\\\":null,\\\"updateUserId\\\":null,\\\"del\\\":0,\\\"remark\\\":null,\\\"params\\\":null,\\\"ids\\\":null,\\\"name\\\":\\\"777290058175356_acp_sign.pfx\\\",\\\"realName\\\":\\\"61eb86e4e0c1bd9c43ff31cc5533b9b4.pfx\\\",\\\"fileSize\\\":5026,\\\"extension\\\":\\\"pfx\\\",\\\"contentType\\\":\\\".pfx\\\",\\\"directory\\\":\\\"D:/ruoyi/uploadPath/tmp/2020/01/16/61eb86e4e0c1bd9c43ff31cc5533b9b4.pfx\\\",\\\"visitUrl\\\":\\\"/profile/tmp/2020/01/16/61eb86e4e0c1bd9c43ff31cc5533b9b4.pfx\\\"}2fd872b8933a4ea7bee38e1c7bd96feb{\\\"id\\\":\\\"a1785cc92ebc4fec8a92576937e40b45\\\",\\\"createTime\\\":\\\"2020-01-16 10:21:33\\\",\\\"createUserId\\\":1,\\\"updateTime\\\":null,\\\"updateUserId\\\":null,\\\"del\\\":0,\\\"remark\\\":null,\\\"params\\\":null,\\\"ids\\\":null,\\\"name\\\":\\\"777290058175949_acp_sign.pfx\\\",\\\"realName\\\":\\\"936153f7dec90d078f84b4bd058f5a7b.pfx\\\",\\\"fileSize\\\":5026,\\\"extension\\\":\\\"pfx\\\",\\\"contentType\\\":\\\".pfx\\\",\\\"directory\\\":\\\"D:/ruoyi/uploadPath/tmp/2020/01/16/936153f7dec90d078f84b4bd058f5a7b.pfx\\\",\\\"visitUrl\\\":\\\"/profile/tmp/2020/01/16/936153f7dec90d078f84b4bd058f5a7b.pfx\\\"}2fd872b8933a4ea7bee38e1c7bd96feb\" ]\r\n}', '{\r\n  \"msg\" : \"操作成功\",\r\n  \"code\" : 0\r\n}', 0, NULL, '2020-01-16 10:21:34');
INSERT INTO `sys_oper_log` VALUES (219, '停车场测试', 2, 'com.ruoyi.etc.toll.controller.EtcTollTestController.editSave()', 'POST', 1, 'admin', '研发部门', '/etcToll/test/edit', '127.0.0.1', '内网IP', '{\r\n  \"id\" : [ \"815fa6d4406b4908829024dfbed89290\" ],\r\n  \"name\" : [ \"杨先生\" ],\r\n  \"phone\" : [ \"13404151911\" ],\r\n  \"email\" : [ \"1174716221@qq.com\" ],\r\n  \"age\" : [ \"11\" ],\r\n  \"sex\" : [ \"1\" ],\r\n  \"aboutFile\" : [ \"{\\\"id\\\":\\\"2d5f927108d9476faf04580e597a3b45\\\",\\\"createTime\\\":\\\"2020-01-16 10:21:51\\\",\\\"createUserId\\\":1,\\\"updateTime\\\":null,\\\"updateUserId\\\":null,\\\"del\\\":0,\\\"remark\\\":null,\\\"params\\\":null,\\\"ids\\\":null,\\\"name\\\":\\\"rsa.zip\\\",\\\"realName\\\":\\\"52dfbae28928ce816ec6c7d6d6194e98.zip\\\",\\\"fileSize\\\":2608,\\\"extension\\\":\\\"zip\\\",\\\"contentType\\\":\\\".zip\\\",\\\"directory\\\":\\\"D:/ruoyi/uploadPath/tmp/2020/01/16/52dfbae28928ce816ec6c7d6d6194e98.zip\\\",\\\"visitUrl\\\":\\\"/profile/tmp/2020/01/16/52dfbae28928ce816ec6c7d6d6194e98.zip\\\"}2fd872b8933a4ea7bee38e1c7bd96feb{\\\"id\\\":\\\"6c408ba86bcd45b7af763249928f5d4d\\\",\\\"createTime\\\":\\\"2020-01-16 10:21:51\\\",\\\"createUserId\\\":1,\\\"updateTime\\\":null,\\\"updateUserId\\\":null,\\\"del\\\":0,\\\"remark\\\":null,\\\"params\\\":null,\\\"ids\\\":null,\\\"name\\\":\\\"acp_test_root.cer\\\",\\\"realName\\\":\\\"1a12c98caac745cffd506acaa656c970.cer\\\",\\\"fileSize\\\":1324,\\\"extension\\\":\\\"cer\\\",\\\"contentType\\\":\\\".cer\\\",\\\"directory\\\":\\\"D:/ruoyi/uploadPath/tmp/2020/01/16/1a12c98caac745cffd506acaa656c970.cer\\\",\\\"visitUrl\\\":\\\"/profile/tmp/2020/01/16/1a12c98caac745cffd506acaa656c970.cer\\\"}2fd872b8933a4ea7bee38e1c7bd96feb371ab3db425d41ab9bbc993642fbc151,d7b40e0aa6fd4b17a81dd48b9a5cbeb8,a1785cc92ebc4fec8a92576937e40b45\" ]\r\n}', '{\r\n  \"msg\" : \"操作成功\",\r\n  \"code\" : 0\r\n}', 0, NULL, '2020-01-16 10:21:57');
INSERT INTO `sys_oper_log` VALUES (220, '停车场测试', 2, 'com.ruoyi.etc.toll.controller.EtcTollTestController.editSave()', 'POST', 1, 'admin', '研发部门', '/etcToll/test/edit', '127.0.0.1', '内网IP', '{\r\n  \"id\" : [ \"815fa6d4406b4908829024dfbed89290\" ],\r\n  \"name\" : [ \"杨先生\" ],\r\n  \"phone\" : [ \"13404151911\" ],\r\n  \"email\" : [ \"1174716221@qq.com\" ],\r\n  \"age\" : [ \"11\" ],\r\n  \"sex\" : [ \"1\" ],\r\n  \"aboutFile\" : [ \"{\\\"id\\\":\\\"d19920945a5c486a998035dd79986816\\\",\\\"createTime\\\":\\\"2020-01-16 11:21:01\\\",\\\"createUserId\\\":1,\\\"updateTime\\\":null,\\\"updateUserId\\\":null,\\\"del\\\":0,\\\"remark\\\":null,\\\"params\\\":null,\\\"ids\\\":null,\\\"name\\\":\\\"acp_sdk_test.properties\\\",\\\"realName\\\":\\\"ab83670081d98784c1efdf6f1c98df9c.properties\\\",\\\"fileSize\\\":4045,\\\"extension\\\":\\\"properties\\\",\\\"contentType\\\":\\\".properties\\\",\\\"directory\\\":\\\"D:/ruoyi/uploadPath/tmp/2020/01/16/ab83670081d98784c1efdf6f1c98df9c.properties\\\",\\\"visitUrl\\\":\\\"/profile/tmp/2020/01/16/ab83670081d98784c1efdf6f1c98df9c.properties\\\"}2fd872b8933a4ea7bee38e1c7bd96feb2d5f927108d9476faf04580e597a3b45,6c408ba86bcd45b7af763249928f5d4d,1cca486faa2545dc8d8975292508ebe3,42a16e12686946aa83dd88a6a50d7853,ba08537352564bd88b343ebc2815ebf4\" ]\r\n}', '{\r\n  \"msg\" : \"操作成功\",\r\n  \"code\" : 0\r\n}', 0, NULL, '2020-01-16 11:21:07');
INSERT INTO `sys_oper_log` VALUES (221, '停车场测试', 2, 'com.ruoyi.etc.toll.controller.EtcTollTestController.editSave()', 'POST', 1, 'admin', '研发部门', '/etcToll/test/edit', '127.0.0.1', '内网IP', '{\r\n  \"id\" : [ \"815fa6d4406b4908829024dfbed89290\" ],\r\n  \"name\" : [ \"杨先生\" ],\r\n  \"phone\" : [ \"13404151911\" ],\r\n  \"email\" : [ \"1174716221@qq.com\" ],\r\n  \"age\" : [ \"11\" ],\r\n  \"sex\" : [ \"1\" ],\r\n  \"aboutFile\" : [ \"{\\\"id\\\":\\\"dafb05423c184133bfbac57c26acc9a4\\\",\\\"createTime\\\":\\\"2020-01-16 11:21:25\\\",\\\"createUserId\\\":1,\\\"updateTime\\\":null,\\\"updateUserId\\\":null,\\\"del\\\":0,\\\"remark\\\":null,\\\"params\\\":null,\\\"ids\\\":null,\\\"name\\\":\\\"1.png\\\",\\\"realName\\\":\\\"b40f0c1e18d64bf6a28beec774a8328a.png\\\",\\\"fileSize\\\":151260,\\\"extension\\\":\\\"png\\\",\\\"contentType\\\":\\\".png\\\",\\\"directory\\\":\\\"D:/ruoyi/uploadPath/tmp/2020/01/16/b40f0c1e18d64bf6a28beec774a8328a.png\\\",\\\"visitUrl\\\":\\\"/profile/tmp/2020/01/16/b40f0c1e18d64bf6a28beec774a8328a.png\\\"}2fd872b8933a4ea7bee38e1c7bd96febd19920945a5c486a998035dd79986816,712c53b099b44bc08c1e7177c4f42cf5,d17d410efd90474fbd9fa098d1bd6ac7,09a39e09586f49af8a10daa848e1525f,1cf377583662409db070843d66063b29,58ad32ef355f481aa5d10dc832edfa70\" ]\r\n}', '{\r\n  \"msg\" : \"操作成功\",\r\n  \"code\" : 0\r\n}', 0, NULL, '2020-01-16 11:21:26');
INSERT INTO `sys_oper_log` VALUES (222, '停车场测试', 2, 'com.ruoyi.etc.toll.controller.EtcTollTestController.editSave()', 'POST', 1, 'admin', '研发部门', '/etcToll/test/edit', '127.0.0.1', '内网IP', '{\r\n  \"id\" : [ \"815fa6d4406b4908829024dfbed89290\" ],\r\n  \"name\" : [ \"杨先生\" ],\r\n  \"phone\" : [ \"13404151911\" ],\r\n  \"email\" : [ \"1174716221@qq.com\" ],\r\n  \"age\" : [ \"11\" ],\r\n  \"sex\" : [ \"1\" ],\r\n  \"aboutFile\" : [ \"{\\\"id\\\":\\\"1ba2e00ebd814a2eb24f615aa4a43408\\\",\\\"createTime\\\":\\\"2020-01-16 13:48:52\\\",\\\"createUserId\\\":1,\\\"updateTime\\\":null,\\\"updateUserId\\\":null,\\\"del\\\":0,\\\"remark\\\":null,\\\"params\\\":null,\\\"ids\\\":null,\\\"name\\\":\\\"2.jpg\\\",\\\"realName\\\":\\\"28db32ef849579c3aba774759d75fed8.jpg\\\",\\\"fileSize\\\":79516,\\\"extension\\\":\\\"jpg\\\",\\\"contentType\\\":\\\".jpg\\\",\\\"directory\\\":\\\"D:/ruoyi/uploadPath/tmp/2020/01/16/28db32ef849579c3aba774759d75fed8.jpg\\\",\\\"visitUrl\\\":\\\"/profile/tmp/2020/01/16/28db32ef849579c3aba774759d75fed8.jpg\\\"}2fd872b8933a4ea7bee38e1c7bd96febdafb05423c184133bfbac57c26acc9a4,671e69f4e95d4ef7b92f7beac602a224,db1564561e284082b1529b34a3f57b60,f4a050bf1293421d918e018d5f3520e0,7362b791df5445629c619d5918053b1c,64eebd7b736248eeb2c60dae9400070c,f8a4284102ed4fca84524c99e2d8368b\" ]\r\n}', '{\r\n  \"msg\" : \"操作成功\",\r\n  \"code\" : 0\r\n}', 0, NULL, '2020-01-16 13:48:59');
INSERT INTO `sys_oper_log` VALUES (223, '停车场测试', 2, 'com.ruoyi.etc.toll.controller.EtcTollTestController.editSave()', 'POST', 1, 'admin', '研发部门', '/etcToll/test/edit', '127.0.0.1', '内网IP', '{\r\n  \"id\" : [ \"815fa6d4406b4908829024dfbed89290\" ],\r\n  \"name\" : [ \"杨先生\" ],\r\n  \"phone\" : [ \"13404151911\" ],\r\n  \"email\" : [ \"1174716221@qq.com\" ],\r\n  \"age\" : [ \"11\" ],\r\n  \"sex\" : [ \"1\" ],\r\n  \"aboutFile\" : [ \"{\\\"id\\\":\\\"617cdd510a784bd58d7ee140e03cb616\\\",\\\"createTime\\\":\\\"2020-01-16 14:08:53\\\",\\\"createUserId\\\":1,\\\"updateTime\\\":null,\\\"updateUserId\\\":null,\\\"del\\\":0,\\\"remark\\\":null,\\\"params\\\":null,\\\"ids\\\":null,\\\"name\\\":\\\"1.png\\\",\\\"realName\\\":\\\"906c7c6dcb0cb48b90ef46a3563fa000.png\\\",\\\"fileSize\\\":151260,\\\"extension\\\":\\\"png\\\",\\\"contentType\\\":\\\".png\\\",\\\"directory\\\":\\\"D:/ruoyi/uploadPath/tmp/2020/01/16/906c7c6dcb0cb48b90ef46a3563fa000.png\\\",\\\"visitUrl\\\":\\\"/profile/tmp/2020/01/16/906c7c6dcb0cb48b90ef46a3563fa000.png\\\"}2fd872b8933a4ea7bee38e1c7bd96feb1ba2e00ebd814a2eb24f615aa4a43408,540d010e523b438daa4a38170102a5c0,397a5c28db414b87af17606836c1e9b8,068efd3bd9c041cf900a2e1860d1cbdd,ee5061aae78d4307a64101433169e902,ffa07533c1934caf873aedaffb3f3ff2,b69a57086b0e4ac4861f24dadf098866,ea703d3aac4d45b6a774df9d9943c6e6\" ]\r\n}', '{\r\n  \"msg\" : \"操作成功\",\r\n  \"code\" : 0\r\n}', 0, NULL, '2020-01-16 14:09:41');
INSERT INTO `sys_oper_log` VALUES (224, '停车场测试', 2, 'com.ruoyi.etc.toll.controller.EtcTollTestController.editSave()', 'POST', 1, 'admin', '研发部门', '/etcToll/test/edit', '127.0.0.1', '内网IP', '{\r\n  \"id\" : [ \"815fa6d4406b4908829024dfbed89290\" ],\r\n  \"name\" : [ \"杨先生\" ],\r\n  \"phone\" : [ \"13404151911\" ],\r\n  \"email\" : [ \"1174716221@qq.com\" ],\r\n  \"age\" : [ \"11\" ],\r\n  \"sex\" : [ \"1\" ],\r\n  \"aboutFile\" : [ \"{\\\"id\\\":\\\"706b38ea06634274952f476b4a3eed48\\\",\\\"createTime\\\":\\\"2020-01-16 14:16:35\\\",\\\"createUserId\\\":1,\\\"updateTime\\\":null,\\\"updateUserId\\\":null,\\\"del\\\":0,\\\"remark\\\":null,\\\"params\\\":null,\\\"ids\\\":null,\\\"name\\\":\\\"1.png\\\",\\\"realName\\\":\\\"a5944f0f0100b046e5bc09cd5f3d3c54.png\\\",\\\"fileSize\\\":151260,\\\"extension\\\":\\\"png\\\",\\\"contentType\\\":\\\".png\\\",\\\"directory\\\":\\\"D:/ruoyi/uploadPath/tmp/2020/01/16/a5944f0f0100b046e5bc09cd5f3d3c54.png\\\",\\\"visitUrl\\\":\\\"/profile/tmp/2020/01/16/a5944f0f0100b046e5bc09cd5f3d3c54.png\\\"}2fd872b8933a4ea7bee38e1c7bd96feb617cdd510a784bd58d7ee140e03cb616,bba5092a23694e33af4786da8bd7d40a,c355752094bc485583958b299eda06bf,0335b03e77974fb4bbe2e13ef130f9fd,7d02e63d5e8c46bb80ad7667b20383d6,57a0595862ea4bed964a98dd490ae36e,abc2424bba024fdb9621a3f8c4b4355c,b1974483ef674b58affac269a858aa52,407e3b17a0e14777a8fa0687895ff1a7\" ]\r\n}', '{\r\n  \"msg\" : \"操作成功\",\r\n  \"code\" : 0\r\n}', 0, NULL, '2020-01-16 14:16:48');
INSERT INTO `sys_oper_log` VALUES (225, '停车场测试', 2, 'com.ruoyi.etc.toll.controller.EtcTollTestController.editSave()', 'POST', 1, 'admin', '研发部门', '/etcToll/test/edit', '127.0.0.1', '内网IP', '{\r\n  \"id\" : [ \"815fa6d4406b4908829024dfbed89290\" ],\r\n  \"name\" : [ \"杨先生\" ],\r\n  \"phone\" : [ \"13404151911\" ],\r\n  \"email\" : [ \"1174716221@qq.com\" ],\r\n  \"age\" : [ \"11\" ],\r\n  \"sex\" : [ \"1\" ],\r\n  \"aboutFile\" : [ \"{\\\"id\\\":\\\"3037b1916f0c42ae96bf19bc97dedc8e\\\",\\\"createTime\\\":\\\"2020-01-16 14:32:49\\\",\\\"createUserId\\\":1,\\\"updateTime\\\":null,\\\"updateUserId\\\":null,\\\"del\\\":0,\\\"remark\\\":null,\\\"params\\\":null,\\\"ids\\\":null,\\\"name\\\":\\\"2.jpg\\\",\\\"realName\\\":\\\"2e10f651389011d972f9bce1ac8ab5cb.jpg\\\",\\\"fileSize\\\":79516,\\\"extension\\\":\\\"jpg\\\",\\\"contentType\\\":\\\".jpg\\\",\\\"directory\\\":\\\"D:/ruoyi/uploadPath/tmp/2020/01/16/2e10f651389011d972f9bce1ac8ab5cb.jpg\\\",\\\"visitUrl\\\":\\\"/profile/tmp/2020/01/16/2e10f651389011d972f9bce1ac8ab5cb.jpg\\\"}2fd872b8933a4ea7bee38e1c7bd96feb706b38ea06634274952f476b4a3eed48,6ae459018a6343deb78dd2b632fe614c,38a43151dfa34a5e8ebdf9945093115e,f6e9f465fddc47ed8e2d7095fcb603e6,92a6e8cdb55a41f988c68f95b1101806,bf54c258a0d14d5586d9070e07abc784,e33481d3ff724c09a10a5d09fc581cad,ad8a5d943e4247e18e6b2516d3f0b279,b113b906587142129ad2490e55342b7f,d7ee39c0bb0b42acaa956e2cb6e2fe95\" ]\r\n}', '{\r\n  \"msg\" : \"操作成功\",\r\n  \"code\" : 0\r\n}', 0, NULL, '2020-01-16 14:32:53');
INSERT INTO `sys_oper_log` VALUES (226, '停车场测试', 2, 'com.ruoyi.etc.toll.controller.EtcTollTestController.editSave()', 'POST', 1, 'admin', '研发部门', '/etcToll/test/edit', '127.0.0.1', '内网IP', '{\r\n  \"id\" : [ \"815fa6d4406b4908829024dfbed89290\" ],\r\n  \"name\" : [ \"杨先生\" ],\r\n  \"phone\" : [ \"13404151911\" ],\r\n  \"email\" : [ \"1174716221@qq.com\" ],\r\n  \"age\" : [ \"11\" ],\r\n  \"sex\" : [ \"1\" ],\r\n  \"aboutFile\" : [ \"3037b1916f0c42ae96bf19bc97dedc8e,fdc9a3d207744887b0800a8c863b8a23,718e13de502344f1af511f9b9b87863e,76f51a3173c046fcb4bde207a42abaeb,50baba11246446a0bb0c665d33f77f3c,491d6e51e2d74973a93f12344061dd9e,3c46993fc8b74675998a36d724c85edd,7c850b4aa6cc41ab927cc12566546f2d,cc434cb370794bad92a5bb195fef0b18,66f7701ddb554f78b156379ceaf4c7f1,a04585876adb419db7469ee61c5a82132fd872b8933a4ea7bee38e1c7bd96feb3037b1916f0c42ae96bf19bc97dedc8e,fdc9a3d207744887b0800a8c863b8a23,718e13de502344f1af511f9b9b87863e,76f51a3173c046fcb4bde207a42abaeb,50baba11246446a0bb0c665d33f77f3c,491d6e51e2d74973a93f12344061dd9e,3c46993fc8b74675998a36d724c85edd,7c850b4aa6cc41ab927cc12566546f2d,cc434cb370794bad92a5bb195fef0b18,66f7701ddb554f78b156379ceaf4c7f1,a04585876adb419db7469ee61c5a82132fd872b8933a4ea7bee38e1c7bd96feb3037b1916f0c42ae96bf19bc97dedc8e,fdc9a3d207744887b0800a8c863b8a23,718e13de502344f1af511f9b9b87863e,76f51a3173c046fcb4bde207a42abaeb,50baba11246446a0bb0c665d33f77f3c,491d6e51e2d74973a93f12344061dd9e,3c46993fc8b74675998a36d724c85edd,7c850b4aa6cc41ab927cc12566546f2d,cc434cb370794bad92a5bb195fef0b18,66f7701ddb554f78b156379ceaf4c7f1,a04585876adb419db7469ee61c5a82132fd872b8933a4ea7bee38e1c7bd96feb3037b1916f0c42ae96bf19bc97dedc8e,fdc9a3d207744887b0800a8c863b8a23,718e13de502344f1af511f9b9b87863e,76f51a3173c046fcb4bde207a42abaeb,50baba11246446a0bb0c665d33f77f3c,491d6e51e2d74973a93f12344061dd9e,3c46993fc8b74675998a36d724c85edd,7c850b4aa6cc41ab927cc12566546f2d,cc434cb370794bad92a5bb195fef0b18,66f7701ddb554f78b156379ceaf4c7f1,a04585876adb419db7469ee61c5a82132fd872b8933a4ea7bee38e1c7bd96feb3037b1916f0c42ae96bf19bc97dedc8e,fdc9a3d207744887b0800a8c863b8a23,718e13de502344f1af511f9b9b87863e,76f51a3173c046fcb4bde207a42abaeb,50baba11246446a0bb0c665d33f77f3c,491d6e51e2d74973a93f12344061dd9e,3c46993fc8b74675998a', 'null', 1, 'syntax error, expect {, actual int, pos 0, fastjson-version 1.2.60', '2020-01-16 15:01:42');
INSERT INTO `sys_oper_log` VALUES (227, '停车场测试', 2, 'com.ruoyi.etc.toll.controller.EtcTollTestController.editSave()', 'POST', 1, 'admin', '研发部门', '/etcToll/test/edit', '127.0.0.1', '内网IP', '{\r\n  \"id\" : [ \"815fa6d4406b4908829024dfbed89290\" ],\r\n  \"name\" : [ \"杨先生\" ],\r\n  \"phone\" : [ \"13404151911\" ],\r\n  \"email\" : [ \"1174716221@qq.com\" ],\r\n  \"age\" : [ \"11\" ],\r\n  \"sex\" : [ \"1\" ],\r\n  \"aboutFile\" : [ \"3037b1916f0c42ae96bf19bc97dedc8e,fdc9a3d207744887b0800a8c863b8a23,718e13de502344f1af511f9b9b87863e,76f51a3173c046fcb4bde207a42abaeb,50baba11246446a0bb0c665d33f77f3c,491d6e51e2d74973a93f12344061dd9e,3c46993fc8b74675998a36d724c85edd,7c850b4aa6cc41ab927cc12566546f2d,cc434cb370794bad92a5bb195fef0b18,66f7701ddb554f78b156379ceaf4c7f1,a04585876adb419db7469ee61c5a82132fd872b8933a4ea7bee38e1c7bd96feb3037b1916f0c42ae96bf19bc97dedc8e,fdc9a3d207744887b0800a8c863b8a23,718e13de502344f1af511f9b9b87863e,76f51a3173c046fcb4bde207a42abaeb,50baba11246446a0bb0c665d33f77f3c,491d6e51e2d74973a93f12344061dd9e,3c46993fc8b74675998a36d724c85edd,7c850b4aa6cc41ab927cc12566546f2d,cc434cb370794bad92a5bb195fef0b18,66f7701ddb554f78b156379ceaf4c7f1,a04585876adb419db7469ee61c5a82132fd872b8933a4ea7bee38e1c7bd96feb3037b1916f0c42ae96bf19bc97dedc8e,fdc9a3d207744887b0800a8c863b8a23,718e13de502344f1af511f9b9b87863e,76f51a3173c046fcb4bde207a42abaeb,50baba11246446a0bb0c665d33f77f3c,491d6e51e2d74973a93f12344061dd9e,3c46993fc8b74675998a36d724c85edd,7c850b4aa6cc41ab927cc12566546f2d,cc434cb370794bad92a5bb195fef0b18,66f7701ddb554f78b156379ceaf4c7f1,a04585876adb419db7469ee61c5a82132fd872b8933a4ea7bee38e1c7bd96feb3037b1916f0c42ae96bf19bc97dedc8e,fdc9a3d207744887b0800a8c863b8a23,718e13de502344f1af511f9b9b87863e,76f51a3173c046fcb4bde207a42abaeb,50baba11246446a0bb0c665d33f77f3c,491d6e51e2d74973a93f12344061dd9e,3c46993fc8b74675998a36d724c85edd,7c850b4aa6cc41ab927cc12566546f2d,cc434cb370794bad92a5bb195fef0b18,66f7701ddb554f78b156379ceaf4c7f1,a04585876adb419db7469ee61c5a82132fd872b8933a4ea7bee38e1c7bd96feb3037b1916f0c42ae96bf19bc97dedc8e,fdc9a3d207744887b0800a8c863b8a23,718e13de502344f1af511f9b9b87863e,76f51a3173c046fcb4bde207a42abaeb,50baba11246446a0bb0c665d33f77f3c,491d6e51e2d74973a93f12344061dd9e,3c46993fc8b74675998a', 'null', 1, 'syntax error, expect {, actual int, pos 0, fastjson-version 1.2.60', '2020-01-16 15:02:44');
INSERT INTO `sys_oper_log` VALUES (228, '停车场测试', 3, 'com.ruoyi.etc.toll.controller.EtcTollTestController.remove()', 'POST', 1, 'admin', '研发部门', '/etcToll/test/remove', '127.0.0.1', '内网IP', '{\r\n  \"ids\" : [ \"815fa6d4406b4908829024dfbed89290\" ]\r\n}', '{\r\n  \"msg\" : \"操作成功\",\r\n  \"code\" : 0\r\n}', 0, NULL, '2020-01-16 15:03:03');
INSERT INTO `sys_oper_log` VALUES (229, '停车场测试', 1, 'com.ruoyi.etc.toll.controller.EtcTollTestController.addSave()', 'POST', 1, 'admin', '研发部门', '/etcToll/test/add', '127.0.0.1', '内网IP', '{\r\n  \"name\" : [ \"杨先生\" ],\r\n  \"phone\" : [ \"13404151911\" ],\r\n  \"email\" : [ \"1174716221@qq.com\" ],\r\n  \"age\" : [ \"11\" ],\r\n  \"sex\" : [ \"0\" ],\r\n  \"aboutFile\" : [ \"{\\\"id\\\":\\\"19cf7fabbe07435ab304548e1f7c37a9\\\",\\\"createTime\\\":\\\"2020-01-16 15:03:19\\\",\\\"createUserId\\\":1,\\\"updateTime\\\":null,\\\"updateUserId\\\":null,\\\"del\\\":0,\\\"remark\\\":null,\\\"params\\\":null,\\\"ids\\\":null,\\\"name\\\":\\\"client - 副本.properties\\\",\\\"realName\\\":\\\"099dced86bef7666b0bd0c9ec61d739e.properties\\\",\\\"fileSize\\\":1584,\\\"extension\\\":\\\"properties\\\",\\\"contentType\\\":\\\".properties\\\",\\\"directory\\\":\\\"D:/ruoyi/uploadPath/tmp/2020/01/16/099dced86bef7666b0bd0c9ec61d739e.properties\\\",\\\"visitUrl\\\":\\\"/profile/tmp/2020/01/16/099dced86bef7666b0bd0c9ec61d739e.properties\\\"}2fd872b8933a4ea7bee38e1c7bd96feb{\\\"id\\\":\\\"8a00c45eda97487e89128743d9055948\\\",\\\"createTime\\\":\\\"2020-01-16 15:03:19\\\",\\\"createUserId\\\":1,\\\"updateTime\\\":null,\\\"updateUserId\\\":null,\\\"del\\\":0,\\\"remark\\\":null,\\\"params\\\":null,\\\"ids\\\":null,\\\"name\\\":\\\"client.properties\\\",\\\"realName\\\":\\\"fa77a11b1f0de5db2e93662f3e2976fe.properties\\\",\\\"fileSize\\\":5759,\\\"extension\\\":\\\"properties\\\",\\\"contentType\\\":\\\".properties\\\",\\\"directory\\\":\\\"D:/ruoyi/uploadPath/tmp/2020/01/16/fa77a11b1f0de5db2e93662f3e2976fe.properties\\\",\\\"visitUrl\\\":\\\"/profile/tmp/2020/01/16/fa77a11b1f0de5db2e93662f3e2976fe.properties\\\"}2fd872b8933a4ea7bee38e1c7bd96feb\" ]\r\n}', '{\r\n  \"msg\" : \"操作成功\",\r\n  \"code\" : 0\r\n}', 0, NULL, '2020-01-16 15:03:22');
INSERT INTO `sys_oper_log` VALUES (230, '停车场测试', 2, 'com.ruoyi.etc.toll.controller.EtcTollTestController.editSave()', 'POST', 1, 'admin', '研发部门', '/etcToll/test/edit', '127.0.0.1', '内网IP', '{\r\n  \"id\" : [ \"1323aa0cec52458d952d1a0b996220ef\" ],\r\n  \"name\" : [ \"杨先生\" ],\r\n  \"phone\" : [ \"13404151911\" ],\r\n  \"email\" : [ \"1174716221@qq.com\" ],\r\n  \"age\" : [ \"11\" ],\r\n  \"sex\" : [ \"0\" ],\r\n  \"aboutFile\" : [ \"19cf7fabbe07435ab304548e1f7c37a92fd872b8933a4ea7bee38e1c7bd96feb33168923199a456192cb1083ff9248402fd872b8933a4ea7bee38e1c7bd96feb\" ]\r\n}', 'null', 1, 'syntax error, expect {, actual int, pos 0, fastjson-version 1.2.60', '2020-01-16 15:07:41');
INSERT INTO `sys_oper_log` VALUES (231, '停车场测试', 2, 'com.ruoyi.etc.toll.controller.EtcTollTestController.editSave()', 'POST', 1, 'admin', '研发部门', '/etcToll/test/edit', '127.0.0.1', '内网IP', '{\r\n  \"id\" : [ \"1323aa0cec52458d952d1a0b996220ef\" ],\r\n  \"name\" : [ \"杨先生\" ],\r\n  \"phone\" : [ \"13404151911\" ],\r\n  \"email\" : [ \"1174716221@qq.com\" ],\r\n  \"age\" : [ \"11\" ],\r\n  \"sex\" : [ \"0\" ],\r\n  \"aboutFile\" : [ \"19cf7fabbe07435ab304548e1f7c37a92fd872b8933a4ea7bee38e1c7bd96feb33168923199a456192cb1083ff9248402fd872b8933a4ea7bee38e1c7bd96feb\" ]\r\n}', 'null', 1, 'syntax error, expect {, actual int, pos 0, fastjson-version 1.2.60', '2020-01-16 15:09:29');
INSERT INTO `sys_oper_log` VALUES (232, '停车场测试', 3, 'com.ruoyi.etc.toll.controller.EtcTollTestController.remove()', 'POST', 1, 'admin', '研发部门', '/etcToll/test/remove', '127.0.0.1', '内网IP', '{\r\n  \"ids\" : [ \"1323aa0cec52458d952d1a0b996220ef\" ]\r\n}', '{\r\n  \"msg\" : \"操作成功\",\r\n  \"code\" : 0\r\n}', 0, NULL, '2020-01-16 15:10:42');
INSERT INTO `sys_oper_log` VALUES (233, '停车场测试', 1, 'com.ruoyi.etc.toll.controller.EtcTollTestController.addSave()', 'POST', 1, 'admin', '研发部门', '/etcToll/test/add', '127.0.0.1', '内网IP', '{\r\n  \"name\" : [ \"杨先生\" ],\r\n  \"phone\" : [ \"13404151911\" ],\r\n  \"email\" : [ \"1174716221@qq.com\" ],\r\n  \"age\" : [ \"11\" ],\r\n  \"sex\" : [ \"0\" ],\r\n  \"aboutFile\" : [ \"{\\\"id\\\":\\\"df4fb83864bc487a9b7d24177a8bd56c\\\",\\\"createTime\\\":\\\"2020-01-16 15:11:30\\\",\\\"createUserId\\\":1,\\\"updateTime\\\":null,\\\"updateUserId\\\":null,\\\"del\\\":0,\\\"remark\\\":null,\\\"params\\\":null,\\\"ids\\\":null,\\\"name\\\":\\\"client.properties\\\",\\\"realName\\\":\\\"3b49e0fb4fe749fc3c53fe44de4ade55.properties\\\",\\\"fileSize\\\":5759,\\\"extension\\\":\\\"properties\\\",\\\"contentType\\\":\\\".properties\\\",\\\"directory\\\":\\\"D:/ruoyi/uploadPath/tmp/2020/01/16/3b49e0fb4fe749fc3c53fe44de4ade55.properties\\\",\\\"visitUrl\\\":\\\"/profile/tmp/2020/01/16/3b49e0fb4fe749fc3c53fe44de4ade55.properties\\\"}2fd872b8933a4ea7bee38e1c7bd96feb{\\\"id\\\":\\\"c7d78a26379d4f03a036207a5d0273e7\\\",\\\"createTime\\\":\\\"2020-01-16 15:11:30\\\",\\\"createUserId\\\":1,\\\"updateTime\\\":null,\\\"updateUserId\\\":null,\\\"del\\\":0,\\\"remark\\\":null,\\\"params\\\":null,\\\"ids\\\":null,\\\"name\\\":\\\"client - 副本.properties\\\",\\\"realName\\\":\\\"a5e3371962b21bc16e5baae74ddad287.properties\\\",\\\"fileSize\\\":1584,\\\"extension\\\":\\\"properties\\\",\\\"contentType\\\":\\\".properties\\\",\\\"directory\\\":\\\"D:/ruoyi/uploadPath/tmp/2020/01/16/a5e3371962b21bc16e5baae74ddad287.properties\\\",\\\"visitUrl\\\":\\\"/profile/tmp/2020/01/16/a5e3371962b21bc16e5baae74ddad287.properties\\\"}2fd872b8933a4ea7bee38e1c7bd96feb\" ]\r\n}', '{\r\n  \"msg\" : \"操作成功\",\r\n  \"code\" : 0\r\n}', 0, NULL, '2020-01-16 15:11:30');
INSERT INTO `sys_oper_log` VALUES (234, '停车场测试', 2, 'com.ruoyi.etc.toll.controller.EtcTollTestController.editSave()', 'POST', 1, 'admin', '研发部门', '/etcToll/test/edit', '127.0.0.1', '内网IP', '{\r\n  \"id\" : [ \"cf29038ba0de43ffa152f8430b1243ea\" ],\r\n  \"name\" : [ \"杨先生\" ],\r\n  \"phone\" : [ \"13404151911\" ],\r\n  \"email\" : [ \"1174716221@qq.com\" ],\r\n  \"age\" : [ \"11\" ],\r\n  \"sex\" : [ \"0\" ],\r\n  \"aboutFile\" : [ \"{\\\"id\\\":\\\"3484f98083d0425db3f2dc737a526a8e\\\",\\\"createTime\\\":\\\"2020-01-16 15:11:42\\\",\\\"createUserId\\\":1,\\\"updateTime\\\":null,\\\"updateUserId\\\":null,\\\"del\\\":0,\\\"remark\\\":null,\\\"params\\\":null,\\\"ids\\\":null,\\\"name\\\":\\\"360Newsld.exe\\\",\\\"realName\\\":\\\"2af90396c13b0ddbcaf6ec2d05212976.exe\\\",\\\"fileSize\\\":1056096,\\\"extension\\\":\\\"exe\\\",\\\"contentType\\\":\\\".exe\\\",\\\"directory\\\":\\\"D:/ruoyi/uploadPath/tmp/2020/01/16/2af90396c13b0ddbcaf6ec2d05212976.exe\\\",\\\"visitUrl\\\":\\\"/profile/tmp/2020/01/16/2af90396c13b0ddbcaf6ec2d05212976.exe\\\"}2fd872b8933a4ea7bee38e1c7bd96febc7d78a26379d4f03a036207a5d0273e72fd872b8933a4ea7bee38e1c7bd96feb\" ]\r\n}', '{\r\n  \"msg\" : \"操作成功\",\r\n  \"code\" : 0\r\n}', 0, NULL, '2020-01-16 15:12:00');
INSERT INTO `sys_oper_log` VALUES (235, '停车场测试', 1, 'com.ruoyi.etc.toll.controller.EtcTollTestController.addSave()', 'POST', 1, 'admin', '研发部门', '/etcToll/test/add', '127.0.0.1', '内网IP', '{\r\n  \"name\" : [ \"qq\" ],\r\n  \"phone\" : [ \"13404151911\" ],\r\n  \"email\" : [ \"1174716221@qq.com\" ],\r\n  \"age\" : [ \"11\" ],\r\n  \"sex\" : [ \"0\" ],\r\n  \"aboutFile\" : [ \"\" ]\r\n}', '{\r\n  \"msg\" : \"相关附件不能为空\",\r\n  \"code\" : 500\r\n}', 0, NULL, '2020-01-16 15:31:11');
INSERT INTO `sys_oper_log` VALUES (236, '停车场测试', 1, 'com.ruoyi.etc.toll.controller.EtcTollTestController.addSave()', 'POST', 1, 'admin', '研发部门', '/etcToll/test/add', '127.0.0.1', '内网IP', '{\r\n  \"name\" : [ \"qq\" ],\r\n  \"phone\" : [ \"13404151911\" ],\r\n  \"email\" : [ \"1174716221@qq.com\" ],\r\n  \"age\" : [ \"11\" ],\r\n  \"sex\" : [ \"0\" ],\r\n  \"aboutFile\" : [ \"\" ]\r\n}', '{\r\n  \"msg\" : \"相关附件不能为空\",\r\n  \"code\" : 500\r\n}', 0, NULL, '2020-01-16 15:31:17');
INSERT INTO `sys_oper_log` VALUES (237, '停车场测试', 1, 'com.ruoyi.etc.toll.controller.EtcTollTestController.addSave()', 'POST', 1, 'admin', '研发部门', '/etcToll/test/add', '127.0.0.1', '内网IP', '{\r\n  \"name\" : [ \"qq\" ],\r\n  \"phone\" : [ \"13404151911\" ],\r\n  \"email\" : [ \"1174716221@qq.com\" ],\r\n  \"age\" : [ \"11\" ],\r\n  \"sex\" : [ \"0\" ],\r\n  \"aboutFile\" : [ \"{\\\"id\\\":\\\"067af7c92e0d4568abd2a5b0f003383c\\\",\\\"createTime\\\":\\\"2020-01-16 15:31:21\\\",\\\"createUserId\\\":1,\\\"updateTime\\\":null,\\\"updateUserId\\\":null,\\\"del\\\":0,\\\"remark\\\":null,\\\"params\\\":null,\\\"ids\\\":null,\\\"name\\\":\\\"360Newsld.exe\\\",\\\"realName\\\":\\\"676280110d9eeb4d203d58d96d9685c8.exe\\\",\\\"fileSize\\\":1056096,\\\"extension\\\":\\\"exe\\\",\\\"contentType\\\":\\\".exe\\\",\\\"directory\\\":\\\"D:/ruoyi/uploadPath/tmp/2020/01/16/676280110d9eeb4d203d58d96d9685c8.exe\\\",\\\"visitUrl\\\":\\\"/profile/tmp/2020/01/16/676280110d9eeb4d203d58d96d9685c8.exe\\\"}2fd872b8933a4ea7bee38e1c7bd96feb\" ]\r\n}', '{\r\n  \"msg\" : \"操作成功\",\r\n  \"code\" : 0\r\n}', 0, NULL, '2020-01-16 15:31:22');
INSERT INTO `sys_oper_log` VALUES (238, '停车场测试', 2, 'com.ruoyi.etc.toll.controller.EtcTollTestController.editSave()', 'POST', 1, 'admin', '研发部门', '/etcToll/test/edit', '127.0.0.1', '内网IP', '{\r\n  \"id\" : [ \"79c73591ff834cabaaaddf487526771e\" ],\r\n  \"name\" : [ \"qq\" ],\r\n  \"phone\" : [ \"13404151911\" ],\r\n  \"email\" : [ \"1174716221@qq.com\" ],\r\n  \"age\" : [ \"11\" ],\r\n  \"sex\" : [ \"0\" ],\r\n  \"aboutFile\" : [ \"{\\\"id\\\":\\\"553bd18512064a2bbd7909a991e96a16\\\",\\\"createTime\\\":\\\"2020-01-16 15:31:49\\\",\\\"createUserId\\\":1,\\\"updateTime\\\":null,\\\"updateUserId\\\":null,\\\"del\\\":0,\\\"remark\\\":null,\\\"params\\\":null,\\\"ids\\\":null,\\\"name\\\":\\\"2.jpg\\\",\\\"realName\\\":\\\"b86a3286df727c6d19d31a627aebbd91.jpg\\\",\\\"fileSize\\\":79516,\\\"extension\\\":\\\"jpg\\\",\\\"contentType\\\":\\\".jpg\\\",\\\"directory\\\":\\\"D:/ruoyi/uploadPath/tmp/2020/01/16/b86a3286df727c6d19d31a627aebbd91.jpg\\\",\\\"visitUrl\\\":\\\"/profile/tmp/2020/01/16/b86a3286df727c6d19d31a627aebbd91.jpg\\\"}2fd872b8933a4ea7bee38e1c7bd96feb{\\\"id\\\":\\\"1aa0ca1be12c458d8b2ad9d0a2f65fcb\\\",\\\"createTime\\\":\\\"2020-01-16 15:31:45\\\",\\\"createUserId\\\":1,\\\"updateTime\\\":null,\\\"updateUserId\\\":null,\\\"del\\\":0,\\\"remark\\\":null,\\\"params\\\":null,\\\"ids\\\":null,\\\"name\\\":\\\"1.png\\\",\\\"realName\\\":\\\"43e2095cd5ec9303b81c1104d50017c1.png\\\",\\\"fileSize\\\":151260,\\\"extension\\\":\\\"png\\\",\\\"contentType\\\":\\\".png\\\",\\\"directory\\\":\\\"D:/ruoyi/uploadPath/tmp/2020/01/16/43e2095cd5ec9303b81c1104d50017c1.png\\\",\\\"visitUrl\\\":\\\"/profile/tmp/2020/01/16/43e2095cd5ec9303b81c1104d50017c1.png\\\"}2fd872b8933a4ea7bee38e1c7bd96feb067af7c92e0d4568abd2a5b0f003383c\" ]\r\n}', '{\r\n  \"msg\" : \"操作成功\",\r\n  \"code\" : 0\r\n}', 0, NULL, '2020-01-16 15:31:56');
INSERT INTO `sys_oper_log` VALUES (239, '停车场测试', 2, 'com.ruoyi.etc.toll.controller.EtcTollTestController.editSave()', 'POST', 1, 'admin', '研发部门', '/etcToll/test/edit', '127.0.0.1', '内网IP', '{\r\n  \"id\" : [ \"79c73591ff834cabaaaddf487526771e\" ],\r\n  \"name\" : [ \"qq\" ],\r\n  \"phone\" : [ \"13404151911\" ],\r\n  \"email\" : [ \"1174716221@qq.com\" ],\r\n  \"age\" : [ \"11\" ],\r\n  \"sex\" : [ \"0\" ],\r\n  \"aboutFile\" : [ \"2fd872b8933a4ea7bee38e1c7bd96feb1aa0ca1be12c458d8b2ad9d0a2f65fcb2fd872b8933a4ea7bee38e1c7bd96feb553bd18512064a2bbd7909a991e96a162fd872b8933a4ea7bee38e1c7bd96feb\" ]\r\n}', 'null', 1, '', '2020-01-16 15:32:12');
INSERT INTO `sys_oper_log` VALUES (240, '停车场测试', 2, 'com.ruoyi.etc.toll.controller.EtcTollTestController.editSave()', 'POST', 1, 'admin', '研发部门', '/etcToll/test/edit', '127.0.0.1', '内网IP', '{\r\n  \"id\" : [ \"79c73591ff834cabaaaddf487526771e\" ],\r\n  \"name\" : [ \"qq\" ],\r\n  \"phone\" : [ \"13404151911\" ],\r\n  \"email\" : [ \"1174716221@qq.com\" ],\r\n  \"age\" : [ \"11\" ],\r\n  \"sex\" : [ \"0\" ],\r\n  \"aboutFile\" : [ \"2fd872b8933a4ea7bee38e1c7bd96feb1aa0ca1be12c458d8b2ad9d0a2f65fcb2fd872b8933a4ea7bee38e1c7bd96feb553bd18512064a2bbd7909a991e96a162fd872b8933a4ea7bee38e1c7bd96feb\" ]\r\n}', 'null', 1, '', '2020-01-16 15:35:00');
INSERT INTO `sys_oper_log` VALUES (241, '停车场测试', 2, 'com.ruoyi.etc.toll.controller.EtcTollTestController.editSave()', 'POST', 1, 'admin', '研发部门', '/etcToll/test/edit', '127.0.0.1', '内网IP', '{\r\n  \"id\" : [ \"79c73591ff834cabaaaddf487526771e\" ],\r\n  \"name\" : [ \"qq\" ],\r\n  \"phone\" : [ \"13404151911\" ],\r\n  \"email\" : [ \"1174716221@qq.com\" ],\r\n  \"age\" : [ \"11\" ],\r\n  \"sex\" : [ \"0\" ],\r\n  \"aboutFile\" : [ \"{\\\"id\\\":\\\"329aeadceaed4ca6b2648c2a65f2d341\\\",\\\"createTime\\\":\\\"2020-01-16 15:35:05\\\",\\\"createUserId\\\":1,\\\"updateTime\\\":null,\\\"updateUserId\\\":null,\\\"del\\\":0,\\\"remark\\\":null,\\\"params\\\":null,\\\"ids\\\":null,\\\"name\\\":\\\"1.png\\\",\\\"realName\\\":\\\"9e6213220007ae9942d419a3e9a18583.png\\\",\\\"fileSize\\\":151260,\\\"extension\\\":\\\"png\\\",\\\"contentType\\\":\\\".png\\\",\\\"directory\\\":\\\"D:/ruoyi/uploadPath/tmp/2020/01/16/9e6213220007ae9942d419a3e9a18583.png\\\",\\\"visitUrl\\\":\\\"/profile/tmp/2020/01/16/9e6213220007ae9942d419a3e9a18583.png\\\"}2fd872b8933a4ea7bee38e1c7bd96feb2fd872b8933a4ea7bee38e1c7bd96feb1aa0ca1be12c458d8b2ad9d0a2f65fcb2fd872b8933a4ea7bee38e1c7bd96feb553bd18512064a2bbd7909a991e96a162fd872b8933a4ea7bee38e1c7bd96feb\" ]\r\n}', 'null', 1, '', '2020-01-16 15:35:06');
INSERT INTO `sys_oper_log` VALUES (242, '停车场测试', 2, 'com.ruoyi.etc.toll.controller.EtcTollTestController.editSave()', 'POST', 1, 'admin', '研发部门', '/etcToll/test/edit', '127.0.0.1', '内网IP', '{\r\n  \"id\" : [ \"79c73591ff834cabaaaddf487526771e\" ],\r\n  \"name\" : [ \"qq\" ],\r\n  \"phone\" : [ \"13404151911\" ],\r\n  \"email\" : [ \"1174716221@qq.com\" ],\r\n  \"age\" : [ \"11\" ],\r\n  \"sex\" : [ \"0\" ],\r\n  \"aboutFile\" : [ \"{\\\"id\\\":\\\"329aeadceaed4ca6b2648c2a65f2d341\\\",\\\"createTime\\\":\\\"2020-01-16 15:35:05\\\",\\\"createUserId\\\":1,\\\"updateTime\\\":null,\\\"updateUserId\\\":null,\\\"del\\\":0,\\\"remark\\\":null,\\\"params\\\":null,\\\"ids\\\":null,\\\"name\\\":\\\"1.png\\\",\\\"realName\\\":\\\"9e6213220007ae9942d419a3e9a18583.png\\\",\\\"fileSize\\\":151260,\\\"extension\\\":\\\"png\\\",\\\"contentType\\\":\\\".png\\\",\\\"directory\\\":\\\"D:/ruoyi/uploadPath/tmp/2020/01/16/9e6213220007ae9942d419a3e9a18583.png\\\",\\\"visitUrl\\\":\\\"/profile/tmp/2020/01/16/9e6213220007ae9942d419a3e9a18583.png\\\"}2fd872b8933a4ea7bee38e1c7bd96feb2fd872b8933a4ea7bee38e1c7bd96feb1aa0ca1be12c458d8b2ad9d0a2f65fcb2fd872b8933a4ea7bee38e1c7bd96feb553bd18512064a2bbd7909a991e96a162fd872b8933a4ea7bee38e1c7bd96feb\" ]\r\n}', 'null', 1, '', '2020-01-16 15:36:58');
INSERT INTO `sys_oper_log` VALUES (243, '停车场测试', 2, 'com.ruoyi.etc.toll.controller.EtcTollTestController.editSave()', 'POST', 1, 'admin', '研发部门', '/etcToll/test/edit', '127.0.0.1', '内网IP', '{\r\n  \"id\" : [ \"79c73591ff834cabaaaddf487526771e\" ],\r\n  \"name\" : [ \"qq\" ],\r\n  \"phone\" : [ \"13404151911\" ],\r\n  \"email\" : [ \"1174716221@qq.com\" ],\r\n  \"age\" : [ \"11\" ],\r\n  \"sex\" : [ \"0\" ],\r\n  \"aboutFile\" : [ \"{\\\"id\\\":\\\"c41f7fffc0b14b44b88306cb7b27aac6\\\",\\\"createTime\\\":\\\"2020-01-16 15:37:14\\\",\\\"createUserId\\\":1,\\\"updateTime\\\":null,\\\"updateUserId\\\":null,\\\"del\\\":0,\\\"remark\\\":null,\\\"params\\\":null,\\\"ids\\\":null,\\\"name\\\":\\\"2.jpg\\\",\\\"realName\\\":\\\"f993185b511b8ea092485b524d0e9719.jpg\\\",\\\"fileSize\\\":79516,\\\"extension\\\":\\\"jpg\\\",\\\"contentType\\\":\\\".jpg\\\",\\\"directory\\\":\\\"D:/ruoyi/uploadPath/tmp/2020/01/16/f993185b511b8ea092485b524d0e9719.jpg\\\",\\\"visitUrl\\\":\\\"/profile/tmp/2020/01/16/f993185b511b8ea092485b524d0e9719.jpg\\\"}2fd872b8933a4ea7bee38e1c7bd96feb{\\\"id\\\":\\\"0145b51af0754c259dd67e39520ec2ae\\\",\\\"createTime\\\":\\\"2020-01-16 15:37:11\\\",\\\"createUserId\\\":1,\\\"updateTime\\\":null,\\\"updateUserId\\\":null,\\\"del\\\":0,\\\"remark\\\":null,\\\"params\\\":null,\\\"ids\\\":null,\\\"name\\\":\\\"1.png\\\",\\\"realName\\\":\\\"46f75ec6c85a19205aadd9b3fb7f15d7.png\\\",\\\"fileSize\\\":151260,\\\"extension\\\":\\\"png\\\",\\\"contentType\\\":\\\".png\\\",\\\"directory\\\":\\\"D:/ruoyi/uploadPath/tmp/2020/01/16/46f75ec6c85a19205aadd9b3fb7f15d7.png\\\",\\\"visitUrl\\\":\\\"/profile/tmp/2020/01/16/46f75ec6c85a19205aadd9b3fb7f15d7.png\\\"}2fd872b8933a4ea7bee38e1c7bd96feb553bd18512064a2bbd7909a991e96a16,1aa0ca1be12c458d8b2ad9d0a2f65fcb,367b901e6ab6458ca2e5c8956d1e022b\" ]\r\n}', '{\r\n  \"msg\" : \"操作成功\",\r\n  \"code\" : 0\r\n}', 0, NULL, '2020-01-16 15:37:15');
INSERT INTO `sys_oper_log` VALUES (244, '停车场测试', 3, 'com.ruoyi.etc.toll.controller.EtcTollTestController.remove()', 'POST', 1, 'admin', '研发部门', '/etcToll/test/remove', '127.0.0.1', '内网IP', '{\r\n  \"ids\" : [ \"79c73591ff834cabaaaddf487526771e\" ]\r\n}', '{\r\n  \"msg\" : \"操作成功\",\r\n  \"code\" : 0\r\n}', 0, NULL, '2020-01-16 15:37:27');
INSERT INTO `sys_oper_log` VALUES (245, '停车场测试', 3, 'com.ruoyi.etc.toll.controller.EtcTollTestController.remove()', 'POST', 1, 'admin', '研发部门', '/etcToll/test/remove', '127.0.0.1', '内网IP', '{\r\n  \"ids\" : [ \"cf29038ba0de43ffa152f8430b1243ea\" ]\r\n}', '{\r\n  \"msg\" : \"操作成功\",\r\n  \"code\" : 0\r\n}', 0, NULL, '2020-01-16 15:37:29');
INSERT INTO `sys_oper_log` VALUES (246, '停车场测试', 1, 'com.ruoyi.etc.toll.controller.EtcTollTestController.addSave()', 'POST', 1, 'admin', '研发部门', '/etcToll/test/add', '127.0.0.1', '内网IP', '{\r\n  \"name\" : [ \"222\" ],\r\n  \"phone\" : [ \"13404151911\" ],\r\n  \"email\" : [ \"1174716221@qq.com\" ],\r\n  \"age\" : [ \"111\" ],\r\n  \"sex\" : [ \"0\" ],\r\n  \"aboutFile\" : [ \"{\\\"id\\\":\\\"9b5220cafcef495f88298aea9eebf09f\\\",\\\"createTime\\\":\\\"2020-01-16 15:40:29\\\",\\\"createUserId\\\":1,\\\"updateTime\\\":null,\\\"updateUserId\\\":null,\\\"del\\\":0,\\\"remark\\\":null,\\\"params\\\":null,\\\"ids\\\":null,\\\"name\\\":\\\"1.png\\\",\\\"realName\\\":\\\"45bdefbfe1071b03206b1398ea232e72.png\\\",\\\"fileSize\\\":151260,\\\"extension\\\":\\\"png\\\",\\\"contentType\\\":\\\".png\\\",\\\"directory\\\":\\\"D:/ruoyi/uploadPath/tmp/2020/01/16/45bdefbfe1071b03206b1398ea232e72.png\\\",\\\"visitUrl\\\":\\\"/profile/tmp/2020/01/16/45bdefbfe1071b03206b1398ea232e72.png\\\"}2fd872b8933a4ea7bee38e1c7bd96feb\" ]\r\n}', '{\r\n  \"msg\" : \"操作成功\",\r\n  \"code\" : 0\r\n}', 0, NULL, '2020-01-16 15:40:33');
INSERT INTO `sys_oper_log` VALUES (247, '停车场测试', 2, 'com.ruoyi.etc.toll.controller.EtcTollTestController.editSave()', 'POST', 1, 'admin', '研发部门', '/etcToll/test/edit', '127.0.0.1', '内网IP', '{\r\n  \"id\" : [ \"daded5e932f54986b690c2d243c93664\" ],\r\n  \"name\" : [ \"222\" ],\r\n  \"phone\" : [ \"13404151911\" ],\r\n  \"email\" : [ \"1174716221@qq.com\" ],\r\n  \"age\" : [ \"111\" ],\r\n  \"sex\" : [ \"0\" ],\r\n  \"aboutFile\" : [ \"{\\\"id\\\":\\\"eee9536298a44f6fb3feac0de45321af\\\",\\\"createTime\\\":\\\"2020-01-16 15:40:45\\\",\\\"createUserId\\\":1,\\\"updateTime\\\":null,\\\"updateUserId\\\":null,\\\"del\\\":0,\\\"remark\\\":null,\\\"params\\\":null,\\\"ids\\\":null,\\\"name\\\":\\\"3.jpg\\\",\\\"realName\\\":\\\"23c0edd2fc798ef67c4e88ddb0f2c197.jpg\\\",\\\"fileSize\\\":330760,\\\"extension\\\":\\\"jpg\\\",\\\"contentType\\\":\\\".jpg\\\",\\\"directory\\\":\\\"D:/ruoyi/uploadPath/tmp/2020/01/16/23c0edd2fc798ef67c4e88ddb0f2c197.jpg\\\",\\\"visitUrl\\\":\\\"/profile/tmp/2020/01/16/23c0edd2fc798ef67c4e88ddb0f2c197.jpg\\\"}(2fd872b8933a4ea7bee38e1c7bd96feb){\\\"id\\\":\\\"b3616367a51d4a858ff2b122e8f916c5\\\",\\\"createTime\\\":\\\"2020-01-16 15:40:45\\\",\\\"createUserId\\\":1,\\\"updateTime\\\":null,\\\"updateUserId\\\":null,\\\"del\\\":0,\\\"remark\\\":null,\\\"params\\\":null,\\\"ids\\\":null,\\\"name\\\":\\\"2.png\\\",\\\"realName\\\":\\\"3e54c46ee0b0c4a162e20b8a14955056.png\\\",\\\"fileSize\\\":171706,\\\"extension\\\":\\\"png\\\",\\\"contentType\\\":\\\".png\\\",\\\"directory\\\":\\\"D:/ruoyi/uploadPath/tmp/2020/01/16/3e54c46ee0b0c4a162e20b8a14955056.png\\\",\\\"visitUrl\\\":\\\"/profile/tmp/2020/01/16/3e54c46ee0b0c4a162e20b8a14955056.png\\\"}(2fd872b8933a4ea7bee38e1c7bd96feb)9b5220cafcef495f88298aea9eebf09f\" ]\r\n}', 'null', 1, 'not close json text, token : (', '2020-01-16 15:42:49');
INSERT INTO `sys_oper_log` VALUES (248, '停车场测试', 3, 'com.ruoyi.etc.toll.controller.EtcTollTestController.remove()', 'POST', 1, 'admin', '研发部门', '/etcToll/test/remove', '127.0.0.1', '内网IP', '{\r\n  \"ids\" : [ \"daded5e932f54986b690c2d243c93664\" ]\r\n}', '{\r\n  \"msg\" : \"操作成功\",\r\n  \"code\" : 0\r\n}', 0, NULL, '2020-01-16 15:44:47');
INSERT INTO `sys_oper_log` VALUES (249, '停车场测试', 1, 'com.ruoyi.etc.toll.controller.EtcTollTestController.addSave()', 'POST', 1, 'admin', '研发部门', '/etcToll/test/add', '127.0.0.1', '内网IP', '{\r\n  \"name\" : [ \"杨先生\" ],\r\n  \"phone\" : [ \"13404151911\" ],\r\n  \"email\" : [ \"1174716221@qq.com\" ],\r\n  \"age\" : [ \"11\" ],\r\n  \"sex\" : [ \"0\" ],\r\n  \"aboutFile\" : [ \"{\\\"id\\\":\\\"48b5fd0134a04736b56f94a847633eb3\\\",\\\"createTime\\\":\\\"2020-01-16 15:44:51\\\",\\\"createUserId\\\":1,\\\"updateTime\\\":null,\\\"updateUserId\\\":null,\\\"del\\\":0,\\\"remark\\\":null,\\\"params\\\":null,\\\"ids\\\":null,\\\"name\\\":\\\"1.png\\\",\\\"realName\\\":\\\"0b78a9e7d4c89247c61367ebf53a77f8.png\\\",\\\"fileSize\\\":171706,\\\"extension\\\":\\\"png\\\",\\\"contentType\\\":\\\".png\\\",\\\"directory\\\":\\\"D:/ruoyi/uploadPath/tmp/2020/01/16/0b78a9e7d4c89247c61367ebf53a77f8.png\\\",\\\"visitUrl\\\":\\\"/profile/tmp/2020/01/16/0b78a9e7d4c89247c61367ebf53a77f8.png\\\"}2fd872b8933a4ea7bee38e1c7bd96feb\" ]\r\n}', '{\r\n  \"msg\" : \"操作成功\",\r\n  \"code\" : 0\r\n}', 0, NULL, '2020-01-16 15:44:56');
INSERT INTO `sys_oper_log` VALUES (250, '停车场测试', 2, 'com.ruoyi.etc.toll.controller.EtcTollTestController.editSave()', 'POST', 1, 'admin', '研发部门', '/etcToll/test/edit', '127.0.0.1', '内网IP', '{\r\n  \"id\" : [ \"e24dfe9eccfd4148be8ba3cc22ade3bc\" ],\r\n  \"name\" : [ \"杨先生\" ],\r\n  \"phone\" : [ \"13404151911\" ],\r\n  \"email\" : [ \"1174716221@qq.com\" ],\r\n  \"age\" : [ \"11\" ],\r\n  \"sex\" : [ \"0\" ],\r\n  \"aboutFile\" : [ \"{\\\"id\\\":\\\"57074e1a346e49ae93ba1adf4e972033\\\",\\\"createTime\\\":\\\"2020-01-16 15:45:04\\\",\\\"createUserId\\\":1,\\\"updateTime\\\":null,\\\"updateUserId\\\":null,\\\"del\\\":0,\\\"remark\\\":null,\\\"params\\\":null,\\\"ids\\\":null,\\\"name\\\":\\\"3.jpg\\\",\\\"realName\\\":\\\"74f5a4b8710225ef0a655b89d1a5364c.jpg\\\",\\\"fileSize\\\":330760,\\\"extension\\\":\\\"jpg\\\",\\\"contentType\\\":\\\".jpg\\\",\\\"directory\\\":\\\"D:/ruoyi/uploadPath/tmp/2020/01/16/74f5a4b8710225ef0a655b89d1a5364c.jpg\\\",\\\"visitUrl\\\":\\\"/profile/tmp/2020/01/16/74f5a4b8710225ef0a655b89d1a5364c.jpg\\\"}new2fd872b8933a4ea7bee38e1c7bd96feb{\\\"id\\\":\\\"a0f20b501a0f4ab086c036000144e3de\\\",\\\"createTime\\\":\\\"2020-01-16 15:45:04\\\",\\\"createUserId\\\":1,\\\"updateTime\\\":null,\\\"updateUserId\\\":null,\\\"del\\\":0,\\\"remark\\\":null,\\\"params\\\":null,\\\"ids\\\":null,\\\"name\\\":\\\"4.png\\\",\\\"realName\\\":\\\"d62716e9d5515a957ee5286a7240cabc.png\\\",\\\"fileSize\\\":148074,\\\"extension\\\":\\\"png\\\",\\\"contentType\\\":\\\".png\\\",\\\"directory\\\":\\\"D:/ruoyi/uploadPath/tmp/2020/01/16/d62716e9d5515a957ee5286a7240cabc.png\\\",\\\"visitUrl\\\":\\\"/profile/tmp/2020/01/16/d62716e9d5515a957ee5286a7240cabc.png\\\"}new2fd872b8933a4ea7bee38e1c7bd96feb48b5fd0134a04736b56f94a847633eb3\" ]\r\n}', '{\r\n  \"msg\" : \"操作成功\",\r\n  \"code\" : 0\r\n}', 0, NULL, '2020-01-16 15:45:40');
INSERT INTO `sys_oper_log` VALUES (251, '停车场测试', 2, 'com.ruoyi.etc.toll.controller.EtcTollTestController.editSave()', 'POST', 1, 'admin', '研发部门', '/etcToll/test/edit', '127.0.0.1', '内网IP', '{\r\n  \"id\" : [ \"e24dfe9eccfd4148be8ba3cc22ade3bc\" ],\r\n  \"name\" : [ \"杨先生\" ],\r\n  \"phone\" : [ \"13404151911\" ],\r\n  \"email\" : [ \"1174716221@qq.com\" ],\r\n  \"age\" : [ \"11\" ],\r\n  \"sex\" : [ \"0\" ],\r\n  \"aboutFile\" : [ \"2fd872b8933a4ea7bee38e1c7bd96feb87b6ff258a2b4fc4acd18ed028d8850b2fd872b8933a4ea7bee38e1c7bd96feb57074e1a346e49ae93ba1adf4e9720332fd872b8933a4ea7bee38e1c7bd96feb{\\\"id\\\":\\\"0ba85a32e41c47cfb5206a4f4bffc06b\\\",\\\"createTime\\\":\\\"2020-01-16 15:47:31\\\",\\\"createUserId\\\":1,\\\"updateTime\\\":null,\\\"updateUserId\\\":null,\\\"del\\\":0,\\\"remark\\\":null,\\\"params\\\":null,\\\"ids\\\":null,\\\"name\\\":\\\"2.png\\\",\\\"realName\\\":\\\"4d90bd9135249dbf6d44b7ee35380649.png\\\",\\\"fileSize\\\":171706,\\\"extension\\\":\\\"png\\\",\\\"contentType\\\":\\\".png\\\",\\\"directory\\\":\\\"D:/ruoyi/uploadPath/tmp/2020/01/16/4d90bd9135249dbf6d44b7ee35380649.png\\\",\\\"visitUrl\\\":\\\"/profile/tmp/2020/01/16/4d90bd9135249dbf6d44b7ee35380649.png\\\"}new2fd872b8933a4ea7bee38e1c7bd96feb\" ]\r\n}', 'null', 1, 'nested exception is org.apache.ibatis.builder.BuilderException: The expression \'list\' evaluated to a null value.', '2020-01-16 15:48:27');
INSERT INTO `sys_oper_log` VALUES (252, '停车场测试', 1, 'com.ruoyi.etc.toll.controller.EtcTollTestController.addSave()', 'POST', 1, 'admin', '研发部门', '/etcToll/test/add', '127.0.0.1', '内网IP', '{\r\n  \"name\" : [ \" TT\" ],\r\n  \"phone\" : [ \"13404151911\" ],\r\n  \"email\" : [ \"1174716221@qq.com\" ],\r\n  \"age\" : [ \"11\" ],\r\n  \"sex\" : [ \"0\" ],\r\n  \"aboutFile\" : [ \"{\\\"id\\\":\\\"995c6006817349c8858be6c70610adde\\\",\\\"createTime\\\":\\\"2020-01-16 15:52:57\\\",\\\"createUserId\\\":1,\\\"updateTime\\\":null,\\\"updateUserId\\\":null,\\\"del\\\":0,\\\"remark\\\":null,\\\"params\\\":null,\\\"ids\\\":null,\\\"name\\\":\\\"2.png\\\",\\\"realName\\\":\\\"cbc250f167eb2e9b96feb02e1a6655eb.png\\\",\\\"fileSize\\\":171706,\\\"extension\\\":\\\"png\\\",\\\"contentType\\\":\\\".png\\\",\\\"directory\\\":\\\"D:/ruoyi/uploadPath/tmp/2020/01/16/cbc250f167eb2e9b96feb02e1a6655eb.png\\\",\\\"visitUrl\\\":\\\"/profile/tmp/2020/01/16/cbc250f167eb2e9b96feb02e1a6655eb.png\\\"}2fd872b8933a4ea7bee38e1c7bd96feb{\\\"id\\\":\\\"8bd7ad01b84e4f268bec68025fa25ecf\\\",\\\"createTime\\\":\\\"2020-01-16 15:52:57\\\",\\\"createUserId\\\":1,\\\"updateTime\\\":null,\\\"updateUserId\\\":null,\\\"del\\\":0,\\\"remark\\\":null,\\\"params\\\":null,\\\"ids\\\":null,\\\"name\\\":\\\"4.png\\\",\\\"realName\\\":\\\"552d8ad5d7813a38d0682aacd913e7ae.png\\\",\\\"fileSize\\\":148074,\\\"extension\\\":\\\"png\\\",\\\"contentType\\\":\\\".png\\\",\\\"directory\\\":\\\"D:/ruoyi/uploadPath/tmp/2020/01/16/552d8ad5d7813a38d0682aacd913e7ae.png\\\",\\\"visitUrl\\\":\\\"/profile/tmp/2020/01/16/552d8ad5d7813a38d0682aacd913e7ae.png\\\"}2fd872b8933a4ea7bee38e1c7bd96feb{\\\"id\\\":\\\"035226dc1d784ef290e2ebe2b41b5270\\\",\\\"createTime\\\":\\\"2020-01-16 15:52:57\\\",\\\"createUserId\\\":1,\\\"updateTime\\\":null,\\\"updateUserId\\\":null,\\\"del\\\":0,\\\"remark\\\":null,\\\"params\\\":null,\\\"ids\\\":null,\\\"name\\\":\\\"3.jpg\\\",\\\"realName\\\":\\\"26e635ef798ff9c4ebb61a40949b1d1b.jpg\\\",\\\"fileSize\\\":330760,\\\"extension\\\":\\\"jpg\\\",\\\"contentType\\\":\\\".jpg\\\",\\\"directory\\\":\\\"D:/ruoyi/uploadPath/tmp/2020/01/16/26e635ef798ff9c4ebb61a40949b1d1b.jpg\\\",\\\"visitUrl\\\":\\\"/profile/tmp/2020/01/16/26e635ef798ff9c4ebb61a40949b1d1b.jpg\\\"}2fd872b8933a4ea7bee38e1c7bd96feb\" ]\r\n}', '{\r\n  \"msg\" : \"操作成功\",\r\n  \"code\" : 0\r\n}', 0, NULL, '2020-01-16 15:52:58');
INSERT INTO `sys_oper_log` VALUES (253, '停车场测试', 2, 'com.ruoyi.etc.toll.controller.EtcTollTestController.editSave()', 'POST', 1, 'admin', '研发部门', '/etcToll/test/edit', '127.0.0.1', '内网IP', '{\r\n  \"id\" : [ \"8774850f58be479c8b2a5067de0cbb13\" ],\r\n  \"name\" : [ \" TT\" ],\r\n  \"phone\" : [ \"13404151911\" ],\r\n  \"email\" : [ \"1174716221@qq.com\" ],\r\n  \"age\" : [ \"11\" ],\r\n  \"sex\" : [ \"0\" ],\r\n  \"aboutFile\" : [ \"2fd872b8933a4ea7bee38e1c7bd96feb{\\\"id\\\":\\\"8fe6979b3a3041a182d3497d85043289\\\",\\\"createTime\\\":\\\"2020-01-16 15:53:05\\\",\\\"createUserId\\\":1,\\\"updateTime\\\":null,\\\"updateUserId\\\":null,\\\"del\\\":0,\\\"remark\\\":null,\\\"params\\\":null,\\\"ids\\\":null,\\\"name\\\":\\\"6.png\\\",\\\"realName\\\":\\\"9c50ff6ac36d41adac7c183cfcc0d1f6.png\\\",\\\"fileSize\\\":134490,\\\"extension\\\":\\\"png\\\",\\\"contentType\\\":\\\".png\\\",\\\"directory\\\":\\\"D:/ruoyi/uploadPath/tmp/2020/01/16/9c50ff6ac36d41adac7c183cfcc0d1f6.png\\\",\\\"visitUrl\\\":\\\"/profile/tmp/2020/01/16/9c50ff6ac36d41adac7c183cfcc0d1f6.png\\\"}new2fd872b8933a4ea7bee38e1c7bd96feb035226dc1d784ef290e2ebe2b41b52702fd872b8933a4ea7bee38e1c7bd96feb995c6006817349c8858be6c70610adde2fd872b8933a4ea7bee38e1c7bd96feb\" ]\r\n}', 'null', 1, 'nested exception is org.apache.ibatis.builder.BuilderException: The expression \'list\' evaluated to a null value.', '2020-01-16 15:55:58');
INSERT INTO `sys_oper_log` VALUES (254, '停车场测试', 2, 'com.ruoyi.etc.toll.controller.EtcTollTestController.editSave()', 'POST', 1, 'admin', '研发部门', '/etcToll/test/edit', '127.0.0.1', '内网IP', '{\r\n  \"id\" : [ \"8774850f58be479c8b2a5067de0cbb13\" ],\r\n  \"name\" : [ \" TT\" ],\r\n  \"phone\" : [ \"13404151911\" ],\r\n  \"email\" : [ \"1174716221@qq.com\" ],\r\n  \"age\" : [ \"11\" ],\r\n  \"sex\" : [ \"0\" ],\r\n  \"aboutFile\" : [ \"2fd872b8933a4ea7bee38e1c7bd96feb035226dc1d784ef290e2ebe2b41b52702fd872b8933a4ea7bee38e1c7bd96feb8bd7ad01b84e4f268bec68025fa25ecf2fd872b8933a4ea7bee38e1c7bd96feb\" ]\r\n}', 'null', 1, '\r\n### Error updating database.  Cause: java.sql.SQLSyntaxErrorException: You have an error in your SQL syntax; check the manual that corresponds to your MySQL server version for the right syntax to use near \'\' at line 4\r\n### The error may involve defaultParameterMap\r\n### The error occurred while setting parameters\r\n### SQL: insert into sys_file_info         (id,create_time,create_user_id,update_time,update_user_id,del,remark,name,real_name,file_size,extension,content_type,directory,visit_url         )         values\r\n### Cause: java.sql.SQLSyntaxErrorException: You have an error in your SQL syntax; check the manual that corresponds to your MySQL server version for the right syntax to use near \'\' at line 4\n; bad SQL grammar []; nested exception is java.sql.SQLSyntaxErrorException: You have an error in your SQL syntax; check the manual that corresponds to your MySQL server version for the right syntax to use near \'\' at line 4', '2020-01-16 16:01:26');
INSERT INTO `sys_oper_log` VALUES (255, '停车场测试', 2, 'com.ruoyi.etc.toll.controller.EtcTollTestController.editSave()', 'POST', 1, 'admin', '研发部门', '/etcToll/test/edit', '127.0.0.1', '内网IP', '{\r\n  \"id\" : [ \"8774850f58be479c8b2a5067de0cbb13\" ],\r\n  \"name\" : [ \" TT\" ],\r\n  \"phone\" : [ \"13404151911\" ],\r\n  \"email\" : [ \"1174716221@qq.com\" ],\r\n  \"age\" : [ \"11\" ],\r\n  \"sex\" : [ \"0\" ],\r\n  \"aboutFile\" : [ \"{\\\"id\\\":\\\"ca7105f310f14b60b8941c8bc57c67c1\\\",\\\"createTime\\\":\\\"2020-01-16 16:03:11\\\",\\\"createUserId\\\":1,\\\"updateTime\\\":null,\\\"updateUserId\\\":null,\\\"del\\\":0,\\\"remark\\\":null,\\\"params\\\":null,\\\"ids\\\":null,\\\"name\\\":\\\"3.jpg\\\",\\\"realName\\\":\\\"1649a4cb546b39a96e1c5ce99d50acd9.jpg\\\",\\\"fileSize\\\":330760,\\\"extension\\\":\\\"jpg\\\",\\\"contentType\\\":\\\".jpg\\\",\\\"directory\\\":\\\"D:/ruoyi/uploadPath/tmp/2020/01/16/1649a4cb546b39a96e1c5ce99d50acd9.jpg\\\",\\\"visitUrl\\\":\\\"/profile/tmp/2020/01/16/1649a4cb546b39a96e1c5ce99d50acd9.jpg\\\"}2fd872b8933a4ea7bee38e1c7bd96feb2fd872b8933a4ea7bee38e1c7bd96feb035226dc1d784ef290e2ebe2b41b52702fd872b8933a4ea7bee38e1c7bd96feb8bd7ad01b84e4f268bec68025fa25ecf2fd872b8933a4ea7bee38e1c7bd96feb\" ]\r\n}', 'null', 1, 'syntax error, expect {, actual int, pos 0, fastjson-version 1.2.60', '2020-01-16 16:08:01');
INSERT INTO `sys_oper_log` VALUES (256, '停车场测试', 2, 'com.ruoyi.etc.toll.controller.EtcTollTestController.editSave()', 'POST', 1, 'admin', '研发部门', '/etcToll/test/edit', '127.0.0.1', '内网IP', '{\r\n  \"id\" : [ \"8774850f58be479c8b2a5067de0cbb13\" ],\r\n  \"name\" : [ \" TT\" ],\r\n  \"phone\" : [ \"13404151911\" ],\r\n  \"email\" : [ \"1174716221@qq.com\" ],\r\n  \"age\" : [ \"11\" ],\r\n  \"sex\" : [ \"0\" ],\r\n  \"aboutFile\" : [ \"2fd872b8933a4ea7bee38e1c7bd96feb{\\\"id\\\":\\\"453ea793168e4d15bd203bab02bb8a2d\\\",\\\"createTime\\\":\\\"2020-01-16 16:12:35\\\",\\\"createUserId\\\":1,\\\"updateTime\\\":null,\\\"updateUserId\\\":null,\\\"del\\\":0,\\\"remark\\\":null,\\\"params\\\":null,\\\"ids\\\":null,\\\"name\\\":\\\"2.png\\\",\\\"realName\\\":\\\"c7f85489c334ba2e2ffd56a8fd551ce0.png\\\",\\\"fileSize\\\":171706,\\\"extension\\\":\\\"png\\\",\\\"contentType\\\":\\\".png\\\",\\\"directory\\\":\\\"D:/ruoyi/uploadPath/tmp/2020/01/16/c7f85489c334ba2e2ffd56a8fd551ce0.png\\\",\\\"visitUrl\\\":\\\"/profile/tmp/2020/01/16/c7f85489c334ba2e2ffd56a8fd551ce0.png\\\"}2fd872b8933a4ea7bee38e1c7bd96feb035226dc1d784ef290e2ebe2b41b52702fd872b8933a4ea7bee38e1c7bd96feb995c6006817349c8858be6c70610adde2fd872b8933a4ea7bee38e1c7bd96feb\" ]\r\n}', 'null', 1, 'syntax error, expect {, actual int, pos 0, fastjson-version 1.2.60', '2020-01-16 16:13:50');
INSERT INTO `sys_oper_log` VALUES (257, '停车场测试', 2, 'com.ruoyi.etc.toll.controller.EtcTollTestController.editSave()', 'POST', 1, 'admin', '研发部门', '/etcToll/test/edit', '127.0.0.1', '内网IP', '{\r\n  \"id\" : [ \"8774850f58be479c8b2a5067de0cbb13\" ],\r\n  \"name\" : [ \" TT\" ],\r\n  \"phone\" : [ \"13404151911\" ],\r\n  \"email\" : [ \"1174716221@qq.com\" ],\r\n  \"age\" : [ \"11\" ],\r\n  \"sex\" : [ \"0\" ],\r\n  \"aboutFile\" : [ \"2fd872b8933a4ea7bee38e1c7bd96feb035226dc1d784ef290e2ebe2b41b52702fd872b8933a4ea7bee38e1c7bd96feb8bd7ad01b84e4f268bec68025fa25ecf2fd872b8933a4ea7bee38e1c7bd96feb{\\\"id\\\":\\\"cd7185b4e8c64ed19a3b78d7f96bae6b\\\",\\\"createTime\\\":\\\"2020-01-16 16:22:11\\\",\\\"createUserId\\\":1,\\\"updateTime\\\":null,\\\"updateUserId\\\":null,\\\"del\\\":0,\\\"remark\\\":null,\\\"params\\\":null,\\\"ids\\\":null,\\\"name\\\":\\\"1.png\\\",\\\"realName\\\":\\\"a0cab5c15827796492f16cccae972047.png\\\",\\\"fileSize\\\":171706,\\\"extension\\\":\\\"png\\\",\\\"contentType\\\":\\\".png\\\",\\\"directory\\\":\\\"D:/ruoyi/uploadPath/tmp/2020/01/16/a0cab5c15827796492f16cccae972047.png\\\",\\\"visitUrl\\\":\\\"/profile/tmp/2020/01/16/a0cab5c15827796492f16cccae972047.png\\\"}2fd872b8933a4ea7bee38e1c7bd96feb\" ]\r\n}', 'null', 1, 'syntax error, expect {, actual int, pos 0, fastjson-version 1.2.60', '2020-01-16 16:23:33');
INSERT INTO `sys_oper_log` VALUES (258, '停车场测试', 2, 'com.ruoyi.etc.toll.controller.EtcTollTestController.editSave()', 'POST', 1, 'admin', '研发部门', '/etcToll/test/edit', '127.0.0.1', '内网IP', '{\r\n  \"id\" : [ \"8774850f58be479c8b2a5067de0cbb13\" ],\r\n  \"name\" : [ \" TT\" ],\r\n  \"phone\" : [ \"13404151911\" ],\r\n  \"email\" : [ \"1174716221@qq.com\" ],\r\n  \"age\" : [ \"11\" ],\r\n  \"sex\" : [ \"0\" ],\r\n  \"aboutFile\" : [ \"2fd872b8933a4ea7bee38e1c7bd96feb035226dc1d784ef290e2ebe2b41b52702fd872b8933a4ea7bee38e1c7bd96feb8bd7ad01b84e4f268bec68025fa25ecf2fd872b8933a4ea7bee38e1c7bd96feb{\\\"id\\\":\\\"cd7185b4e8c64ed19a3b78d7f96bae6b\\\",\\\"createTime\\\":\\\"2020-01-16 16:22:11\\\",\\\"createUserId\\\":1,\\\"updateTime\\\":null,\\\"updateUserId\\\":null,\\\"del\\\":0,\\\"remark\\\":null,\\\"params\\\":null,\\\"ids\\\":null,\\\"name\\\":\\\"1.png\\\",\\\"realName\\\":\\\"a0cab5c15827796492f16cccae972047.png\\\",\\\"fileSize\\\":171706,\\\"extension\\\":\\\"png\\\",\\\"contentType\\\":\\\".png\\\",\\\"directory\\\":\\\"D:/ruoyi/uploadPath/tmp/2020/01/16/a0cab5c15827796492f16cccae972047.png\\\",\\\"visitUrl\\\":\\\"/profile/tmp/2020/01/16/a0cab5c15827796492f16cccae972047.png\\\"}2fd872b8933a4ea7bee38e1c7bd96feb\" ]\r\n}', 'null', 1, 'syntax error, expect {, actual int, pos 0, fastjson-version 1.2.60', '2020-01-16 16:25:33');
INSERT INTO `sys_oper_log` VALUES (259, '停车场测试', 2, 'com.ruoyi.etc.toll.controller.EtcTollTestController.editSave()', 'POST', 1, 'admin', '研发部门', '/etcToll/test/edit', '127.0.0.1', '内网IP', '{\r\n  \"id\" : [ \"8774850f58be479c8b2a5067de0cbb13\" ],\r\n  \"name\" : [ \" TT\" ],\r\n  \"phone\" : [ \"13404151911\" ],\r\n  \"email\" : [ \"1174716221@qq.com\" ],\r\n  \"age\" : [ \"11\" ],\r\n  \"sex\" : [ \"0\" ],\r\n  \"aboutFile\" : [ \"{\\\"id\\\":\\\"f9891ff31784473cbeadca6c14be70df\\\",\\\"createTime\\\":\\\"2020-01-16 16:29:17\\\",\\\"createUserId\\\":1,\\\"updateTime\\\":null,\\\"updateUserId\\\":null,\\\"del\\\":0,\\\"remark\\\":null,\\\"params\\\":null,\\\"ids\\\":null,\\\"name\\\":\\\"5.png\\\",\\\"realName\\\":\\\"f693bc2d74c4366fdf5eefdc099b1818.png\\\",\\\"fileSize\\\":167452,\\\"extension\\\":\\\"png\\\",\\\"contentType\\\":\\\".png\\\",\\\"directory\\\":\\\"D:/ruoyi/uploadPath/tmp/2020/01/16/f693bc2d74c4366fdf5eefdc099b1818.png\\\",\\\"visitUrl\\\":\\\"/profile/tmp/2020/01/16/f693bc2d74c4366fdf5eefdc099b1818.png\\\"}2fd872b8933a4ea7bee38e1c7bd96feb{\\\"id\\\":\\\"8cd512f3f4d64cb6b179b7b358af542a\\\",\\\"createTime\\\":\\\"2020-01-16 16:29:14\\\",\\\"createUserId\\\":1,\\\"updateTime\\\":null,\\\"updateUserId\\\":null,\\\"del\\\":0,\\\"remark\\\":null,\\\"params\\\":null,\\\"ids\\\":null,\\\"name\\\":\\\"1.png\\\",\\\"realName\\\":\\\"7f9df171ec31d0f58e5d38212d5243c1.png\\\",\\\"fileSize\\\":171706,\\\"extension\\\":\\\"png\\\",\\\"contentType\\\":\\\".png\\\",\\\"directory\\\":\\\"D:/ruoyi/uploadPath/tmp/2020/01/16/7f9df171ec31d0f58e5d38212d5243c1.png\\\",\\\"visitUrl\\\":\\\"/profile/tmp/2020/01/16/7f9df171ec31d0f58e5d38212d5243c1.png\\\"}2fd872b8933a4ea7bee38e1c7bd96feb995c6006817349c8858be6c70610adde2fd872b8933a4ea7bee38e1c7bd96feb035226dc1d784ef290e2ebe2b41b52702fd872b8933a4ea7bee38e1c7bd96feb\" ]\r\n}', '{\r\n  \"msg\" : \"操作成功\",\r\n  \"code\" : 0\r\n}', 0, NULL, '2020-01-16 16:30:04');
INSERT INTO `sys_oper_log` VALUES (260, '停车场测试', 2, 'com.ruoyi.etc.toll.controller.EtcTollTestController.editSave()', 'POST', 1, 'admin', '研发部门', '/etcToll/test/edit', '127.0.0.1', '内网IP', '{\r\n  \"id\" : [ \"8774850f58be479c8b2a5067de0cbb13\" ],\r\n  \"name\" : [ \" TT\" ],\r\n  \"phone\" : [ \"13404151911\" ],\r\n  \"email\" : [ \"1174716221@qq.com\" ],\r\n  \"age\" : [ \"11\" ],\r\n  \"sex\" : [ \"0\" ],\r\n  \"aboutFile\" : [ \"f9891ff31784473cbeadca6c14be70df2fd872b8933a4ea7bee38e1c7bd96feb8cd512f3f4d64cb6b179b7b358af542a2fd872b8933a4ea7bee38e1c7bd96febd2950761156645fb9cd838559e20bdaa2fd872b8933a4ea7bee38e1c7bd96feb\" ]\r\n}', '{\r\n  \"msg\" : \"操作成功\",\r\n  \"code\" : 0\r\n}', 0, NULL, '2020-01-16 16:30:15');
INSERT INTO `sys_oper_log` VALUES (261, '停车场测试', 1, 'com.ruoyi.etc.toll.controller.EtcTollTestController.addSave()', 'POST', 1, 'admin', '研发部门', '/etcToll/test/add', '127.0.0.1', '内网IP', '{\r\n  \"name\" : [ \"杨先生\" ],\r\n  \"phone\" : [ \"13404151911\" ],\r\n  \"email\" : [ \"1174716220@qq.com\" ],\r\n  \"age\" : [ \"11\" ],\r\n  \"sex\" : [ \"0\" ],\r\n  \"aboutFile\" : [ \"{\\\"id\\\":\\\"b21dbe404bd94c1c8d18c48e15ed5475\\\",\\\"createTime\\\":\\\"2020-01-16 16:33:48\\\",\\\"createUserId\\\":1,\\\"updateTime\\\":null,\\\"updateUserId\\\":null,\\\"del\\\":0,\\\"remark\\\":null,\\\"params\\\":null,\\\"ids\\\":null,\\\"name\\\":\\\"5.png\\\",\\\"realName\\\":\\\"0393317dfe8026ccfbe3eace72de32d0.png\\\",\\\"fileSize\\\":167452,\\\"extension\\\":\\\"png\\\",\\\"contentType\\\":\\\".png\\\",\\\"directory\\\":\\\"D:/ruoyi/uploadPath/tmp/2020/01/16/0393317dfe8026ccfbe3eace72de32d0.png\\\",\\\"visitUrl\\\":\\\"/profile/tmp/2020/01/16/0393317dfe8026ccfbe3eace72de32d0.png\\\"}2fd872b8933a4ea7bee38e1c7bd96feb{\\\"id\\\":\\\"eece318946a44395b61108d9efb7dc60\\\",\\\"createTime\\\":\\\"2020-01-16 16:33:48\\\",\\\"createUserId\\\":1,\\\"updateTime\\\":null,\\\"updateUserId\\\":null,\\\"del\\\":0,\\\"remark\\\":null,\\\"params\\\":null,\\\"ids\\\":null,\\\"name\\\":\\\"1.png\\\",\\\"realName\\\":\\\"6162270d6b9cc7805160fec630a10721.png\\\",\\\"fileSize\\\":171706,\\\"extension\\\":\\\"png\\\",\\\"contentType\\\":\\\".png\\\",\\\"directory\\\":\\\"D:/ruoyi/uploadPath/tmp/2020/01/16/6162270d6b9cc7805160fec630a10721.png\\\",\\\"visitUrl\\\":\\\"/profile/tmp/2020/01/16/6162270d6b9cc7805160fec630a10721.png\\\"}2fd872b8933a4ea7bee38e1c7bd96feb\" ]\r\n}', '{\r\n  \"msg\" : \"操作成功\",\r\n  \"code\" : 0\r\n}', 0, NULL, '2020-01-16 16:33:49');
INSERT INTO `sys_oper_log` VALUES (262, '停车场测试', 2, 'com.ruoyi.etc.toll.controller.EtcTollTestController.editSave()', 'POST', 1, 'admin', '研发部门', '/etcToll/test/edit', '127.0.0.1', '内网IP', '{\r\n  \"id\" : [ \"4a9a9be8d15e4e0faeb166c70b2c0270\" ],\r\n  \"name\" : [ \"杨先生\" ],\r\n  \"phone\" : [ \"13404151911\" ],\r\n  \"email\" : [ \"1174716220@qq.com\" ],\r\n  \"age\" : [ \"11\" ],\r\n  \"sex\" : [ \"0\" ],\r\n  \"aboutFile\" : [ \"2fd872b8933a4ea7bee38e1c7bd96febb21dbe404bd94c1c8d18c48e15ed54752fd872b8933a4ea7bee38e1c7bd96feb\" ]\r\n}', '{\r\n  \"msg\" : \"操作成功\",\r\n  \"code\" : 0\r\n}', 0, NULL, '2020-01-16 16:33:59');
INSERT INTO `sys_oper_log` VALUES (263, '停车场测试', 2, 'com.ruoyi.etc.toll.controller.EtcTollTestController.editSave()', 'POST', 1, 'admin', '研发部门', '/etcToll/test/edit', '127.0.0.1', '内网IP', '{\r\n  \"id\" : [ \"4a9a9be8d15e4e0faeb166c70b2c0270\" ],\r\n  \"name\" : [ \"杨先生\" ],\r\n  \"phone\" : [ \"13404151911\" ],\r\n  \"email\" : [ \"1174716220@qq.com\" ],\r\n  \"age\" : [ \"11\" ],\r\n  \"sex\" : [ \"0\" ],\r\n  \"aboutFile\" : [ \"\" ]\r\n}', 'null', 1, '\r\n### Error updating database.  Cause: java.sql.SQLSyntaxErrorException: You have an error in your SQL syntax; check the manual that corresponds to your MySQL server version for the right syntax to use near \'\' at line 4\r\n### The error may involve defaultParameterMap\r\n### The error occurred while setting parameters\r\n### SQL: insert into sys_file_info         (id,create_time,create_user_id,update_time,update_user_id,del,remark,name,real_name,file_size,extension,content_type,directory,visit_url         )         values\r\n### Cause: java.sql.SQLSyntaxErrorException: You have an error in your SQL syntax; check the manual that corresponds to your MySQL server version for the right syntax to use near \'\' at line 4\n; bad SQL grammar []; nested exception is java.sql.SQLSyntaxErrorException: You have an error in your SQL syntax; check the manual that corresponds to your MySQL server version for the right syntax to use near \'\' at line 4', '2020-01-16 16:34:19');
INSERT INTO `sys_oper_log` VALUES (264, '停车场测试', 2, 'com.ruoyi.etc.toll.controller.EtcTollTestController.editSave()', 'POST', 1, 'admin', '研发部门', '/etcToll/test/edit', '127.0.0.1', '内网IP', '{\r\n  \"id\" : [ \"4a9a9be8d15e4e0faeb166c70b2c0270\" ],\r\n  \"name\" : [ \"杨先生\" ],\r\n  \"phone\" : [ \"13404151911\" ],\r\n  \"email\" : [ \"1174716220@qq.com\" ],\r\n  \"age\" : [ \"11\" ],\r\n  \"sex\" : [ \"0\" ],\r\n  \"aboutFile\" : [ \"\" ]\r\n}', 'null', 1, '\r\n### Error updating database.  Cause: java.sql.SQLSyntaxErrorException: You have an error in your SQL syntax; check the manual that corresponds to your MySQL server version for the right syntax to use near \'\' at line 4\r\n### The error may involve defaultParameterMap\r\n### The error occurred while setting parameters\r\n### SQL: insert into sys_file_info         (id,create_time,create_user_id,update_time,update_user_id,del,remark,name,real_name,file_size,extension,content_type,directory,visit_url         )         values\r\n### Cause: java.sql.SQLSyntaxErrorException: You have an error in your SQL syntax; check the manual that corresponds to your MySQL server version for the right syntax to use near \'\' at line 4\n; bad SQL grammar []; nested exception is java.sql.SQLSyntaxErrorException: You have an error in your SQL syntax; check the manual that corresponds to your MySQL server version for the right syntax to use near \'\' at line 4', '2020-01-16 16:34:53');
INSERT INTO `sys_oper_log` VALUES (265, '停车场测试', 2, 'com.ruoyi.etc.toll.controller.EtcTollTestController.editSave()', 'POST', 1, 'admin', '研发部门', '/etcToll/test/edit', '127.0.0.1', '内网IP', '{\r\n  \"id\" : [ \"4a9a9be8d15e4e0faeb166c70b2c0270\" ],\r\n  \"name\" : [ \"杨先生\" ],\r\n  \"phone\" : [ \"13404151911\" ],\r\n  \"email\" : [ \"1174716220@qq.com\" ],\r\n  \"age\" : [ \"11\" ],\r\n  \"sex\" : [ \"0\" ],\r\n  \"aboutFile\" : [ \"\" ]\r\n}', '{\r\n  \"msg\" : \"相关附件不能为空\",\r\n  \"code\" : 500\r\n}', 0, NULL, '2020-01-16 16:36:47');
INSERT INTO `sys_oper_log` VALUES (266, '停车场测试', 2, 'com.ruoyi.etc.toll.controller.EtcTollTestController.editSave()', 'POST', 1, 'admin', '研发部门', '/etcToll/test/edit', '127.0.0.1', '内网IP', '{\r\n  \"id\" : [ \"4a9a9be8d15e4e0faeb166c70b2c0270\" ],\r\n  \"name\" : [ \"杨先生\" ],\r\n  \"phone\" : [ \"13404151911\" ],\r\n  \"email\" : [ \"1174716220@qq.com\" ],\r\n  \"age\" : [ \"11\" ],\r\n  \"sex\" : [ \"0\" ],\r\n  \"aboutFile\" : [ \"{\\\"id\\\":\\\"2ce8545ece9e40938d05a0facb9cd44f\\\",\\\"createTime\\\":\\\"2020-01-16 16:36:52\\\",\\\"createUserId\\\":1,\\\"updateTime\\\":null,\\\"updateUserId\\\":null,\\\"del\\\":0,\\\"remark\\\":null,\\\"params\\\":null,\\\"ids\\\":null,\\\"name\\\":\\\"3.jpg\\\",\\\"realName\\\":\\\"d5302a1597213f2788b6563931905cee.jpg\\\",\\\"fileSize\\\":330760,\\\"extension\\\":\\\"jpg\\\",\\\"contentType\\\":\\\".jpg\\\",\\\"directory\\\":\\\"D:/ruoyi/uploadPath/tmp/2020/01/16/d5302a1597213f2788b6563931905cee.jpg\\\",\\\"visitUrl\\\":\\\"/profile/tmp/2020/01/16/d5302a1597213f2788b6563931905cee.jpg\\\"}2fd872b8933a4ea7bee38e1c7bd96feb{\\\"id\\\":\\\"ed6113e42b234bc39e038f72e6c72dfb\\\",\\\"createTime\\\":\\\"2020-01-16 16:36:52\\\",\\\"createUserId\\\":1,\\\"updateTime\\\":null,\\\"updateUserId\\\":null,\\\"del\\\":0,\\\"remark\\\":null,\\\"params\\\":null,\\\"ids\\\":null,\\\"name\\\":\\\"2.png\\\",\\\"realName\\\":\\\"d48f0399bd2ff6bf038a0f025d4c15de.png\\\",\\\"fileSize\\\":171706,\\\"extension\\\":\\\"png\\\",\\\"contentType\\\":\\\".png\\\",\\\"directory\\\":\\\"D:/ruoyi/uploadPath/tmp/2020/01/16/d48f0399bd2ff6bf038a0f025d4c15de.png\\\",\\\"visitUrl\\\":\\\"/profile/tmp/2020/01/16/d48f0399bd2ff6bf038a0f025d4c15de.png\\\"}2fd872b8933a4ea7bee38e1c7bd96feb{\\\"id\\\":\\\"1bbc820894364a7eb7300c7e12486e93\\\",\\\"createTime\\\":\\\"2020-01-16 16:36:52\\\",\\\"createUserId\\\":1,\\\"updateTime\\\":null,\\\"updateUserId\\\":null,\\\"del\\\":0,\\\"remark\\\":null,\\\"params\\\":null,\\\"ids\\\":null,\\\"name\\\":\\\"4.png\\\",\\\"realName\\\":\\\"7c36fbfbec661896e8f0c63475750064.png\\\",\\\"fileSize\\\":148074,\\\"extension\\\":\\\"png\\\",\\\"contentType\\\":\\\".png\\\",\\\"directory\\\":\\\"D:/ruoyi/uploadPath/tmp/2020/01/16/7c36fbfbec661896e8f0c63475750064.png\\\",\\\"visitUrl\\\":\\\"/profile/tmp/2020/01/16/7c36fbfbec661896e8f0c63475750064.png\\\"}2fd872b8933a4ea7bee38e1c7bd96feb{\\\"id\\\":\\\"aafa3fbe5d274331a117a2a8eb365fad\\\",\\\"createTime\\\":\\\"2020-01-16 16:36:52\\\",\\\"createUserId\\\":1,\\\"updateTime\\\":null,\\\"updateUserId\\\":null,\\\"del\\\":0,\\\"remark\\\":null,\\\"p', '{\r\n  \"msg\" : \"操作成功\",\r\n  \"code\" : 0\r\n}', 0, NULL, '2020-01-16 16:36:57');
INSERT INTO `sys_oper_log` VALUES (267, '停车场测试', 2, 'com.ruoyi.etc.toll.controller.EtcTollTestController.editSave()', 'POST', 1, 'admin', '研发部门', '/etcToll/test/edit', '127.0.0.1', '内网IP', '{\r\n  \"id\" : [ \"4a9a9be8d15e4e0faeb166c70b2c0270\" ],\r\n  \"name\" : [ \"杨先生\" ],\r\n  \"phone\" : [ \"13404151911\" ],\r\n  \"email\" : [ \"1174716220@qq.com\" ],\r\n  \"age\" : [ \"11\" ],\r\n  \"sex\" : [ \"0\" ],\r\n  \"aboutFile\" : [ \"ed6113e42b234bc39e038f72e6c72dfb2fd872b8933a4ea7bee38e1c7bd96feb1bbc820894364a7eb7300c7e12486e932fd872b8933a4ea7bee38e1c7bd96febaafa3fbe5d274331a117a2a8eb365fad2fd872b8933a4ea7bee38e1c7bd96feb\" ]\r\n}', '{\r\n  \"msg\" : \"操作成功\",\r\n  \"code\" : 0\r\n}', 0, NULL, '2020-01-16 17:37:51');
INSERT INTO `sys_oper_log` VALUES (268, '代码生成', 6, 'com.ruoyi.generator.controller.GenController.importTableSave()', 'POST', 1, 'admin', '研发部门', '/tool/gen/importTable', '127.0.0.1', '内网IP', '{\r\n  \"tables\" : [ \"etc_toll_demo\" ]\r\n}', '{\r\n  \"msg\" : \"操作成功\",\r\n  \"code\" : 0\r\n}', 0, NULL, '2020-01-18 09:58:55');
INSERT INTO `sys_oper_log` VALUES (269, '代码生成', 3, 'com.ruoyi.generator.controller.GenController.remove()', 'POST', 1, 'admin', '研发部门', '/tool/gen/remove', '127.0.0.1', '内网IP', '{\r\n  \"ids\" : [ \"5\" ]\r\n}', '{\r\n  \"msg\" : \"操作成功\",\r\n  \"code\" : 0\r\n}', 0, NULL, '2020-01-18 09:59:05');
INSERT INTO `sys_oper_log` VALUES (270, '代码生成', 6, 'com.ruoyi.generator.controller.GenController.importTableSave()', 'POST', 1, 'admin', '研发部门', '/tool/gen/importTable', '127.0.0.1', '内网IP', '{\r\n  \"tables\" : [ \"etc_toll_demo\" ]\r\n}', '{\r\n  \"msg\" : \"操作成功\",\r\n  \"code\" : 0\r\n}', 0, NULL, '2020-01-18 09:59:12');
INSERT INTO `sys_oper_log` VALUES (271, '代码生成', 8, 'com.ruoyi.generator.controller.GenController.genCode()', 'GET', 1, 'admin', '研发部门', '/tool/gen/genCode/etc_toll_demo', '127.0.0.1', '内网IP', '{ }', 'null', 0, NULL, '2020-01-18 09:59:16');
INSERT INTO `sys_oper_log` VALUES (272, '菜单管理', 3, 'com.ruoyi.web.controller.system.SysMenuController.remove()', 'GET', 1, 'admin', '研发部门', '/system/menu/remove/2007', '127.0.0.1', '内网IP', '{ }', '{\r\n  \"msg\" : \"存在子菜单,不允许删除\",\r\n  \"code\" : 301\r\n}', 0, NULL, '2020-01-18 10:00:15');
INSERT INTO `sys_oper_log` VALUES (273, '菜单管理', 3, 'com.ruoyi.web.controller.system.SysMenuController.remove()', 'GET', 1, 'admin', '研发部门', '/system/menu/remove/2008', '127.0.0.1', '内网IP', '{ }', '{\r\n  \"msg\" : \"操作成功\",\r\n  \"code\" : 0\r\n}', 0, NULL, '2020-01-18 10:00:21');
INSERT INTO `sys_oper_log` VALUES (274, '菜单管理', 3, 'com.ruoyi.web.controller.system.SysMenuController.remove()', 'GET', 1, 'admin', '研发部门', '/system/menu/remove/2009', '127.0.0.1', '内网IP', '{ }', '{\r\n  \"msg\" : \"操作成功\",\r\n  \"code\" : 0\r\n}', 0, NULL, '2020-01-18 10:00:27');
INSERT INTO `sys_oper_log` VALUES (275, '菜单管理', 3, 'com.ruoyi.web.controller.system.SysMenuController.remove()', 'GET', 1, 'admin', '研发部门', '/system/menu/remove/2011', '127.0.0.1', '内网IP', '{ }', '{\r\n  \"msg\" : \"操作成功\",\r\n  \"code\" : 0\r\n}', 0, NULL, '2020-01-18 10:00:33');
INSERT INTO `sys_oper_log` VALUES (276, '菜单管理', 3, 'com.ruoyi.web.controller.system.SysMenuController.remove()', 'GET', 1, 'admin', '研发部门', '/system/menu/remove/2010', '127.0.0.1', '内网IP', '{ }', '{\r\n  \"msg\" : \"操作成功\",\r\n  \"code\" : 0\r\n}', 0, NULL, '2020-01-18 10:00:38');
INSERT INTO `sys_oper_log` VALUES (277, '菜单管理', 3, 'com.ruoyi.web.controller.system.SysMenuController.remove()', 'GET', 1, 'admin', '研发部门', '/system/menu/remove/2012', '127.0.0.1', '内网IP', '{ }', '{\r\n  \"msg\" : \"操作成功\",\r\n  \"code\" : 0\r\n}', 0, NULL, '2020-01-18 10:00:43');
INSERT INTO `sys_oper_log` VALUES (278, '代码生成', 2, 'com.ruoyi.generator.controller.GenController.editSave()', 'POST', 1, 'admin', '研发部门', '/tool/gen/edit', '127.0.0.1', '内网IP', '{\r\n  \"tableId\" : [ \"6\" ],\r\n  \"tableName\" : [ \"etc_toll_demo\" ],\r\n  \"tableComment\" : [ \"停车场Demo表\" ],\r\n  \"className\" : [ \"EtcTollDemo\" ],\r\n  \"functionAuthor\" : [ \"yangjie\" ],\r\n  \"remark\" : [ \"\" ],\r\n  \"columns[0].columnId\" : [ \"57\" ],\r\n  \"columns[0].sort\" : [ \"1\" ],\r\n  \"columns[0].columnComment\" : [ \"编号\" ],\r\n  \"columns[0].javaType\" : [ \"String\" ],\r\n  \"columns[0].javaField\" : [ \"id\" ],\r\n  \"columns[0].isInsert\" : [ \"1\" ],\r\n  \"columns[0].queryType\" : [ \"EQ\" ],\r\n  \"columns[0].htmlType\" : [ \"input\" ],\r\n  \"columns[0].dictType\" : [ \"\" ],\r\n  \"columns[1].columnId\" : [ \"58\" ],\r\n  \"columns[1].sort\" : [ \"2\" ],\r\n  \"columns[1].columnComment\" : [ \"名称\" ],\r\n  \"columns[1].javaType\" : [ \"String\" ],\r\n  \"columns[1].javaField\" : [ \"name\" ],\r\n  \"columns[1].isInsert\" : [ \"1\" ],\r\n  \"columns[1].isEdit\" : [ \"1\" ],\r\n  \"columns[1].isList\" : [ \"1\" ],\r\n  \"columns[1].isQuery\" : [ \"1\" ],\r\n  \"columns[1].queryType\" : [ \"LIKE\" ],\r\n  \"columns[1].isRequired\" : [ \"1\" ],\r\n  \"columns[1].htmlType\" : [ \"input\" ],\r\n  \"columns[1].dictType\" : [ \"\" ],\r\n  \"columns[2].columnId\" : [ \"59\" ],\r\n  \"columns[2].sort\" : [ \"3\" ],\r\n  \"columns[2].columnComment\" : [ \"手机号\" ],\r\n  \"columns[2].javaType\" : [ \"String\" ],\r\n  \"columns[2].javaField\" : [ \"phone\" ],\r\n  \"columns[2].isInsert\" : [ \"1\" ],\r\n  \"columns[2].isEdit\" : [ \"1\" ],\r\n  \"columns[2].isList\" : [ \"1\" ],\r\n  \"columns[2].isQuery\" : [ \"1\" ],\r\n  \"columns[2].queryType\" : [ \"EQ\" ],\r\n  \"columns[2].isRequired\" : [ \"1\" ],\r\n  \"columns[2].htmlType\" : [ \"input\" ],\r\n  \"columns[2].dictType\" : [ \"\" ],\r\n  \"columns[3].columnId\" : [ \"60\" ],\r\n  \"columns[3].sort\" : [ \"4\" ],\r\n  \"columns[3].columnComment\" : [ \"邮箱\" ],\r\n  \"columns[3].javaType\" : [ \"String\" ],\r\n  \"columns[3].javaField\" : [ \"email\" ],\r\n  \"columns[3].isInsert\" : [ \"1\" ],\r\n  \"columns[3].isEdit\" : [ \"1\" ],\r\n  \"columns[3].isList\" : [ \"1\" ],\r\n  \"columns[3].isQuery\" : [ \"1\" ],\r\n  \"columns[3].queryType\" : [ \"EQ\" ],\r\n  \"columns[3].isRequired\" : [ \"1\" ],\r\n  \"columns[3].htmlType\" : [ \"input\" ],\r\n  \"columns[3].dictType\" : [ \"\" ],\r\n  \"columns[4].', '{\r\n  \"msg\" : \"操作成功\",\r\n  \"code\" : 0\r\n}', 0, NULL, '2020-01-18 10:02:21');
INSERT INTO `sys_oper_log` VALUES (279, '代码生成', 8, 'com.ruoyi.generator.controller.GenController.genCode()', 'GET', 1, 'admin', '研发部门', '/tool/gen/genCode/etc_toll_demo', '127.0.0.1', '内网IP', '{ }', 'null', 0, NULL, '2020-01-18 10:02:24');
INSERT INTO `sys_oper_log` VALUES (280, '菜单管理', 3, 'com.ruoyi.web.controller.system.SysMenuController.remove()', 'GET', 1, 'admin', '研发部门', '/system/menu/remove/2007', '127.0.0.1', '内网IP', '{ }', '{\r\n  \"msg\" : \"操作成功\",\r\n  \"code\" : 0\r\n}', 0, NULL, '2020-01-18 10:04:40');
INSERT INTO `sys_oper_log` VALUES (281, '菜单管理', 2, 'com.ruoyi.web.controller.system.SysMenuController.editSave()', 'POST', 1, 'admin', '研发部门', '/system/menu/edit', '127.0.0.1', '内网IP', '{\r\n  \"menuId\" : [ \"2013\" ],\r\n  \"parentId\" : [ \"2006\" ],\r\n  \"menuType\" : [ \"C\" ],\r\n  \"menuName\" : [ \"案例(多附件)\" ],\r\n  \"url\" : [ \"/etcToll/demo\" ],\r\n  \"target\" : [ \"menuItem\" ],\r\n  \"perms\" : [ \"etcToll:demo:view\" ],\r\n  \"orderNum\" : [ \"2\" ],\r\n  \"icon\" : [ \"#\" ],\r\n  \"visible\" : [ \"0\" ]\r\n}', '{\r\n  \"msg\" : \"操作成功\",\r\n  \"code\" : 0\r\n}', 0, NULL, '2020-01-18 10:05:02');
INSERT INTO `sys_oper_log` VALUES (282, '代码生成', 2, 'com.ruoyi.generator.controller.GenController.editSave()', 'POST', 1, 'admin', '研发部门', '/tool/gen/edit', '127.0.0.1', '内网IP', '{\r\n  \"tableId\" : [ \"6\" ],\r\n  \"tableName\" : [ \"etc_toll_demo\" ],\r\n  \"tableComment\" : [ \"停车场Demo表\" ],\r\n  \"className\" : [ \"EtcTollDemo\" ],\r\n  \"functionAuthor\" : [ \"yangjie\" ],\r\n  \"remark\" : [ \"\" ],\r\n  \"columns[0].columnId\" : [ \"57\" ],\r\n  \"columns[0].sort\" : [ \"1\" ],\r\n  \"columns[0].columnComment\" : [ \"编号\" ],\r\n  \"columns[0].javaType\" : [ \"String\" ],\r\n  \"columns[0].javaField\" : [ \"id\" ],\r\n  \"columns[0].isInsert\" : [ \"1\" ],\r\n  \"columns[0].queryType\" : [ \"EQ\" ],\r\n  \"columns[0].htmlType\" : [ \"input\" ],\r\n  \"columns[0].dictType\" : [ \"\" ],\r\n  \"columns[1].columnId\" : [ \"58\" ],\r\n  \"columns[1].sort\" : [ \"2\" ],\r\n  \"columns[1].columnComment\" : [ \"名称\" ],\r\n  \"columns[1].javaType\" : [ \"String\" ],\r\n  \"columns[1].javaField\" : [ \"name\" ],\r\n  \"columns[1].isInsert\" : [ \"1\" ],\r\n  \"columns[1].isEdit\" : [ \"1\" ],\r\n  \"columns[1].isList\" : [ \"1\" ],\r\n  \"columns[1].isQuery\" : [ \"1\" ],\r\n  \"columns[1].queryType\" : [ \"LIKE\" ],\r\n  \"columns[1].isRequired\" : [ \"1\" ],\r\n  \"columns[1].htmlType\" : [ \"input\" ],\r\n  \"columns[1].dictType\" : [ \"\" ],\r\n  \"columns[2].columnId\" : [ \"59\" ],\r\n  \"columns[2].sort\" : [ \"3\" ],\r\n  \"columns[2].columnComment\" : [ \"手机号\" ],\r\n  \"columns[2].javaType\" : [ \"String\" ],\r\n  \"columns[2].javaField\" : [ \"phone\" ],\r\n  \"columns[2].isInsert\" : [ \"1\" ],\r\n  \"columns[2].isEdit\" : [ \"1\" ],\r\n  \"columns[2].isList\" : [ \"1\" ],\r\n  \"columns[2].isQuery\" : [ \"1\" ],\r\n  \"columns[2].queryType\" : [ \"EQ\" ],\r\n  \"columns[2].isRequired\" : [ \"1\" ],\r\n  \"columns[2].htmlType\" : [ \"input\" ],\r\n  \"columns[2].dictType\" : [ \"\" ],\r\n  \"columns[3].columnId\" : [ \"60\" ],\r\n  \"columns[3].sort\" : [ \"4\" ],\r\n  \"columns[3].columnComment\" : [ \"邮箱\" ],\r\n  \"columns[3].javaType\" : [ \"String\" ],\r\n  \"columns[3].javaField\" : [ \"email\" ],\r\n  \"columns[3].isInsert\" : [ \"1\" ],\r\n  \"columns[3].isEdit\" : [ \"1\" ],\r\n  \"columns[3].isList\" : [ \"1\" ],\r\n  \"columns[3].isQuery\" : [ \"1\" ],\r\n  \"columns[3].queryType\" : [ \"EQ\" ],\r\n  \"columns[3].isRequired\" : [ \"1\" ],\r\n  \"columns[3].htmlType\" : [ \"input\" ],\r\n  \"columns[3].dictType\" : [ \"\" ],\r\n  \"columns[4].', '{\r\n  \"msg\" : \"操作成功\",\r\n  \"code\" : 0\r\n}', 0, NULL, '2020-01-18 10:06:01');
INSERT INTO `sys_oper_log` VALUES (283, '代码生成', 2, 'com.ruoyi.generator.controller.GenController.editSave()', 'POST', 1, 'admin', '研发部门', '/tool/gen/edit', '127.0.0.1', '内网IP', '{\r\n  \"tableId\" : [ \"6\" ],\r\n  \"tableName\" : [ \"etc_toll_demo\" ],\r\n  \"tableComment\" : [ \"停车场Demo表\" ],\r\n  \"className\" : [ \"EtcTollDemo\" ],\r\n  \"functionAuthor\" : [ \"yangjie\" ],\r\n  \"remark\" : [ \"\" ],\r\n  \"columns[0].columnId\" : [ \"57\" ],\r\n  \"columns[0].sort\" : [ \"1\" ],\r\n  \"columns[0].columnComment\" : [ \"编号\" ],\r\n  \"columns[0].javaType\" : [ \"String\" ],\r\n  \"columns[0].javaField\" : [ \"id\" ],\r\n  \"columns[0].isInsert\" : [ \"1\" ],\r\n  \"columns[0].queryType\" : [ \"EQ\" ],\r\n  \"columns[0].htmlType\" : [ \"input\" ],\r\n  \"columns[0].dictType\" : [ \"\" ],\r\n  \"columns[1].columnId\" : [ \"58\" ],\r\n  \"columns[1].sort\" : [ \"2\" ],\r\n  \"columns[1].columnComment\" : [ \"名称\" ],\r\n  \"columns[1].javaType\" : [ \"String\" ],\r\n  \"columns[1].javaField\" : [ \"name\" ],\r\n  \"columns[1].isInsert\" : [ \"1\" ],\r\n  \"columns[1].isEdit\" : [ \"1\" ],\r\n  \"columns[1].isList\" : [ \"1\" ],\r\n  \"columns[1].isQuery\" : [ \"1\" ],\r\n  \"columns[1].queryType\" : [ \"LIKE\" ],\r\n  \"columns[1].isRequired\" : [ \"1\" ],\r\n  \"columns[1].htmlType\" : [ \"input\" ],\r\n  \"columns[1].dictType\" : [ \"\" ],\r\n  \"columns[2].columnId\" : [ \"59\" ],\r\n  \"columns[2].sort\" : [ \"3\" ],\r\n  \"columns[2].columnComment\" : [ \"手机号\" ],\r\n  \"columns[2].javaType\" : [ \"String\" ],\r\n  \"columns[2].javaField\" : [ \"phone\" ],\r\n  \"columns[2].isInsert\" : [ \"1\" ],\r\n  \"columns[2].isEdit\" : [ \"1\" ],\r\n  \"columns[2].isList\" : [ \"1\" ],\r\n  \"columns[2].isQuery\" : [ \"1\" ],\r\n  \"columns[2].queryType\" : [ \"LIKE\" ],\r\n  \"columns[2].isRequired\" : [ \"1\" ],\r\n  \"columns[2].htmlType\" : [ \"input\" ],\r\n  \"columns[2].dictType\" : [ \"\" ],\r\n  \"columns[3].columnId\" : [ \"60\" ],\r\n  \"columns[3].sort\" : [ \"4\" ],\r\n  \"columns[3].columnComment\" : [ \"邮箱\" ],\r\n  \"columns[3].javaType\" : [ \"String\" ],\r\n  \"columns[3].javaField\" : [ \"email\" ],\r\n  \"columns[3].isInsert\" : [ \"1\" ],\r\n  \"columns[3].isEdit\" : [ \"1\" ],\r\n  \"columns[3].isList\" : [ \"1\" ],\r\n  \"columns[3].isQuery\" : [ \"1\" ],\r\n  \"columns[3].queryType\" : [ \"LIKE\" ],\r\n  \"columns[3].isRequired\" : [ \"1\" ],\r\n  \"columns[3].htmlType\" : [ \"input\" ],\r\n  \"columns[3].dictType\" : [ \"\" ],\r\n  \"columns', '{\r\n  \"msg\" : \"操作成功\",\r\n  \"code\" : 0\r\n}', 0, NULL, '2020-01-18 10:08:42');
INSERT INTO `sys_oper_log` VALUES (284, '代码生成', 8, 'com.ruoyi.generator.controller.GenController.genCode()', 'GET', 1, 'admin', '研发部门', '/tool/gen/genCode/etc_toll_demo', '127.0.0.1', '内网IP', '{ }', 'null', 0, NULL, '2020-01-18 10:08:45');
INSERT INTO `sys_oper_log` VALUES (285, '代码生成', 8, 'com.ruoyi.generator.controller.GenController.genCode()', 'GET', 1, 'admin', '研发部门', '/tool/gen/genCode/etc_toll_demo', '127.0.0.1', '内网IP', '{ }', 'null', 0, NULL, '2020-01-18 10:17:27');
INSERT INTO `sys_oper_log` VALUES (286, '代码生成', 8, 'com.ruoyi.generator.controller.GenController.genCode()', 'GET', 1, 'admin', '研发部门', '/tool/gen/genCode/etc_toll_demo', '127.0.0.1', '内网IP', '{ }', 'null', 0, NULL, '2020-01-18 10:17:54');
INSERT INTO `sys_oper_log` VALUES (287, '代码生成', 8, 'com.ruoyi.generator.controller.GenController.genCode()', 'GET', 1, 'admin', '研发部门', '/tool/gen/genCode/etc_toll_demo', '127.0.0.1', '内网IP', '{ }', 'null', 0, NULL, '2020-01-18 10:19:43');
INSERT INTO `sys_oper_log` VALUES (288, '代码生成', 2, 'com.ruoyi.generator.controller.GenController.editSave()', 'POST', 1, 'admin', '研发部门', '/tool/gen/edit', '127.0.0.1', '内网IP', '{\r\n  \"tableId\" : [ \"6\" ],\r\n  \"tableName\" : [ \"etc_toll_demo\" ],\r\n  \"tableComment\" : [ \"停车场Demo表\" ],\r\n  \"className\" : [ \"EtcTollDemo\" ],\r\n  \"functionAuthor\" : [ \"yangjie\" ],\r\n  \"remark\" : [ \"\" ],\r\n  \"columns[0].columnId\" : [ \"57\" ],\r\n  \"columns[0].sort\" : [ \"1\" ],\r\n  \"columns[0].columnComment\" : [ \"编号\" ],\r\n  \"columns[0].javaType\" : [ \"String\" ],\r\n  \"columns[0].javaField\" : [ \"id\" ],\r\n  \"columns[0].isInsert\" : [ \"1\" ],\r\n  \"columns[0].queryType\" : [ \"EQ\" ],\r\n  \"columns[0].htmlType\" : [ \"input\" ],\r\n  \"columns[0].dictType\" : [ \"\" ],\r\n  \"columns[1].columnId\" : [ \"58\" ],\r\n  \"columns[1].sort\" : [ \"2\" ],\r\n  \"columns[1].columnComment\" : [ \"名称\" ],\r\n  \"columns[1].javaType\" : [ \"String\" ],\r\n  \"columns[1].javaField\" : [ \"name\" ],\r\n  \"columns[1].isInsert\" : [ \"1\" ],\r\n  \"columns[1].isEdit\" : [ \"1\" ],\r\n  \"columns[1].isList\" : [ \"1\" ],\r\n  \"columns[1].isQuery\" : [ \"1\" ],\r\n  \"columns[1].queryType\" : [ \"LIKE\" ],\r\n  \"columns[1].isRequired\" : [ \"1\" ],\r\n  \"columns[1].htmlType\" : [ \"input\" ],\r\n  \"columns[1].dictType\" : [ \"\" ],\r\n  \"columns[2].columnId\" : [ \"59\" ],\r\n  \"columns[2].sort\" : [ \"3\" ],\r\n  \"columns[2].columnComment\" : [ \"手机号\" ],\r\n  \"columns[2].javaType\" : [ \"String\" ],\r\n  \"columns[2].javaField\" : [ \"phone\" ],\r\n  \"columns[2].isInsert\" : [ \"1\" ],\r\n  \"columns[2].isEdit\" : [ \"1\" ],\r\n  \"columns[2].isList\" : [ \"1\" ],\r\n  \"columns[2].isQuery\" : [ \"1\" ],\r\n  \"columns[2].queryType\" : [ \"LIKE\" ],\r\n  \"columns[2].isRequired\" : [ \"1\" ],\r\n  \"columns[2].htmlType\" : [ \"input\" ],\r\n  \"columns[2].dictType\" : [ \"\" ],\r\n  \"columns[3].columnId\" : [ \"60\" ],\r\n  \"columns[3].sort\" : [ \"4\" ],\r\n  \"columns[3].columnComment\" : [ \"邮箱\" ],\r\n  \"columns[3].javaType\" : [ \"String\" ],\r\n  \"columns[3].javaField\" : [ \"email\" ],\r\n  \"columns[3].isInsert\" : [ \"1\" ],\r\n  \"columns[3].isEdit\" : [ \"1\" ],\r\n  \"columns[3].isList\" : [ \"1\" ],\r\n  \"columns[3].isQuery\" : [ \"1\" ],\r\n  \"columns[3].queryType\" : [ \"LIKE\" ],\r\n  \"columns[3].isRequired\" : [ \"1\" ],\r\n  \"columns[3].htmlType\" : [ \"input\" ],\r\n  \"columns[3].dictType\" : [ \"\" ],\r\n  \"columns', '{\r\n  \"msg\" : \"操作成功\",\r\n  \"code\" : 0\r\n}', 0, NULL, '2020-01-18 10:25:20');
INSERT INTO `sys_oper_log` VALUES (289, '代码生成', 8, 'com.ruoyi.generator.controller.GenController.genCode()', 'GET', 1, 'admin', '研发部门', '/tool/gen/genCode/etc_toll_demo', '127.0.0.1', '内网IP', '{ }', 'null', 0, NULL, '2020-01-18 10:30:16');
INSERT INTO `sys_oper_log` VALUES (290, '代码生成', 8, 'com.ruoyi.generator.controller.GenController.genCode()', 'GET', 1, 'admin', '研发部门', '/tool/gen/genCode/etc_toll_demo', '127.0.0.1', '内网IP', '{ }', 'null', 0, NULL, '2020-01-18 10:33:24');
INSERT INTO `sys_oper_log` VALUES (291, '代码生成', 8, 'com.ruoyi.generator.controller.GenController.genCode()', 'GET', 1, 'admin', '研发部门', '/tool/gen/genCode/etc_toll_demo', '127.0.0.1', '内网IP', '{ }', 'null', 0, NULL, '2020-01-18 10:47:42');
INSERT INTO `sys_oper_log` VALUES (292, '停车场Demo', 1, 'com.ruoyi.etc.toll.controller.EtcTollDemoController.addSave()', 'POST', 1, 'admin', '研发部门', '/etcToll/demo/add', '127.0.0.1', '内网IP', '{\r\n  \"name\" : [ \"杨先生\" ],\r\n  \"phone\" : [ \"13404151911\" ],\r\n  \"email\" : [ \"1174716220@qq.com\" ],\r\n  \"age\" : [ \"11\" ],\r\n  \"sex\" : [ \"0\" ],\r\n  \"serviceFile\" : [ \"{\\\"id\\\":\\\"cf7aab5101dc4cbf9e79c619335fb8f3\\\",\\\"createTime\\\":\\\"2020-01-18 13:38:06\\\",\\\"createUserId\\\":1,\\\"updateTime\\\":null,\\\"updateUserId\\\":null,\\\"del\\\":0,\\\"remark\\\":null,\\\"params\\\":null,\\\"ids\\\":null,\\\"name\\\":\\\"1.png\\\",\\\"realName\\\":\\\"b08d2d215d897ba826afe29fb045b2f6.png\\\",\\\"fileSize\\\":171706,\\\"extension\\\":\\\"png\\\",\\\"contentType\\\":\\\".png\\\",\\\"directory\\\":\\\"D:/ruoyi/uploadPath/tmp/2020/01/18/b08d2d215d897ba826afe29fb045b2f6.png\\\",\\\"visitUrl\\\":\\\"/profile/tmp/2020/01/18/b08d2d215d897ba826afe29fb045b2f6.png\\\"}2fd872b8933a4ea7bee38e1c7bd96feb{\\\"id\\\":\\\"43e3fdba54fc48d2bc630cbfb47dd9bb\\\",\\\"createTime\\\":\\\"2020-01-18 13:38:06\\\",\\\"createUserId\\\":1,\\\"updateTime\\\":null,\\\"updateUserId\\\":null,\\\"del\\\":0,\\\"remark\\\":null,\\\"params\\\":null,\\\"ids\\\":null,\\\"name\\\":\\\"2.png\\\",\\\"realName\\\":\\\"ef26516200a17b355e4c43234200ebda.png\\\",\\\"fileSize\\\":171706,\\\"extension\\\":\\\"png\\\",\\\"contentType\\\":\\\".png\\\",\\\"directory\\\":\\\"D:/ruoyi/uploadPath/tmp/2020/01/18/ef26516200a17b355e4c43234200ebda.png\\\",\\\"visitUrl\\\":\\\"/profile/tmp/2020/01/18/ef26516200a17b355e4c43234200ebda.png\\\"}2fd872b8933a4ea7bee38e1c7bd96feb\" ],\r\n  \"aboutFile\" : [ \"{\\\"id\\\":\\\"9f257c10a127481ea87afc0aa39201d0\\\",\\\"createTime\\\":\\\"2020-01-18 13:38:17\\\",\\\"createUserId\\\":1,\\\"updateTime\\\":null,\\\"updateUserId\\\":null,\\\"del\\\":0,\\\"remark\\\":null,\\\"params\\\":null,\\\"ids\\\":null,\\\"name\\\":\\\"5.png\\\",\\\"realName\\\":\\\"66c1a3bc39faf6b925f5fab54379ee82.png\\\",\\\"fileSize\\\":167452,\\\"extension\\\":\\\"png\\\",\\\"contentType\\\":\\\".png\\\",\\\"directory\\\":\\\"D:/ruoyi/uploadPath/tmp/2020/01/18/66c1a3bc39faf6b925f5fab54379ee82.png\\\",\\\"visitUrl\\\":\\\"/profile/tmp/2020/01/18/66c1a3bc39faf6b925f5fab54379ee82.png\\\"}2fd872b8933a4ea7bee38e1c7bd96feb{\\\"id\\\":\\\"f94d72e430eb46c6af00aaec96d681fd\\\",\\\"createTime\\\":\\\"2020-01-18 13:38:17\\\",\\\"createUserId\\\":1,\\\"updateTime\\\":null,\\\"updateUserId\\\":null,\\\"del\\\":0,\\\"remark\\\":null,\\\"params\\\":null,\\\"ids\\\":nu', '{\r\n  \"msg\" : \"操作成功\",\r\n  \"code\" : 0\r\n}', 0, NULL, '2020-01-18 13:38:23');
INSERT INTO `sys_oper_log` VALUES (293, '停车场Demo', 1, 'com.ruoyi.etc.toll.controller.EtcTollDemoController.addSave()', 'POST', 1, 'admin', '研发部门', '/etcToll/demo/add', '127.0.0.1', '内网IP', '{\r\n  \"name\" : [ \"杨先生\" ],\r\n  \"phone\" : [ \"13404151911\" ],\r\n  \"email\" : [ \"1174716221@qq.com\" ],\r\n  \"age\" : [ \"11\" ],\r\n  \"sex\" : [ \"0\" ],\r\n  \"serviceFile\" : [ \"{\\\"id\\\":\\\"33ba411fbba9442ab7187cada34773e9\\\",\\\"createTime\\\":\\\"2020-01-18 13:52:47\\\",\\\"createUserId\\\":1,\\\"updateTime\\\":null,\\\"updateUserId\\\":null,\\\"del\\\":0,\\\"remark\\\":null,\\\"params\\\":null,\\\"ids\\\":null,\\\"name\\\":\\\"4.png\\\",\\\"realName\\\":\\\"8790ac36fb05bbf92250e71c0d4819e4.png\\\",\\\"fileSize\\\":148074,\\\"extension\\\":\\\"png\\\",\\\"contentType\\\":\\\".png\\\",\\\"directory\\\":\\\"D:/ruoyi/uploadPath/tmp/2020/01/18/8790ac36fb05bbf92250e71c0d4819e4.png\\\",\\\"visitUrl\\\":\\\"/profile/tmp/2020/01/18/8790ac36fb05bbf92250e71c0d4819e4.png\\\"}2fd872b8933a4ea7bee38e1c7bd96feb{\\\"id\\\":\\\"7d0d36c540e94027a84c5ef59866af85\\\",\\\"createTime\\\":\\\"2020-01-18 13:52:47\\\",\\\"createUserId\\\":1,\\\"updateTime\\\":null,\\\"updateUserId\\\":null,\\\"del\\\":0,\\\"remark\\\":null,\\\"params\\\":null,\\\"ids\\\":null,\\\"name\\\":\\\"3.jpg\\\",\\\"realName\\\":\\\"8814339643baf6a0cc88289abfb6f4f0.jpg\\\",\\\"fileSize\\\":330760,\\\"extension\\\":\\\"jpg\\\",\\\"contentType\\\":\\\".jpg\\\",\\\"directory\\\":\\\"D:/ruoyi/uploadPath/tmp/2020/01/18/8814339643baf6a0cc88289abfb6f4f0.jpg\\\",\\\"visitUrl\\\":\\\"/profile/tmp/2020/01/18/8814339643baf6a0cc88289abfb6f4f0.jpg\\\"}2fd872b8933a4ea7bee38e1c7bd96feb\" ],\r\n  \"aboutFile\" : [ \"{\\\"id\\\":\\\"313da9e55bf24f1b90a355de92e01971\\\",\\\"createTime\\\":\\\"2020-01-18 13:53:36\\\",\\\"createUserId\\\":1,\\\"updateTime\\\":null,\\\"updateUserId\\\":null,\\\"del\\\":0,\\\"remark\\\":null,\\\"params\\\":null,\\\"ids\\\":null,\\\"name\\\":\\\"2.png\\\",\\\"realName\\\":\\\"4b9663d91ef01a06e76d2cb4ae3ffc25.png\\\",\\\"fileSize\\\":171706,\\\"extension\\\":\\\"png\\\",\\\"contentType\\\":\\\".png\\\",\\\"directory\\\":\\\"D:/ruoyi/uploadPath/tmp/2020/01/18/4b9663d91ef01a06e76d2cb4ae3ffc25.png\\\",\\\"visitUrl\\\":\\\"/profile/tmp/2020/01/18/4b9663d91ef01a06e76d2cb4ae3ffc25.png\\\"}2fd872b8933a4ea7bee38e1c7bd96feb{\\\"id\\\":\\\"bccce68b3f46442ea6eb84764a6a832a\\\",\\\"createTime\\\":\\\"2020-01-18 13:53:36\\\",\\\"createUserId\\\":1,\\\"updateTime\\\":null,\\\"updateUserId\\\":null,\\\"del\\\":0,\\\"remark\\\":null,\\\"params\\\":null,\\\"ids\\\":nu', '{\r\n  \"msg\" : \"操作成功\",\r\n  \"code\" : 0\r\n}', 0, NULL, '2020-01-18 13:53:47');
INSERT INTO `sys_oper_log` VALUES (294, '停车场测试', 1, 'com.ruoyi.etc.toll.controller.EtcTollTestController.addSave()', 'POST', 1, 'admin', '研发部门', '/etcToll/test/add', '127.0.0.1', '内网IP', '{\r\n  \"name\" : [ \"11\" ],\r\n  \"phone\" : [ \"13404151911\" ],\r\n  \"email\" : [ \"1174716220@qq.com\" ],\r\n  \"age\" : [ \"11\" ],\r\n  \"sex\" : [ \"1\" ],\r\n  \"aboutFile\" : [ \"{\\\"id\\\":\\\"bfb5cda131e24748b8bba8ef3f045720\\\",\\\"createTime\\\":\\\"2020-01-18 13:57:46\\\",\\\"createUserId\\\":1,\\\"updateTime\\\":null,\\\"updateUserId\\\":null,\\\"del\\\":0,\\\"remark\\\":null,\\\"params\\\":null,\\\"ids\\\":null,\\\"name\\\":\\\"4.png\\\",\\\"realName\\\":\\\"48fec1afb4c273e0d68298b31e242f26.png\\\",\\\"fileSize\\\":148074,\\\"extension\\\":\\\"png\\\",\\\"contentType\\\":\\\".png\\\",\\\"directory\\\":\\\"D:/ruoyi/uploadPath/tmp/2020/01/18/48fec1afb4c273e0d68298b31e242f26.png\\\",\\\"visitUrl\\\":\\\"/profile/tmp/2020/01/18/48fec1afb4c273e0d68298b31e242f26.png\\\"}2fd872b8933a4ea7bee38e1c7bd96feb{\\\"id\\\":\\\"93a55403fa8a4d5c88f9c7443a5823f7\\\",\\\"createTime\\\":\\\"2020-01-18 13:57:46\\\",\\\"createUserId\\\":1,\\\"updateTime\\\":null,\\\"updateUserId\\\":null,\\\"del\\\":0,\\\"remark\\\":null,\\\"params\\\":null,\\\"ids\\\":null,\\\"name\\\":\\\"5.png\\\",\\\"realName\\\":\\\"7dbe76065d958fd7154027d24e7cb66e.png\\\",\\\"fileSize\\\":167452,\\\"extension\\\":\\\"png\\\",\\\"contentType\\\":\\\".png\\\",\\\"directory\\\":\\\"D:/ruoyi/uploadPath/tmp/2020/01/18/7dbe76065d958fd7154027d24e7cb66e.png\\\",\\\"visitUrl\\\":\\\"/profile/tmp/2020/01/18/7dbe76065d958fd7154027d24e7cb66e.png\\\"}2fd872b8933a4ea7bee38e1c7bd96feb\" ]\r\n}', '{\r\n  \"msg\" : \"操作成功\",\r\n  \"code\" : 0\r\n}', 0, NULL, '2020-01-18 13:57:47');
INSERT INTO `sys_oper_log` VALUES (295, '停车场Demo', 1, 'com.ruoyi.etc.toll.controller.EtcTollDemoController.addSave()', 'POST', 1, 'admin', '研发部门', '/etcToll/demo/add', '127.0.0.1', '内网IP', '{\r\n  \"name\" : [ \"杨11\" ],\r\n  \"phone\" : [ \"13404151911\" ],\r\n  \"email\" : [ \"1174716221@qq.com\" ],\r\n  \"age\" : [ \"11\" ],\r\n  \"sex\" : [ \"0\" ],\r\n  \"serviceFile\" : [ \"{\\\"id\\\":\\\"af9d8d0380d942e69b8435290892d7c3\\\",\\\"createTime\\\":\\\"2020-01-18 14:02:51\\\",\\\"createUserId\\\":1,\\\"updateTime\\\":null,\\\"updateUserId\\\":null,\\\"del\\\":0,\\\"remark\\\":null,\\\"params\\\":null,\\\"ids\\\":null,\\\"name\\\":\\\"3.jpg\\\",\\\"realName\\\":\\\"d1d4a006c53431ef59704b98a25a80eb.jpg\\\",\\\"fileSize\\\":330760,\\\"extension\\\":\\\"jpg\\\",\\\"contentType\\\":\\\".jpg\\\",\\\"directory\\\":\\\"D:/ruoyi/uploadPath/tmp/2020/01/18/d1d4a006c53431ef59704b98a25a80eb.jpg\\\",\\\"visitUrl\\\":\\\"/profile/tmp/2020/01/18/d1d4a006c53431ef59704b98a25a80eb.jpg\\\"}2fd872b8933a4ea7bee38e1c7bd96feb{\\\"id\\\":\\\"af29be63b92b45088d62e12a533dcd60\\\",\\\"createTime\\\":\\\"2020-01-18 14:02:51\\\",\\\"createUserId\\\":1,\\\"updateTime\\\":null,\\\"updateUserId\\\":null,\\\"del\\\":0,\\\"remark\\\":null,\\\"params\\\":null,\\\"ids\\\":null,\\\"name\\\":\\\"2.png\\\",\\\"realName\\\":\\\"6335232ba1379cdb4355d18f07c62789.png\\\",\\\"fileSize\\\":171706,\\\"extension\\\":\\\"png\\\",\\\"contentType\\\":\\\".png\\\",\\\"directory\\\":\\\"D:/ruoyi/uploadPath/tmp/2020/01/18/6335232ba1379cdb4355d18f07c62789.png\\\",\\\"visitUrl\\\":\\\"/profile/tmp/2020/01/18/6335232ba1379cdb4355d18f07c62789.png\\\"}2fd872b8933a4ea7bee38e1c7bd96feb\" ],\r\n  \"aboutFile\" : [ \"{\\\"id\\\":\\\"c4d2c965ed1c498c8e0e7b5839630f75\\\",\\\"createTime\\\":\\\"2020-01-18 14:02:55\\\",\\\"createUserId\\\":1,\\\"updateTime\\\":null,\\\"updateUserId\\\":null,\\\"del\\\":0,\\\"remark\\\":null,\\\"params\\\":null,\\\"ids\\\":null,\\\"name\\\":\\\"6.png\\\",\\\"realName\\\":\\\"7a718fedfae610701ce8cfed20164b30.png\\\",\\\"fileSize\\\":134490,\\\"extension\\\":\\\"png\\\",\\\"contentType\\\":\\\".png\\\",\\\"directory\\\":\\\"D:/ruoyi/uploadPath/tmp/2020/01/18/7a718fedfae610701ce8cfed20164b30.png\\\",\\\"visitUrl\\\":\\\"/profile/tmp/2020/01/18/7a718fedfae610701ce8cfed20164b30.png\\\"}2fd872b8933a4ea7bee38e1c7bd96feb{\\\"id\\\":\\\"8d9d6f8822464057b4f62c07b6f7896c\\\",\\\"createTime\\\":\\\"2020-01-18 14:02:55\\\",\\\"createUserId\\\":1,\\\"updateTime\\\":null,\\\"updateUserId\\\":null,\\\"del\\\":0,\\\"remark\\\":null,\\\"params\\\":null,\\\"ids\\\":nu', '{\r\n  \"msg\" : \"操作成功\",\r\n  \"code\" : 0\r\n}', 0, NULL, '2020-01-18 14:02:56');
INSERT INTO `sys_oper_log` VALUES (296, '停车场测试', 1, 'com.ruoyi.etc.toll.controller.EtcTollTestController.addSave()', 'POST', 1, 'admin', '研发部门', '/etcToll/test/add', '127.0.0.1', '内网IP', '{\r\n  \"name\" : [ \"11\" ],\r\n  \"phone\" : [ \"13404151911\" ],\r\n  \"email\" : [ \"1174716220@qq.com\" ],\r\n  \"age\" : [ \"1\" ],\r\n  \"sex\" : [ \"0\" ],\r\n  \"aboutFile\" : [ \"{\\\"id\\\":\\\"0282b9fc578e463ab5a9fe5073ff438e\\\",\\\"createTime\\\":\\\"2020-01-18 14:04:13\\\",\\\"createUserId\\\":1,\\\"updateTime\\\":null,\\\"updateUserId\\\":null,\\\"del\\\":0,\\\"remark\\\":null,\\\"params\\\":null,\\\"ids\\\":null,\\\"name\\\":\\\"3.jpg\\\",\\\"realName\\\":\\\"75c979544d45f886f2448305a1334ccb.jpg\\\",\\\"fileSize\\\":330760,\\\"extension\\\":\\\"jpg\\\",\\\"contentType\\\":\\\".jpg\\\",\\\"directory\\\":\\\"D:/ruoyi/uploadPath/tmp/2020/01/18/75c979544d45f886f2448305a1334ccb.jpg\\\",\\\"visitUrl\\\":\\\"/profile/tmp/2020/01/18/75c979544d45f886f2448305a1334ccb.jpg\\\"}2fd872b8933a4ea7bee38e1c7bd96feb{\\\"id\\\":\\\"f15f880043c2439ea794f28e977c322c\\\",\\\"createTime\\\":\\\"2020-01-18 14:04:13\\\",\\\"createUserId\\\":1,\\\"updateTime\\\":null,\\\"updateUserId\\\":null,\\\"del\\\":0,\\\"remark\\\":null,\\\"params\\\":null,\\\"ids\\\":null,\\\"name\\\":\\\"4.png\\\",\\\"realName\\\":\\\"29947c1fc429ea009f9df1980235e726.png\\\",\\\"fileSize\\\":148074,\\\"extension\\\":\\\"png\\\",\\\"contentType\\\":\\\".png\\\",\\\"directory\\\":\\\"D:/ruoyi/uploadPath/tmp/2020/01/18/29947c1fc429ea009f9df1980235e726.png\\\",\\\"visitUrl\\\":\\\"/profile/tmp/2020/01/18/29947c1fc429ea009f9df1980235e726.png\\\"}2fd872b8933a4ea7bee38e1c7bd96feb\" ]\r\n}', '{\r\n  \"msg\" : \"操作成功\",\r\n  \"code\" : 0\r\n}', 0, NULL, '2020-01-18 14:04:13');
INSERT INTO `sys_oper_log` VALUES (297, '停车场Demo', 2, 'com.ruoyi.etc.toll.controller.EtcTollDemoController.editSave()', 'POST', 1, 'admin', '研发部门', '/etcToll/demo/edit', '127.0.0.1', '内网IP', '{\r\n  \"id\" : [ \"69dc5414004f48eba52b4412d63859de\" ],\r\n  \"name\" : [ \"杨11\" ],\r\n  \"phone\" : [ \"13404151911\" ],\r\n  \"email\" : [ \"1174716221@qq.com\" ],\r\n  \"age\" : [ \"11\" ],\r\n  \"sex\" : [ \"0\" ],\r\n  \"serviceFile\" : [ \"af29be63b92b45088d62e12a533dcd602fd872b8933a4ea7bee38e1c7bd96feb\" ],\r\n  \"aboutFile\" : [ \"c4d2c965ed1c498c8e0e7b5839630f75,8d9d6f8822464057b4f62c07b6f7896c\" ]\r\n}', '{\r\n  \"msg\" : \"操作成功\",\r\n  \"code\" : 0\r\n}', 0, NULL, '2020-01-18 14:22:32');

-- ----------------------------
-- Table structure for sys_post
-- ----------------------------
DROP TABLE IF EXISTS `sys_post`;
CREATE TABLE `sys_post`  (
  `post_id` bigint(20) NOT NULL AUTO_INCREMENT COMMENT '岗位ID',
  `post_code` varchar(64) CHARACTER SET utf8 COLLATE utf8_general_ci NOT NULL COMMENT '岗位编码',
  `post_name` varchar(50) CHARACTER SET utf8 COLLATE utf8_general_ci NOT NULL COMMENT '岗位名称',
  `post_sort` int(4) NOT NULL COMMENT '显示顺序',
  `status` char(1) CHARACTER SET utf8 COLLATE utf8_general_ci NOT NULL COMMENT '状态（0正常 1停用）',
  `create_by` varchar(64) CHARACTER SET utf8 COLLATE utf8_general_ci NULL DEFAULT '' COMMENT '创建者',
  `create_time` datetime(0) NULL DEFAULT NULL COMMENT '创建时间',
  `update_by` varchar(64) CHARACTER SET utf8 COLLATE utf8_general_ci NULL DEFAULT '' COMMENT '更新者',
  `update_time` datetime(0) NULL DEFAULT NULL COMMENT '更新时间',
  `remark` varchar(500) CHARACTER SET utf8 COLLATE utf8_general_ci NULL DEFAULT NULL COMMENT '备注',
  PRIMARY KEY (`post_id`) USING BTREE
) ENGINE = InnoDB AUTO_INCREMENT = 4 CHARACTER SET = utf8 COLLATE = utf8_general_ci COMMENT = '岗位信息表' ROW_FORMAT = Dynamic;

-- ----------------------------
-- Records of sys_post
-- ----------------------------
INSERT INTO `sys_post` VALUES (1, 'ceo', '董事长', 1, '0', 'admin', '2018-03-16 11:33:00', 'ry', '2018-03-16 11:33:00', '');
INSERT INTO `sys_post` VALUES (2, 'se', '项目经理', 2, '0', 'admin', '2018-03-16 11:33:00', 'ry', '2018-03-16 11:33:00', '');
INSERT INTO `sys_post` VALUES (3, 'hr', '人力资源', 3, '0', 'admin', '2018-03-16 11:33:00', 'ry', '2018-03-16 11:33:00', '');
INSERT INTO `sys_post` VALUES (4, 'user', '普通员工', 4, '0', 'admin', '2018-03-16 11:33:00', 'ry', '2018-03-16 11:33:00', '');

-- ----------------------------
-- Table structure for sys_role
-- ----------------------------
DROP TABLE IF EXISTS `sys_role`;
CREATE TABLE `sys_role`  (
  `role_id` bigint(20) NOT NULL AUTO_INCREMENT COMMENT '角色ID',
  `role_name` varchar(30) CHARACTER SET utf8 COLLATE utf8_general_ci NOT NULL COMMENT '角色名称',
  `role_key` varchar(100) CHARACTER SET utf8 COLLATE utf8_general_ci NOT NULL COMMENT '角色权限字符串',
  `role_sort` int(4) NOT NULL COMMENT '显示顺序',
  `data_scope` char(1) CHARACTER SET utf8 COLLATE utf8_general_ci NULL DEFAULT '1' COMMENT '数据范围（1：全部数据权限 2：自定数据权限 3：本部门数据权限 4：本部门及以下数据权限）',
  `status` char(1) CHARACTER SET utf8 COLLATE utf8_general_ci NOT NULL COMMENT '角色状态（0正常 1停用）',
  `del_flag` char(1) CHARACTER SET utf8 COLLATE utf8_general_ci NULL DEFAULT '0' COMMENT '删除标志（0代表存在 2代表删除）',
  `create_by` varchar(64) CHARACTER SET utf8 COLLATE utf8_general_ci NULL DEFAULT '' COMMENT '创建者',
  `create_time` datetime(0) NULL DEFAULT NULL COMMENT '创建时间',
  `update_by` varchar(64) CHARACTER SET utf8 COLLATE utf8_general_ci NULL DEFAULT '' COMMENT '更新者',
  `update_time` datetime(0) NULL DEFAULT NULL COMMENT '更新时间',
  `remark` varchar(500) CHARACTER SET utf8 COLLATE utf8_general_ci NULL DEFAULT NULL COMMENT '备注',
  PRIMARY KEY (`role_id`) USING BTREE
) ENGINE = InnoDB AUTO_INCREMENT = 100 CHARACTER SET = utf8 COLLATE = utf8_general_ci COMMENT = '角色信息表' ROW_FORMAT = Dynamic;

-- ----------------------------
-- Records of sys_role
-- ----------------------------
INSERT INTO `sys_role` VALUES (1, '管理员', 'admin', 1, '1', '0', '0', 'admin', '2018-03-16 11:33:00', 'ry', '2018-03-16 11:33:00', '管理员');
INSERT INTO `sys_role` VALUES (2, '普通角色', 'common', 2, '2', '0', '0', 'admin', '2018-03-16 11:33:00', 'ry', '2018-03-16 11:33:00', '普通角色');

-- ----------------------------
-- Table structure for sys_role_dept
-- ----------------------------
DROP TABLE IF EXISTS `sys_role_dept`;
CREATE TABLE `sys_role_dept`  (
  `role_id` bigint(20) NOT NULL COMMENT '角色ID',
  `dept_id` bigint(20) NOT NULL COMMENT '部门ID',
  PRIMARY KEY (`role_id`, `dept_id`) USING BTREE
) ENGINE = InnoDB CHARACTER SET = utf8 COLLATE = utf8_general_ci COMMENT = '角色和部门关联表' ROW_FORMAT = Dynamic;

-- ----------------------------
-- Records of sys_role_dept
-- ----------------------------
INSERT INTO `sys_role_dept` VALUES (2, 100);
INSERT INTO `sys_role_dept` VALUES (2, 101);
INSERT INTO `sys_role_dept` VALUES (2, 105);

-- ----------------------------
-- Table structure for sys_role_menu
-- ----------------------------
DROP TABLE IF EXISTS `sys_role_menu`;
CREATE TABLE `sys_role_menu`  (
  `role_id` bigint(20) NOT NULL COMMENT '角色ID',
  `menu_id` bigint(20) NOT NULL COMMENT '菜单ID',
  PRIMARY KEY (`role_id`, `menu_id`) USING BTREE
) ENGINE = InnoDB CHARACTER SET = utf8 COLLATE = utf8_general_ci COMMENT = '角色和菜单关联表' ROW_FORMAT = Dynamic;

-- ----------------------------
-- Records of sys_role_menu
-- ----------------------------
INSERT INTO `sys_role_menu` VALUES (2, 1);
INSERT INTO `sys_role_menu` VALUES (2, 2);
INSERT INTO `sys_role_menu` VALUES (2, 3);
INSERT INTO `sys_role_menu` VALUES (2, 100);
INSERT INTO `sys_role_menu` VALUES (2, 101);
INSERT INTO `sys_role_menu` VALUES (2, 102);
INSERT INTO `sys_role_menu` VALUES (2, 103);
INSERT INTO `sys_role_menu` VALUES (2, 104);
INSERT INTO `sys_role_menu` VALUES (2, 105);
INSERT INTO `sys_role_menu` VALUES (2, 106);
INSERT INTO `sys_role_menu` VALUES (2, 107);
INSERT INTO `sys_role_menu` VALUES (2, 108);
INSERT INTO `sys_role_menu` VALUES (2, 109);
INSERT INTO `sys_role_menu` VALUES (2, 110);
INSERT INTO `sys_role_menu` VALUES (2, 111);
INSERT INTO `sys_role_menu` VALUES (2, 112);
INSERT INTO `sys_role_menu` VALUES (2, 113);
INSERT INTO `sys_role_menu` VALUES (2, 114);
INSERT INTO `sys_role_menu` VALUES (2, 115);
INSERT INTO `sys_role_menu` VALUES (2, 500);
INSERT INTO `sys_role_menu` VALUES (2, 501);
INSERT INTO `sys_role_menu` VALUES (2, 1000);
INSERT INTO `sys_role_menu` VALUES (2, 1001);
INSERT INTO `sys_role_menu` VALUES (2, 1002);
INSERT INTO `sys_role_menu` VALUES (2, 1003);
INSERT INTO `sys_role_menu` VALUES (2, 1004);
INSERT INTO `sys_role_menu` VALUES (2, 1005);
INSERT INTO `sys_role_menu` VALUES (2, 1006);
INSERT INTO `sys_role_menu` VALUES (2, 1007);
INSERT INTO `sys_role_menu` VALUES (2, 1008);
INSERT INTO `sys_role_menu` VALUES (2, 1009);
INSERT INTO `sys_role_menu` VALUES (2, 1010);
INSERT INTO `sys_role_menu` VALUES (2, 1011);
INSERT INTO `sys_role_menu` VALUES (2, 1012);
INSERT INTO `sys_role_menu` VALUES (2, 1013);
INSERT INTO `sys_role_menu` VALUES (2, 1014);
INSERT INTO `sys_role_menu` VALUES (2, 1015);
INSERT INTO `sys_role_menu` VALUES (2, 1016);
INSERT INTO `sys_role_menu` VALUES (2, 1017);
INSERT INTO `sys_role_menu` VALUES (2, 1018);
INSERT INTO `sys_role_menu` VALUES (2, 1019);
INSERT INTO `sys_role_menu` VALUES (2, 1020);
INSERT INTO `sys_role_menu` VALUES (2, 1021);
INSERT INTO `sys_role_menu` VALUES (2, 1022);
INSERT INTO `sys_role_menu` VALUES (2, 1023);
INSERT INTO `sys_role_menu` VALUES (2, 1024);
INSERT INTO `sys_role_menu` VALUES (2, 1025);
INSERT INTO `sys_role_menu` VALUES (2, 1026);
INSERT INTO `sys_role_menu` VALUES (2, 1027);
INSERT INTO `sys_role_menu` VALUES (2, 1028);
INSERT INTO `sys_role_menu` VALUES (2, 1029);
INSERT INTO `sys_role_menu` VALUES (2, 1030);
INSERT INTO `sys_role_menu` VALUES (2, 1031);
INSERT INTO `sys_role_menu` VALUES (2, 1032);
INSERT INTO `sys_role_menu` VALUES (2, 1033);
INSERT INTO `sys_role_menu` VALUES (2, 1034);
INSERT INTO `sys_role_menu` VALUES (2, 1035);
INSERT INTO `sys_role_menu` VALUES (2, 1036);
INSERT INTO `sys_role_menu` VALUES (2, 1037);
INSERT INTO `sys_role_menu` VALUES (2, 1038);
INSERT INTO `sys_role_menu` VALUES (2, 1039);
INSERT INTO `sys_role_menu` VALUES (2, 1040);
INSERT INTO `sys_role_menu` VALUES (2, 1041);
INSERT INTO `sys_role_menu` VALUES (2, 1042);
INSERT INTO `sys_role_menu` VALUES (2, 1043);
INSERT INTO `sys_role_menu` VALUES (2, 1044);
INSERT INTO `sys_role_menu` VALUES (2, 1045);
INSERT INTO `sys_role_menu` VALUES (2, 1046);
INSERT INTO `sys_role_menu` VALUES (2, 1047);
INSERT INTO `sys_role_menu` VALUES (2, 1048);
INSERT INTO `sys_role_menu` VALUES (2, 1049);
INSERT INTO `sys_role_menu` VALUES (2, 1050);
INSERT INTO `sys_role_menu` VALUES (2, 1051);
INSERT INTO `sys_role_menu` VALUES (2, 1052);
INSERT INTO `sys_role_menu` VALUES (2, 1053);
INSERT INTO `sys_role_menu` VALUES (2, 1054);
INSERT INTO `sys_role_menu` VALUES (2, 1055);
INSERT INTO `sys_role_menu` VALUES (2, 1056);
INSERT INTO `sys_role_menu` VALUES (2, 1057);
INSERT INTO `sys_role_menu` VALUES (2, 1058);
INSERT INTO `sys_role_menu` VALUES (2, 1059);
INSERT INTO `sys_role_menu` VALUES (2, 1060);
INSERT INTO `sys_role_menu` VALUES (2, 1061);

-- ----------------------------
-- Table structure for sys_user
-- ----------------------------
DROP TABLE IF EXISTS `sys_user`;
CREATE TABLE `sys_user`  (
  `user_id` bigint(20) NOT NULL AUTO_INCREMENT COMMENT '用户ID',
  `dept_id` bigint(20) NULL DEFAULT NULL COMMENT '部门ID',
  `login_name` varchar(30) CHARACTER SET utf8 COLLATE utf8_general_ci NOT NULL COMMENT '登录账号',
  `user_name` varchar(30) CHARACTER SET utf8 COLLATE utf8_general_ci NOT NULL COMMENT '用户昵称',
  `user_type` varchar(2) CHARACTER SET utf8 COLLATE utf8_general_ci NULL DEFAULT '00' COMMENT '用户类型（00系统用户）',
  `email` varchar(50) CHARACTER SET utf8 COLLATE utf8_general_ci NULL DEFAULT '' COMMENT '用户邮箱',
  `phonenumber` varchar(11) CHARACTER SET utf8 COLLATE utf8_general_ci NULL DEFAULT '' COMMENT '手机号码',
  `sex` char(1) CHARACTER SET utf8 COLLATE utf8_general_ci NULL DEFAULT '0' COMMENT '用户性别（0男 1女 2未知）',
  `avatar` varchar(100) CHARACTER SET utf8 COLLATE utf8_general_ci NULL DEFAULT '' COMMENT '头像路径',
  `password` varchar(50) CHARACTER SET utf8 COLLATE utf8_general_ci NULL DEFAULT '' COMMENT '密码',
  `salt` varchar(20) CHARACTER SET utf8 COLLATE utf8_general_ci NULL DEFAULT '' COMMENT '盐加密',
  `status` char(1) CHARACTER SET utf8 COLLATE utf8_general_ci NULL DEFAULT '0' COMMENT '帐号状态（0正常 1停用）',
  `del_flag` char(1) CHARACTER SET utf8 COLLATE utf8_general_ci NULL DEFAULT '0' COMMENT '删除标志（0代表存在 2代表删除）',
  `login_ip` varchar(50) CHARACTER SET utf8 COLLATE utf8_general_ci NULL DEFAULT '' COMMENT '最后登陆IP',
  `login_date` datetime(0) NULL DEFAULT NULL COMMENT '最后登陆时间',
  `create_by` varchar(64) CHARACTER SET utf8 COLLATE utf8_general_ci NULL DEFAULT '' COMMENT '创建者',
  `create_time` datetime(0) NULL DEFAULT NULL COMMENT '创建时间',
  `update_by` varchar(64) CHARACTER SET utf8 COLLATE utf8_general_ci NULL DEFAULT '' COMMENT '更新者',
  `update_time` datetime(0) NULL DEFAULT NULL COMMENT '更新时间',
  `remark` varchar(500) CHARACTER SET utf8 COLLATE utf8_general_ci NULL DEFAULT NULL COMMENT '备注',
  PRIMARY KEY (`user_id`) USING BTREE
) ENGINE = InnoDB AUTO_INCREMENT = 101 CHARACTER SET = utf8 COLLATE = utf8_general_ci COMMENT = '用户信息表' ROW_FORMAT = Dynamic;

-- ----------------------------
-- Records of sys_user
-- ----------------------------
INSERT INTO `sys_user` VALUES (1, 103, 'admin', '若依', '00', 'ry@163.com', '15888888888', '1', '', '29c67a30398638269fe600f73a054934', '111111', '0', '0', '127.0.0.1', '2020-01-18 14:22:19', 'admin', '2018-03-16 11:33:00', 'ry', '2020-01-18 14:22:18', '管理员');
INSERT INTO `sys_user` VALUES (2, 105, 'ry', '若依', '00', 'ry@qq.com', '15666666666', '1', '', '8e6d98b90472783cc73c17047ddccf36', '222222', '0', '0', '127.0.0.1', '2018-03-16 11:33:00', 'admin', '2018-03-16 11:33:00', 'ry', '2018-03-16 11:33:00', '测试员');
INSERT INTO `sys_user` VALUES (100, 108, 'postPark', 'admin', '00', '1174716221@qq.com', '13404151911', '0', '', '9cc8d531bb1f0dfa3bbabcc7def0dcb0', 'b8fec3', '0', '0', '', NULL, 'admin', '2020-01-15 10:54:24', '', NULL, NULL);

-- ----------------------------
-- Table structure for sys_user_online
-- ----------------------------
DROP TABLE IF EXISTS `sys_user_online`;
CREATE TABLE `sys_user_online`  (
  `sessionId` varchar(50) CHARACTER SET utf8 COLLATE utf8_general_ci NOT NULL DEFAULT '' COMMENT '用户会话id',
  `login_name` varchar(50) CHARACTER SET utf8 COLLATE utf8_general_ci NULL DEFAULT '' COMMENT '登录账号',
  `dept_name` varchar(50) CHARACTER SET utf8 COLLATE utf8_general_ci NULL DEFAULT '' COMMENT '部门名称',
  `ipaddr` varchar(50) CHARACTER SET utf8 COLLATE utf8_general_ci NULL DEFAULT '' COMMENT '登录IP地址',
  `login_location` varchar(255) CHARACTER SET utf8 COLLATE utf8_general_ci NULL DEFAULT '' COMMENT '登录地点',
  `browser` varchar(50) CHARACTER SET utf8 COLLATE utf8_general_ci NULL DEFAULT '' COMMENT '浏览器类型',
  `os` varchar(50) CHARACTER SET utf8 COLLATE utf8_general_ci NULL DEFAULT '' COMMENT '操作系统',
  `status` varchar(10) CHARACTER SET utf8 COLLATE utf8_general_ci NULL DEFAULT '' COMMENT '在线状态on_line在线off_line离线',
  `start_timestamp` datetime(0) NULL DEFAULT NULL COMMENT 'session创建时间',
  `last_access_time` datetime(0) NULL DEFAULT NULL COMMENT 'session最后访问时间',
  `expire_time` int(5) NULL DEFAULT 0 COMMENT '超时时间，单位为分钟',
  PRIMARY KEY (`sessionId`) USING BTREE
) ENGINE = InnoDB CHARACTER SET = utf8 COLLATE = utf8_general_ci COMMENT = '在线用户记录' ROW_FORMAT = Dynamic;

-- ----------------------------
-- Records of sys_user_online
-- ----------------------------
INSERT INTO `sys_user_online` VALUES ('2e1995ab-951b-4e46-a0fe-0abe780b5caa', 'admin', '研发部门', '127.0.0.1', '内网IP', 'Chrome', 'Windows 10', 'on_line', '2020-01-18 14:22:16', '2020-01-18 14:23:19', 1800000);
INSERT INTO `sys_user_online` VALUES ('92ec5d9e-c8a0-4323-aea6-0a6073a2a7f9', 'admin', '研发部门', '127.0.0.1', '内网IP', 'Chrome', 'Windows 10', 'on_line', '2020-01-18 14:02:27', '2020-01-18 14:18:42', 1800000);
INSERT INTO `sys_user_online` VALUES ('b9985ab2-8199-4912-9fbf-afe8e74d9bff', 'admin', '研发部门', '127.0.0.1', '内网IP', 'Chrome', 'Windows 10', 'on_line', '2020-01-18 13:52:10', '2020-01-18 13:57:34', 1800000);

-- ----------------------------
-- Table structure for sys_user_post
-- ----------------------------
DROP TABLE IF EXISTS `sys_user_post`;
CREATE TABLE `sys_user_post`  (
  `user_id` bigint(20) NOT NULL COMMENT '用户ID',
  `post_id` bigint(20) NOT NULL COMMENT '岗位ID',
  PRIMARY KEY (`user_id`, `post_id`) USING BTREE
) ENGINE = InnoDB CHARACTER SET = utf8 COLLATE = utf8_general_ci COMMENT = '用户与岗位关联表' ROW_FORMAT = Dynamic;

-- ----------------------------
-- Records of sys_user_post
-- ----------------------------
INSERT INTO `sys_user_post` VALUES (1, 1);
INSERT INTO `sys_user_post` VALUES (2, 2);

-- ----------------------------
-- Table structure for sys_user_role
-- ----------------------------
DROP TABLE IF EXISTS `sys_user_role`;
CREATE TABLE `sys_user_role`  (
  `user_id` bigint(20) NOT NULL COMMENT '用户ID',
  `role_id` bigint(20) NOT NULL COMMENT '角色ID',
  PRIMARY KEY (`user_id`, `role_id`) USING BTREE
) ENGINE = InnoDB CHARACTER SET = utf8 COLLATE = utf8_general_ci COMMENT = '用户和角色关联表' ROW_FORMAT = Dynamic;

-- ----------------------------
-- Records of sys_user_role
-- ----------------------------
INSERT INTO `sys_user_role` VALUES (1, 1);
INSERT INTO `sys_user_role` VALUES (2, 2);

SET FOREIGN_KEY_CHECKS = 1;
